// Code generated by protoc-gen-go. DO NOT EDIT.
// versions:
// 	protoc-gen-go v1.31.0
// 	protoc        (unknown)
// source: temporal/api/workflowservice/v1/service.proto

package workflowservice

import (
	_ "github.com/nexus-rpc/nexus-proto-annotations/go/nexusannotations/v1"
	_ "go.temporal.io/api/protometa/v1"
	_ "google.golang.org/genproto/googleapis/api/annotations"
	protoreflect "google.golang.org/protobuf/reflect/protoreflect"
	protoimpl "google.golang.org/protobuf/runtime/protoimpl"
	reflect "reflect"
)

const (
	// Verify that this generated code is sufficiently up-to-date.
	_ = protoimpl.EnforceVersion(20 - protoimpl.MinVersion)
	// Verify that runtime/protoimpl is sufficiently up-to-date.
	_ = protoimpl.EnforceVersion(protoimpl.MaxVersion - 20)
)

var File_temporal_api_workflowservice_v1_service_proto protoreflect.FileDescriptor

var file_temporal_api_workflowservice_v1_service_proto_rawDesc = []byte{
	0x0a, 0x2d, 0x74, 0x65, 0x6d, 0x70, 0x6f, 0x72, 0x61, 0x6c, 0x2f, 0x61, 0x70, 0x69, 0x2f, 0x77,
	0x6f, 0x72, 0x6b, 0x66, 0x6c, 0x6f, 0x77, 0x73, 0x65, 0x72, 0x76, 0x69, 0x63, 0x65, 0x2f, 0x76,
	0x31, 0x2f, 0x73, 0x65, 0x72, 0x76, 0x69, 0x63, 0x65, 0x2e, 0x70, 0x72, 0x6f, 0x74, 0x6f, 0x12,
	0x1f, 0x74, 0x65, 0x6d, 0x70, 0x6f, 0x72, 0x61, 0x6c, 0x2e, 0x61, 0x70, 0x69, 0x2e, 0x77, 0x6f,
	0x72, 0x6b, 0x66, 0x6c, 0x6f, 0x77, 0x73, 0x65, 0x72, 0x76, 0x69, 0x63, 0x65, 0x2e, 0x76, 0x31,
	0x1a, 0x1c, 0x67, 0x6f, 0x6f, 0x67, 0x6c, 0x65, 0x2f, 0x61, 0x70, 0x69, 0x2f, 0x61, 0x6e, 0x6e,
	0x6f, 0x74, 0x61, 0x74, 0x69, 0x6f, 0x6e, 0x73, 0x2e, 0x70, 0x72, 0x6f, 0x74, 0x6f, 0x1a, 0x21,
	0x6e, 0x65, 0x78, 0x75, 0x73, 0x61, 0x6e, 0x6e, 0x6f, 0x74, 0x61, 0x74, 0x69, 0x6f, 0x6e, 0x73,
	0x2f, 0x76, 0x31, 0x2f, 0x6f, 0x70, 0x74, 0x69, 0x6f, 0x6e, 0x73, 0x2e, 0x70, 0x72, 0x6f, 0x74,
	0x6f, 0x1a, 0x2b, 0x74, 0x65, 0x6d, 0x70, 0x6f, 0x72, 0x61, 0x6c, 0x2f, 0x61, 0x70, 0x69, 0x2f,
	0x70, 0x72, 0x6f, 0x74, 0x6f, 0x6d, 0x65, 0x74, 0x61, 0x2f, 0x76, 0x31, 0x2f, 0x61, 0x6e, 0x6e,
	0x6f, 0x74, 0x61, 0x74, 0x69, 0x6f, 0x6e, 0x73, 0x2e, 0x70, 0x72, 0x6f, 0x74, 0x6f, 0x1a, 0x36,
	0x74, 0x65, 0x6d, 0x70, 0x6f, 0x72, 0x61, 0x6c, 0x2f, 0x61, 0x70, 0x69, 0x2f, 0x77, 0x6f, 0x72,
	0x6b, 0x66, 0x6c, 0x6f, 0x77, 0x73, 0x65, 0x72, 0x76, 0x69, 0x63, 0x65, 0x2f, 0x76, 0x31, 0x2f,
	0x72, 0x65, 0x71, 0x75, 0x65, 0x73, 0x74, 0x5f, 0x72, 0x65, 0x73, 0x70, 0x6f, 0x6e, 0x73, 0x65,
	0x2e, 0x70, 0x72, 0x6f, 0x74, 0x6f, 0x32, 0xdc, 0xb2, 0x02, 0x0a, 0x0f, 0x57, 0x6f, 0x72, 0x6b,
	0x66, 0x6c, 0x6f, 0x77, 0x53, 0x65, 0x72, 0x76, 0x69, 0x63, 0x65, 0x12, 0xc3, 0x01, 0x0a, 0x11,
	0x52, 0x65, 0x67, 0x69, 0x73, 0x74, 0x65, 0x72, 0x4e, 0x61, 0x6d, 0x65, 0x73, 0x70, 0x61, 0x63,
	0x65, 0x12, 0x39, 0x2e, 0x74, 0x65, 0x6d, 0x70, 0x6f, 0x72, 0x61, 0x6c, 0x2e, 0x61, 0x70, 0x69,
	0x2e, 0x77, 0x6f, 0x72, 0x6b, 0x66, 0x6c, 0x6f, 0x77, 0x73, 0x65, 0x72, 0x76, 0x69, 0x63, 0x65,
	0x2e, 0x76, 0x31, 0x2e, 0x52, 0x65, 0x67, 0x69, 0x73, 0x74, 0x65, 0x72, 0x4e, 0x61, 0x6d, 0x65,
	0x73, 0x70, 0x61, 0x63, 0x65, 0x52, 0x65, 0x71, 0x75, 0x65, 0x73, 0x74, 0x1a, 0x3a, 0x2e, 0x74,
	0x65, 0x6d, 0x70, 0x6f, 0x72, 0x61, 0x6c, 0x2e, 0x61, 0x70, 0x69, 0x2e, 0x77, 0x6f, 0x72, 0x6b,
	0x66, 0x6c, 0x6f, 0x77, 0x73, 0x65, 0x72, 0x76, 0x69, 0x63, 0x65, 0x2e, 0x76, 0x31, 0x2e, 0x52,
	0x65, 0x67, 0x69, 0x73, 0x74, 0x65, 0x72, 0x4e, 0x61, 0x6d, 0x65, 0x73, 0x70, 0x61, 0x63, 0x65,
	0x52, 0x65, 0x73, 0x70, 0x6f, 0x6e, 0x73, 0x65, 0x22, 0x37, 0x82, 0xd3, 0xe4, 0x93, 0x02, 0x31,
	0x3a, 0x01, 0x2a, 0x5a, 0x17, 0x3a, 0x01, 0x2a, 0x22, 0x12, 0x2f, 0x61, 0x70, 0x69, 0x2f, 0x76,
	0x31, 0x2f, 0x6e, 0x61, 0x6d, 0x65, 0x73, 0x70, 0x61, 0x63, 0x65, 0x73, 0x22, 0x13, 0x2f, 0x63,
	0x6c, 0x75, 0x73, 0x74, 0x65, 0x72, 0x2f, 0x6e, 0x61, 0x6d, 0x65, 0x73, 0x70, 0x61, 0x63, 0x65,
	0x73, 0x12, 0xd5, 0x01, 0x0a, 0x11, 0x44, 0x65, 0x73, 0x63, 0x72, 0x69, 0x62, 0x65, 0x4e, 0x61,
	0x6d, 0x65, 0x73, 0x70, 0x61, 0x63, 0x65, 0x12, 0x39, 0x2e, 0x74, 0x65, 0x6d, 0x70, 0x6f, 0x72,
	0x61, 0x6c, 0x2e, 0x61, 0x70, 0x69, 0x2e, 0x77, 0x6f, 0x72, 0x6b, 0x66, 0x6c, 0x6f, 0x77, 0x73,
	0x65, 0x72, 0x76, 0x69, 0x63, 0x65, 0x2e, 0x76, 0x31, 0x2e, 0x44, 0x65, 0x73, 0x63, 0x72, 0x69,
	0x62, 0x65, 0x4e, 0x61, 0x6d, 0x65, 0x73, 0x70, 0x61, 0x63, 0x65, 0x52, 0x65, 0x71, 0x75, 0x65,
	0x73, 0x74, 0x1a, 0x3a, 0x2e, 0x74, 0x65, 0x6d, 0x70, 0x6f, 0x72, 0x61, 0x6c, 0x2e, 0x61, 0x70,
	0x69, 0x2e, 0x77, 0x6f, 0x72, 0x6b, 0x66, 0x6c, 0x6f, 0x77, 0x73, 0x65, 0x72, 0x76, 0x69, 0x63,
	0x65, 0x2e, 0x76, 0x31, 0x2e, 0x44, 0x65, 0x73, 0x63, 0x72, 0x69, 0x62, 0x65, 0x4e, 0x61, 0x6d,
	0x65, 0x73, 0x70, 0x61, 0x63, 0x65, 0x52, 0x65, 0x73, 0x70, 0x6f, 0x6e, 0x73, 0x65, 0x22, 0x49,
	0x82, 0xd3, 0xe4, 0x93, 0x02, 0x43, 0x5a, 0x20, 0x12, 0x1e, 0x2f, 0x61, 0x70, 0x69, 0x2f, 0x76,
	0x31, 0x2f, 0x6e, 0x61, 0x6d, 0x65, 0x73, 0x70, 0x61, 0x63, 0x65, 0x73, 0x2f, 0x7b, 0x6e, 0x61,
	0x6d, 0x65, 0x73, 0x70, 0x61, 0x63, 0x65, 0x7d, 0x12, 0x1f, 0x2f, 0x63, 0x6c, 0x75, 0x73, 0x74,
	0x65, 0x72, 0x2f, 0x6e, 0x61, 0x6d, 0x65, 0x73, 0x70, 0x61, 0x63, 0x65, 0x73, 0x2f, 0x7b, 0x6e,
	0x61, 0x6d, 0x65, 0x73, 0x70, 0x61, 0x63, 0x65, 0x7d, 0x12, 0xb4, 0x01, 0x0a, 0x0e, 0x4c, 0x69,
	0x73, 0x74, 0x4e, 0x61, 0x6d, 0x65, 0x73, 0x70, 0x61, 0x63, 0x65, 0x73, 0x12, 0x36, 0x2e, 0x74,
	0x65, 0x6d, 0x70, 0x6f, 0x72, 0x61, 0x6c, 0x2e, 0x61, 0x70, 0x69, 0x2e, 0x77, 0x6f, 0x72, 0x6b,
	0x66, 0x6c, 0x6f, 0x77, 0x73, 0x65, 0x72, 0x76, 0x69, 0x63, 0x65, 0x2e, 0x76, 0x31, 0x2e, 0x4c,
	0x69, 0x73, 0x74, 0x4e, 0x61, 0x6d, 0x65, 0x73, 0x70, 0x61, 0x63, 0x65, 0x73, 0x52, 0x65, 0x71,
	0x75, 0x65, 0x73, 0x74, 0x1a, 0x37, 0x2e, 0x74, 0x65, 0x6d, 0x70, 0x6f, 0x72, 0x61, 0x6c, 0x2e,
	0x61, 0x70, 0x69, 0x2e, 0x77, 0x6f, 0x72, 0x6b, 0x66, 0x6c, 0x6f, 0x77, 0x73, 0x65, 0x72, 0x76,
	0x69, 0x63, 0x65, 0x2e, 0x76, 0x31, 0x2e, 0x4c, 0x69, 0x73, 0x74, 0x4e, 0x61, 0x6d, 0x65, 0x73,
	0x70, 0x61, 0x63, 0x65, 0x73, 0x52, 0x65, 0x73, 0x70, 0x6f, 0x6e, 0x73, 0x65, 0x22, 0x31, 0x82,
	0xd3, 0xe4, 0x93, 0x02, 0x2b, 0x5a, 0x14, 0x12, 0x12, 0x2f, 0x61, 0x70, 0x69, 0x2f, 0x76, 0x31,
	0x2f, 0x6e, 0x61, 0x6d, 0x65, 0x73, 0x70, 0x61, 0x63, 0x65, 0x73, 0x12, 0x13, 0x2f, 0x63, 0x6c,
	0x75, 0x73, 0x74, 0x65, 0x72, 0x2f, 0x6e, 0x61, 0x6d, 0x65, 0x73, 0x70, 0x61, 0x63, 0x65, 0x73,
	0x12, 0xe3, 0x01, 0x0a, 0x0f, 0x55, 0x70, 0x64, 0x61, 0x74, 0x65, 0x4e, 0x61, 0x6d, 0x65, 0x73,
	0x70, 0x61, 0x63, 0x65, 0x12, 0x37, 0x2e, 0x74, 0x65, 0x6d, 0x70, 0x6f, 0x72, 0x61, 0x6c, 0x2e,
	0x61, 0x70, 0x69, 0x2e, 0x77, 0x6f, 0x72, 0x6b, 0x66, 0x6c, 0x6f, 0x77, 0x73, 0x65, 0x72, 0x76,
	0x69, 0x63, 0x65, 0x2e, 0x76, 0x31, 0x2e, 0x55, 0x70, 0x64, 0x61, 0x74, 0x65, 0x4e, 0x61, 0x6d,
	0x65, 0x73, 0x70, 0x61, 0x63, 0x65, 0x52, 0x65, 0x71, 0x75, 0x65, 0x73, 0x74, 0x1a, 0x38, 0x2e,
	0x74, 0x65, 0x6d, 0x70, 0x6f, 0x72, 0x61, 0x6c, 0x2e, 0x61, 0x70, 0x69, 0x2e, 0x77, 0x6f, 0x72,
	0x6b, 0x66, 0x6c, 0x6f, 0x77, 0x73, 0x65, 0x72, 0x76, 0x69, 0x63, 0x65, 0x2e, 0x76, 0x31, 0x2e,
	0x55, 0x70, 0x64, 0x61, 0x74, 0x65, 0x4e, 0x61, 0x6d, 0x65, 0x73, 0x70, 0x61, 0x63, 0x65, 0x52,
	0x65, 0x73, 0x70, 0x6f, 0x6e, 0x73, 0x65, 0x22, 0x5d, 0x82, 0xd3, 0xe4, 0x93, 0x02, 0x57, 0x3a,
	0x01, 0x2a, 0x5a, 0x2a, 0x3a, 0x01, 0x2a, 0x22, 0x25, 0x2f, 0x61, 0x70, 0x69, 0x2f, 0x76, 0x31,
	0x2f, 0x6e, 0x61, 0x6d, 0x65, 0x73, 0x70, 0x61, 0x63, 0x65, 0x73, 0x2f, 0x7b, 0x6e, 0x61, 0x6d,
	0x65, 0x73, 0x70, 0x61, 0x63, 0x65, 0x7d, 0x2f, 0x75, 0x70, 0x64, 0x61, 0x74, 0x65, 0x22, 0x26,
	0x2f, 0x63, 0x6c, 0x75, 0x73, 0x74, 0x65, 0x72, 0x2f, 0x6e, 0x61, 0x6d, 0x65, 0x73, 0x70, 0x61,
	0x63, 0x65, 0x73, 0x2f, 0x7b, 0x6e, 0x61, 0x6d, 0x65, 0x73, 0x70, 0x61, 0x63, 0x65, 0x7d, 0x2f,
	0x75, 0x70, 0x64, 0x61, 0x74, 0x65, 0x12, 0x8f, 0x01, 0x0a, 0x12, 0x44, 0x65, 0x70, 0x72, 0x65,
	0x63, 0x61, 0x74, 0x65, 0x4e, 0x61, 0x6d, 0x65, 0x73, 0x70, 0x61, 0x63, 0x65, 0x12, 0x3a, 0x2e,
	0x74, 0x65, 0x6d, 0x70, 0x6f, 0x72, 0x61, 0x6c, 0x2e, 0x61, 0x70, 0x69, 0x2e, 0x77, 0x6f, 0x72,
	0x6b, 0x66, 0x6c, 0x6f, 0x77, 0x73, 0x65, 0x72, 0x76, 0x69, 0x63, 0x65, 0x2e, 0x76, 0x31, 0x2e,
	0x44, 0x65, 0x70, 0x72, 0x65, 0x63, 0x61, 0x74, 0x65, 0x4e, 0x61, 0x6d, 0x65, 0x73, 0x70, 0x61,
	0x63, 0x65, 0x52, 0x65, 0x71, 0x75, 0x65, 0x73, 0x74, 0x1a, 0x3b, 0x2e, 0x74, 0x65, 0x6d, 0x70,
	0x6f, 0x72, 0x61, 0x6c, 0x2e, 0x61, 0x70, 0x69, 0x2e, 0x77, 0x6f, 0x72, 0x6b, 0x66, 0x6c, 0x6f,
	0x77, 0x73, 0x65, 0x72, 0x76, 0x69, 0x63, 0x65, 0x2e, 0x76, 0x31, 0x2e, 0x44, 0x65, 0x70, 0x72,
	0x65, 0x63, 0x61, 0x74, 0x65, 0x4e, 0x61, 0x6d, 0x65, 0x73, 0x70, 0x61, 0x63, 0x65, 0x52, 0x65,
	0x73, 0x70, 0x6f, 0x6e, 0x73, 0x65, 0x22, 0x00, 0x12, 0xc6, 0x02, 0x0a, 0x16, 0x53, 0x74, 0x61,
	0x72, 0x74, 0x57, 0x6f, 0x72, 0x6b, 0x66, 0x6c, 0x6f, 0x77, 0x45, 0x78, 0x65, 0x63, 0x75, 0x74,
	0x69, 0x6f, 0x6e, 0x12, 0x3e, 0x2e, 0x74, 0x65, 0x6d, 0x70, 0x6f, 0x72, 0x61, 0x6c, 0x2e, 0x61,
	0x70, 0x69, 0x2e, 0x77, 0x6f, 0x72, 0x6b, 0x66, 0x6c, 0x6f, 0x77, 0x73, 0x65, 0x72, 0x76, 0x69,
	0x63, 0x65, 0x2e, 0x76, 0x31, 0x2e, 0x53, 0x74, 0x61, 0x72, 0x74, 0x57, 0x6f, 0x72, 0x6b, 0x66,
	0x6c, 0x6f, 0x77, 0x45, 0x78, 0x65, 0x63, 0x75, 0x74, 0x69, 0x6f, 0x6e, 0x52, 0x65, 0x71, 0x75,
	0x65, 0x73, 0x74, 0x1a, 0x3f, 0x2e, 0x74, 0x65, 0x6d, 0x70, 0x6f, 0x72, 0x61, 0x6c, 0x2e, 0x61,
	0x70, 0x69, 0x2e, 0x77, 0x6f, 0x72, 0x6b, 0x66, 0x6c, 0x6f, 0x77, 0x73, 0x65, 0x72, 0x76, 0x69,
	0x63, 0x65, 0x2e, 0x76, 0x31, 0x2e, 0x53, 0x74, 0x61, 0x72, 0x74, 0x57, 0x6f, 0x72, 0x6b, 0x66,
	0x6c, 0x6f, 0x77, 0x45, 0x78, 0x65, 0x63, 0x75, 0x74, 0x69, 0x6f, 0x6e, 0x52, 0x65, 0x73, 0x70,
	0x6f, 0x6e, 0x73, 0x65, 0x22, 0xaa, 0x01, 0x8a, 0x9d, 0xcc, 0x1b, 0x2e, 0x0a, 0x14, 0x74, 0x65,
	0x6d, 0x70, 0x6f, 0x72, 0x61, 0x6c, 0x2d, 0x72, 0x65, 0x73, 0x6f, 0x75, 0x72, 0x63, 0x65, 0x2d,
	0x69, 0x64, 0x12, 0x16, 0x77, 0x6f, 0x72, 0x6b, 0x66, 0x6c, 0x6f, 0x77, 0x3a, 0x7b, 0x77, 0x6f,
	0x72, 0x6b, 0x66, 0x6c, 0x6f, 0x77, 0x5f, 0x69, 0x64, 0x7d, 0x82, 0xd3, 0xe4, 0x93, 0x02, 0x71,
	0x3a, 0x01, 0x2a, 0x5a, 0x3b, 0x3a, 0x01, 0x2a, 0x22, 0x36, 0x2f, 0x61, 0x70, 0x69, 0x2f, 0x76,
	0x31, 0x2f, 0x6e, 0x61, 0x6d, 0x65, 0x73, 0x70, 0x61, 0x63, 0x65, 0x73, 0x2f, 0x7b, 0x6e, 0x61,
	0x6d, 0x65, 0x73, 0x70, 0x61, 0x63, 0x65, 0x7d, 0x2f, 0x77, 0x6f, 0x72, 0x6b, 0x66, 0x6c, 0x6f,
	0x77, 0x73, 0x2f, 0x7b, 0x77, 0x6f, 0x72, 0x6b, 0x66, 0x6c, 0x6f, 0x77, 0x5f, 0x69, 0x64, 0x7d,
	0x22, 0x2f, 0x2f, 0x6e, 0x61, 0x6d, 0x65, 0x73, 0x70, 0x61, 0x63, 0x65, 0x73, 0x2f, 0x7b, 0x6e,
	0x61, 0x6d, 0x65, 0x73, 0x70, 0x61, 0x63, 0x65, 0x7d, 0x2f, 0x77, 0x6f, 0x72, 0x6b, 0x66, 0x6c,
	0x6f, 0x77, 0x73, 0x2f, 0x7b, 0x77, 0x6f, 0x72, 0x6b, 0x66, 0x6c, 0x6f, 0x77, 0x5f, 0x69, 0x64,
	0x7d, 0x12, 0xc2, 0x01, 0x0a, 0x15, 0x45, 0x78, 0x65, 0x63, 0x75, 0x74, 0x65, 0x4d, 0x75, 0x6c,
	0x74, 0x69, 0x4f, 0x70, 0x65, 0x72, 0x61, 0x74, 0x69, 0x6f, 0x6e, 0x12, 0x3d, 0x2e, 0x74, 0x65,
	0x6d, 0x70, 0x6f, 0x72, 0x61, 0x6c, 0x2e, 0x61, 0x70, 0x69, 0x2e, 0x77, 0x6f, 0x72, 0x6b, 0x66,
	0x6c, 0x6f, 0x77, 0x73, 0x65, 0x72, 0x76, 0x69, 0x63, 0x65, 0x2e, 0x76, 0x31, 0x2e, 0x45, 0x78,
	0x65, 0x63, 0x75, 0x74, 0x65, 0x4d, 0x75, 0x6c, 0x74, 0x69, 0x4f, 0x70, 0x65, 0x72, 0x61, 0x74,
	0x69, 0x6f, 0x6e, 0x52, 0x65, 0x71, 0x75, 0x65, 0x73, 0x74, 0x1a, 0x3e, 0x2e, 0x74, 0x65, 0x6d,
	0x70, 0x6f, 0x72, 0x61, 0x6c, 0x2e, 0x61, 0x70, 0x69, 0x2e, 0x77, 0x6f, 0x72, 0x6b, 0x66, 0x6c,
	0x6f, 0x77, 0x73, 0x65, 0x72, 0x76, 0x69, 0x63, 0x65, 0x2e, 0x76, 0x31, 0x2e, 0x45, 0x78, 0x65,
	0x63, 0x75, 0x74, 0x65, 0x4d, 0x75, 0x6c, 0x74, 0x69, 0x4f, 0x70, 0x65, 0x72, 0x61, 0x74, 0x69,
	0x6f, 0x6e, 0x52, 0x65, 0x73, 0x70, 0x6f, 0x6e, 0x73, 0x65, 0x22, 0x2a, 0x8a, 0x9d, 0xcc, 0x1b,
	0x25, 0x0a, 0x14, 0x74, 0x65, 0x6d, 0x70, 0x6f, 0x72, 0x61, 0x6c, 0x2d, 0x72, 0x65, 0x73, 0x6f,
	0x75, 0x72, 0x63, 0x65, 0x2d, 0x69, 0x64, 0x12, 0x0d, 0x7b, 0x72, 0x65, 0x73, 0x6f, 0x75, 0x72,
	0x63, 0x65, 0x5f, 0x69, 0x64, 0x7d, 0x12, 0xfe, 0x02, 0x0a, 0x1b, 0x47, 0x65, 0x74, 0x57, 0x6f,
	0x72, 0x6b, 0x66, 0x6c, 0x6f, 0x77, 0x45, 0x78, 0x65, 0x63, 0x75, 0x74, 0x69, 0x6f, 0x6e, 0x48,
	0x69, 0x73, 0x74, 0x6f, 0x72, 0x79, 0x12, 0x43, 0x2e, 0x74, 0x65, 0x6d, 0x70, 0x6f, 0x72, 0x61,
	0x6c, 0x2e, 0x61, 0x70, 0x69, 0x2e, 0x77, 0x6f, 0x72, 0x6b, 0x66, 0x6c, 0x6f, 0x77, 0x73, 0x65,
	0x72, 0x76, 0x69, 0x63, 0x65, 0x2e, 0x76, 0x31, 0x2e, 0x47, 0x65, 0x74, 0x57, 0x6f, 0x72, 0x6b,
	0x66, 0x6c, 0x6f, 0x77, 0x45, 0x78, 0x65, 0x63, 0x75, 0x74, 0x69, 0x6f, 0x6e, 0x48, 0x69, 0x73,
	0x74, 0x6f, 0x72, 0x79, 0x52, 0x65, 0x71, 0x75, 0x65, 0x73, 0x74, 0x1a, 0x44, 0x2e, 0x74, 0x65,
	0x6d, 0x70, 0x6f, 0x72, 0x61, 0x6c, 0x2e, 0x61, 0x70, 0x69, 0x2e, 0x77, 0x6f, 0x72, 0x6b, 0x66,
	0x6c, 0x6f, 0x77, 0x73, 0x65, 0x72, 0x76, 0x69, 0x63, 0x65, 0x2e, 0x76, 0x31, 0x2e, 0x47, 0x65,
	0x74, 0x57, 0x6f, 0x72, 0x6b, 0x66, 0x6c, 0x6f, 0x77, 0x45, 0x78, 0x65, 0x63, 0x75, 0x74, 0x69,
	0x6f, 0x6e, 0x48, 0x69, 0x73, 0x74, 0x6f, 0x72, 0x79, 0x52, 0x65, 0x73, 0x70, 0x6f, 0x6e, 0x73,
	0x65, 0x22, 0xd3, 0x01, 0x8a, 0x9d, 0xcc, 0x1b, 0x38, 0x0a, 0x14, 0x74, 0x65, 0x6d, 0x70, 0x6f,
	0x72, 0x61, 0x6c, 0x2d, 0x72, 0x65, 0x73, 0x6f, 0x75, 0x72, 0x63, 0x65, 0x2d, 0x69, 0x64, 0x12,
	0x20, 0x77, 0x6f, 0x72, 0x6b, 0x66, 0x6c, 0x6f, 0x77, 0x3a, 0x7b, 0x65, 0x78, 0x65, 0x63, 0x75,
	0x74, 0x69, 0x6f, 0x6e, 0x2e, 0x77, 0x6f, 0x72, 0x6b, 0x66, 0x6c, 0x6f, 0x77, 0x5f, 0x69, 0x64,
	0x7d, 0x82, 0xd3, 0xe4, 0x93, 0x02, 0x8f, 0x01, 0x5a, 0x4a, 0x12, 0x48, 0x2f, 0x61, 0x70, 0x69,
	0x2f, 0x76, 0x31, 0x2f, 0x6e, 0x61, 0x6d, 0x65, 0x73, 0x70, 0x61, 0x63, 0x65, 0x73, 0x2f, 0x7b,
	0x6e, 0x61, 0x6d, 0x65, 0x73, 0x70, 0x61, 0x63, 0x65, 0x7d, 0x2f, 0x77, 0x6f, 0x72, 0x6b, 0x66,
	0x6c, 0x6f, 0x77, 0x73, 0x2f, 0x7b, 0x65, 0x78, 0x65, 0x63, 0x75, 0x74, 0x69, 0x6f, 0x6e, 0x2e,
	0x77, 0x6f, 0x72, 0x6b, 0x66, 0x6c, 0x6f, 0x77, 0x5f, 0x69, 0x64, 0x7d, 0x2f, 0x68, 0x69, 0x73,
	0x74, 0x6f, 0x72, 0x79, 0x12, 0x41, 0x2f, 0x6e, 0x61, 0x6d, 0x65, 0x73, 0x70, 0x61, 0x63, 0x65,
	0x73, 0x2f, 0x7b, 0x6e, 0x61, 0x6d, 0x65, 0x73, 0x70, 0x61, 0x63, 0x65, 0x7d, 0x2f, 0x77, 0x6f,
	0x72, 0x6b, 0x66, 0x6c, 0x6f, 0x77, 0x73, 0x2f, 0x7b, 0x65, 0x78, 0x65, 0x63, 0x75, 0x74, 0x69,
	0x6f, 0x6e, 0x2e, 0x77, 0x6f, 0x72, 0x6b, 0x66, 0x6c, 0x6f, 0x77, 0x5f, 0x69, 0x64, 0x7d, 0x2f,
	0x68, 0x69, 0x73, 0x74, 0x6f, 0x72, 0x79, 0x12, 0xa3, 0x03, 0x0a, 0x22, 0x47, 0x65, 0x74, 0x57,
	0x6f, 0x72, 0x6b, 0x66, 0x6c, 0x6f, 0x77, 0x45, 0x78, 0x65, 0x63, 0x75, 0x74, 0x69, 0x6f, 0x6e,
	0x48, 0x69, 0x73, 0x74, 0x6f, 0x72, 0x79, 0x52, 0x65, 0x76, 0x65, 0x72, 0x73, 0x65, 0x12, 0x4a,
	0x2e, 0x74, 0x65, 0x6d, 0x70, 0x6f, 0x72, 0x61, 0x6c, 0x2e, 0x61, 0x70, 0x69, 0x2e, 0x77, 0x6f,
	0x72, 0x6b, 0x66, 0x6c, 0x6f, 0x77, 0x73, 0x65, 0x72, 0x76, 0x69, 0x63, 0x65, 0x2e, 0x76, 0x31,
	0x2e, 0x47, 0x65, 0x74, 0x57, 0x6f, 0x72, 0x6b, 0x66, 0x6c, 0x6f, 0x77, 0x45, 0x78, 0x65, 0x63,
	0x75, 0x74, 0x69, 0x6f, 0x6e, 0x48, 0x69, 0x73, 0x74, 0x6f, 0x72, 0x79, 0x52, 0x65, 0x76, 0x65,
	0x72, 0x73, 0x65, 0x52, 0x65, 0x71, 0x75, 0x65, 0x73, 0x74, 0x1a, 0x4b, 0x2e, 0x74, 0x65, 0x6d,
	0x70, 0x6f, 0x72, 0x61, 0x6c, 0x2e, 0x61, 0x70, 0x69, 0x2e, 0x77, 0x6f, 0x72, 0x6b, 0x66, 0x6c,
	0x6f, 0x77, 0x73, 0x65, 0x72, 0x76, 0x69, 0x63, 0x65, 0x2e, 0x76, 0x31, 0x2e, 0x47, 0x65, 0x74,
	0x57, 0x6f, 0x72, 0x6b, 0x66, 0x6c, 0x6f, 0x77, 0x45, 0x78, 0x65, 0x63, 0x75, 0x74, 0x69, 0x6f,
	0x6e, 0x48, 0x69, 0x73, 0x74, 0x6f, 0x72, 0x79, 0x52, 0x65, 0x76, 0x65, 0x72, 0x73, 0x65, 0x52,
	0x65, 0x73, 0x70, 0x6f, 0x6e, 0x73, 0x65, 0x22, 0xe3, 0x01, 0x8a, 0x9d, 0xcc, 0x1b, 0x38, 0x0a,
	0x14, 0x74, 0x65, 0x6d, 0x70, 0x6f, 0x72, 0x61, 0x6c, 0x2d, 0x72, 0x65, 0x73, 0x6f, 0x75, 0x72,
	0x63, 0x65, 0x2d, 0x69, 0x64, 0x12, 0x20, 0x77, 0x6f, 0x72, 0x6b, 0x66, 0x6c, 0x6f, 0x77, 0x3a,
	0x7b, 0x65, 0x78, 0x65, 0x63, 0x75, 0x74, 0x69, 0x6f, 0x6e, 0x2e, 0x77, 0x6f, 0x72, 0x6b, 0x66,
	0x6c, 0x6f, 0x77, 0x5f, 0x69, 0x64, 0x7d, 0x82, 0xd3, 0xe4, 0x93, 0x02, 0x9f, 0x01, 0x5a, 0x52,
	0x12, 0x50, 0x2f, 0x61, 0x70, 0x69, 0x2f, 0x76, 0x31, 0x2f, 0x6e, 0x61, 0x6d, 0x65, 0x73, 0x70,
	0x61, 0x63, 0x65, 0x73, 0x2f, 0x7b, 0x6e, 0x61, 0x6d, 0x65, 0x73, 0x70, 0x61, 0x63, 0x65, 0x7d,
	0x2f, 0x77, 0x6f, 0x72, 0x6b, 0x66, 0x6c, 0x6f, 0x77, 0x73, 0x2f, 0x7b, 0x65, 0x78, 0x65, 0x63,
	0x75, 0x74, 0x69, 0x6f, 0x6e, 0x2e, 0x77, 0x6f, 0x72, 0x6b, 0x66, 0x6c, 0x6f, 0x77, 0x5f, 0x69,
	0x64, 0x7d, 0x2f, 0x68, 0x69, 0x73, 0x74, 0x6f, 0x72, 0x79, 0x2d, 0x72, 0x65, 0x76, 0x65, 0x72,
	0x73, 0x65, 0x12, 0x49, 0x2f, 0x6e, 0x61, 0x6d, 0x65, 0x73, 0x70, 0x61, 0x63, 0x65, 0x73, 0x2f,
	0x7b, 0x6e, 0x61, 0x6d, 0x65, 0x73, 0x70, 0x61, 0x63, 0x65, 0x7d, 0x2f, 0x77, 0x6f, 0x72, 0x6b,
	0x66, 0x6c, 0x6f, 0x77, 0x73, 0x2f, 0x7b, 0x65, 0x78, 0x65, 0x63, 0x75, 0x74, 0x69, 0x6f, 0x6e,
	0x2e, 0x77, 0x6f, 0x72, 0x6b, 0x66, 0x6c, 0x6f, 0x77, 0x5f, 0x69, 0x64, 0x7d, 0x2f, 0x68, 0x69,
	0x73, 0x74, 0x6f, 0x72, 0x79, 0x2d, 0x72, 0x65, 0x76, 0x65, 0x72, 0x73, 0x65, 0x12, 0xcd, 0x01,
	0x0a, 0x15, 0x50, 0x6f, 0x6c, 0x6c, 0x57, 0x6f, 0x72, 0x6b, 0x66, 0x6c, 0x6f, 0x77, 0x54, 0x61,
	0x73, 0x6b, 0x51, 0x75, 0x65, 0x75, 0x65, 0x12, 0x3d, 0x2e, 0x74, 0x65, 0x6d, 0x70, 0x6f, 0x72,
	0x61, 0x6c, 0x2e, 0x61, 0x70, 0x69, 0x2e, 0x77, 0x6f, 0x72, 0x6b, 0x66, 0x6c, 0x6f, 0x77, 0x73,
	0x65, 0x72, 0x76, 0x69, 0x63, 0x65, 0x2e, 0x76, 0x31, 0x2e, 0x50, 0x6f, 0x6c, 0x6c, 0x57, 0x6f,
	0x72, 0x6b, 0x66, 0x6c, 0x6f, 0x77, 0x54, 0x61, 0x73, 0x6b, 0x51, 0x75, 0x65, 0x75, 0x65, 0x52,
	0x65, 0x71, 0x75, 0x65, 0x73, 0x74, 0x1a, 0x3e, 0x2e, 0x74, 0x65, 0x6d, 0x70, 0x6f, 0x72, 0x61,
	0x6c, 0x2e, 0x61, 0x70, 0x69, 0x2e, 0x77, 0x6f, 0x72, 0x6b, 0x66, 0x6c, 0x6f, 0x77, 0x73, 0x65,
	0x72, 0x76, 0x69, 0x63, 0x65, 0x2e, 0x76, 0x31, 0x2e, 0x50, 0x6f, 0x6c, 0x6c, 0x57, 0x6f, 0x72,
	0x6b, 0x66, 0x6c, 0x6f, 0x77, 0x54, 0x61, 0x73, 0x6b, 0x51, 0x75, 0x65, 0x75, 0x65, 0x52, 0x65,
	0x73, 0x70, 0x6f, 0x6e, 0x73, 0x65, 0x22, 0x35, 0x8a, 0x9d, 0xcc, 0x1b, 0x30, 0x0a, 0x14, 0x74,
	0x65, 0x6d, 0x70, 0x6f, 0x72, 0x61, 0x6c, 0x2d, 0x72, 0x65, 0x73, 0x6f, 0x75, 0x72, 0x63, 0x65,
	0x2d, 0x69, 0x64, 0x12, 0x18, 0x70, 0x6f, 0x6c, 0x6c, 0x65, 0x72, 0x3a, 0x7b, 0x70, 0x6f, 0x6c,
	0x6c, 0x65, 0x72, 0x5f, 0x67, 0x72, 0x6f, 0x75, 0x70, 0x5f, 0x69, 0x64, 0x7d, 0x12, 0xd7, 0x01,
	0x0a, 0x1c, 0x52, 0x65, 0x73, 0x70, 0x6f, 0x6e, 0x64, 0x57, 0x6f, 0x72, 0x6b, 0x66, 0x6c, 0x6f,
	0x77, 0x54, 0x61, 0x73, 0x6b, 0x43, 0x6f, 0x6d, 0x70, 0x6c, 0x65, 0x74, 0x65, 0x64, 0x12, 0x44,
	0x2e, 0x74, 0x65, 0x6d, 0x70, 0x6f, 0x72, 0x61, 0x6c, 0x2e, 0x61, 0x70, 0x69, 0x2e, 0x77, 0x6f,
	0x72, 0x6b, 0x66, 0x6c, 0x6f, 0x77, 0x73, 0x65, 0x72, 0x76, 0x69, 0x63, 0x65, 0x2e, 0x76, 0x31,
	0x2e, 0x52, 0x65, 0x73, 0x70, 0x6f, 0x6e, 0x64, 0x57, 0x6f, 0x72, 0x6b, 0x66, 0x6c, 0x6f, 0x77,
	0x54, 0x61, 0x73, 0x6b, 0x43, 0x6f, 0x6d, 0x70, 0x6c, 0x65, 0x74, 0x65, 0x64, 0x52, 0x65, 0x71,
	0x75, 0x65, 0x73, 0x74, 0x1a, 0x45, 0x2e, 0x74, 0x65, 0x6d, 0x70, 0x6f, 0x72, 0x61, 0x6c, 0x2e,
	0x61, 0x70, 0x69, 0x2e, 0x77, 0x6f, 0x72, 0x6b, 0x66, 0x6c, 0x6f, 0x77, 0x73, 0x65, 0x72, 0x76,
	0x69, 0x63, 0x65, 0x2e, 0x76, 0x31, 0x2e, 0x52, 0x65, 0x73, 0x70, 0x6f, 0x6e, 0x64, 0x57, 0x6f,
	0x72, 0x6b, 0x66, 0x6c, 0x6f, 0x77, 0x54, 0x61, 0x73, 0x6b, 0x43, 0x6f, 0x6d, 0x70, 0x6c, 0x65,
	0x74, 0x65, 0x64, 0x52, 0x65, 0x73, 0x70, 0x6f, 0x6e, 0x73, 0x65, 0x22, 0x2a, 0x8a, 0x9d, 0xcc,
	0x1b, 0x25, 0x0a, 0x14, 0x74, 0x65, 0x6d, 0x70, 0x6f, 0x72, 0x61, 0x6c, 0x2d, 0x72, 0x65, 0x73,
	0x6f, 0x75, 0x72, 0x63, 0x65, 0x2d, 0x69, 0x64, 0x12, 0x0d, 0x7b, 0x72, 0x65, 0x73, 0x6f, 0x75,
	0x72, 0x63, 0x65, 0x5f, 0x69, 0x64, 0x7d, 0x12, 0xce, 0x01, 0x0a, 0x19, 0x52, 0x65, 0x73, 0x70,
	0x6f, 0x6e, 0x64, 0x57, 0x6f, 0x72, 0x6b, 0x66, 0x6c, 0x6f, 0x77, 0x54, 0x61, 0x73, 0x6b, 0x46,
	0x61, 0x69, 0x6c, 0x65, 0x64, 0x12, 0x41, 0x2e, 0x74, 0x65, 0x6d, 0x70, 0x6f, 0x72, 0x61, 0x6c,
	0x2e, 0x61, 0x70, 0x69, 0x2e, 0x77, 0x6f, 0x72, 0x6b, 0x66, 0x6c, 0x6f, 0x77, 0x73, 0x65, 0x72,
	0x76, 0x69, 0x63, 0x65, 0x2e, 0x76, 0x31, 0x2e, 0x52, 0x65, 0x73, 0x70, 0x6f, 0x6e, 0x64, 0x57,
	0x6f, 0x72, 0x6b, 0x66, 0x6c, 0x6f, 0x77, 0x54, 0x61, 0x73, 0x6b, 0x46, 0x61, 0x69, 0x6c, 0x65,
	0x64, 0x52, 0x65, 0x71, 0x75, 0x65, 0x73, 0x74, 0x1a, 0x42, 0x2e, 0x74, 0x65, 0x6d, 0x70, 0x6f,
	0x72, 0x61, 0x6c, 0x2e, 0x61, 0x70, 0x69, 0x2e, 0x77, 0x6f, 0x72, 0x6b, 0x66, 0x6c, 0x6f, 0x77,
	0x73, 0x65, 0x72, 0x76, 0x69, 0x63, 0x65, 0x2e, 0x76, 0x31, 0x2e, 0x52, 0x65, 0x73, 0x70, 0x6f,
	0x6e, 0x64, 0x57, 0x6f, 0x72, 0x6b, 0x66, 0x6c, 0x6f, 0x77, 0x54, 0x61, 0x73, 0x6b, 0x46, 0x61,
	0x69, 0x6c, 0x65, 0x64, 0x52, 0x65, 0x73, 0x70, 0x6f, 0x6e, 0x73, 0x65, 0x22, 0x2a, 0x8a, 0x9d,
	0xcc, 0x1b, 0x25, 0x0a, 0x14, 0x74, 0x65, 0x6d, 0x70, 0x6f, 0x72, 0x61, 0x6c, 0x2d, 0x72, 0x65,
	0x73, 0x6f, 0x75, 0x72, 0x63, 0x65, 0x2d, 0x69, 0x64, 0x12, 0x0d, 0x7b, 0x72, 0x65, 0x73, 0x6f,
	0x75, 0x72, 0x63, 0x65, 0x5f, 0x69, 0x64, 0x7d, 0x12, 0xcd, 0x01, 0x0a, 0x15, 0x50, 0x6f, 0x6c,
	0x6c, 0x41, 0x63, 0x74, 0x69, 0x76, 0x69, 0x74, 0x79, 0x54, 0x61, 0x73, 0x6b, 0x51, 0x75, 0x65,
	0x75, 0x65, 0x12, 0x3d, 0x2e, 0x74, 0x65, 0x6d, 0x70, 0x6f, 0x72, 0x61, 0x6c, 0x2e, 0x61, 0x70,
	0x69, 0x2e, 0x77, 0x6f, 0x72, 0x6b, 0x66, 0x6c, 0x6f, 0x77, 0x73, 0x65, 0x72, 0x76, 0x69, 0x63,
	0x65, 0x2e, 0x76, 0x31, 0x2e, 0x50, 0x6f, 0x6c, 0x6c, 0x41, 0x63, 0x74, 0x69, 0x76, 0x69, 0x74,
	0x79, 0x54, 0x61, 0x73, 0x6b, 0x51, 0x75, 0x65, 0x75, 0x65, 0x52, 0x65, 0x71, 0x75, 0x65, 0x73,
	0x74, 0x1a, 0x3e, 0x2e, 0x74, 0x65, 0x6d, 0x70, 0x6f, 0x72, 0x61, 0x6c, 0x2e, 0x61, 0x70, 0x69,
	0x2e, 0x77, 0x6f, 0x72, 0x6b, 0x66, 0x6c, 0x6f, 0x77, 0x73, 0x65, 0x72, 0x76, 0x69, 0x63, 0x65,
	0x2e, 0x76, 0x31, 0x2e, 0x50, 0x6f, 0x6c, 0x6c, 0x41, 0x63, 0x74, 0x69, 0x76, 0x69, 0x74, 0x79,
	0x54, 0x61, 0x73, 0x6b, 0x51, 0x75, 0x65, 0x75, 0x65, 0x52, 0x65, 0x73, 0x70, 0x6f, 0x6e, 0x73,
	0x65, 0x22, 0x35, 0x8a, 0x9d, 0xcc, 0x1b, 0x30, 0x0a, 0x14, 0x74, 0x65, 0x6d, 0x70, 0x6f, 0x72,
	0x61, 0x6c, 0x2d, 0x72, 0x65, 0x73, 0x6f, 0x75, 0x72, 0x63, 0x65, 0x2d, 0x69, 0x64, 0x12, 0x18,
	0x70, 0x6f, 0x6c, 0x6c, 0x65, 0x72, 0x3a, 0x7b, 0x70, 0x6f, 0x6c, 0x6c, 0x65, 0x72, 0x5f, 0x67,
	0x72, 0x6f, 0x75, 0x70, 0x5f, 0x69, 0x64, 0x7d, 0x12, 0xc2, 0x02, 0x0a, 0x1b, 0x52, 0x65, 0x63,
	0x6f, 0x72, 0x64, 0x41, 0x63, 0x74, 0x69, 0x76, 0x69, 0x74, 0x79, 0x54, 0x61, 0x73, 0x6b, 0x48,
	0x65, 0x61, 0x72, 0x74, 0x62, 0x65, 0x61, 0x74, 0x12, 0x43, 0x2e, 0x74, 0x65, 0x6d, 0x70, 0x6f,
	0x72, 0x61, 0x6c, 0x2e, 0x61, 0x70, 0x69, 0x2e, 0x77, 0x6f, 0x72, 0x6b, 0x66, 0x6c, 0x6f, 0x77,
	0x73, 0x65, 0x72, 0x76, 0x69, 0x63, 0x65, 0x2e, 0x76, 0x31, 0x2e, 0x52, 0x65, 0x63, 0x6f, 0x72,
	0x64, 0x41, 0x63, 0x74, 0x69, 0x76, 0x69, 0x74, 0x79, 0x54, 0x61, 0x73, 0x6b, 0x48, 0x65, 0x61,
	0x72, 0x74, 0x62, 0x65, 0x61, 0x74, 0x52, 0x65, 0x71, 0x75, 0x65, 0x73, 0x74, 0x1a, 0x44, 0x2e,
	0x74, 0x65, 0x6d, 0x70, 0x6f, 0x72, 0x61, 0x6c, 0x2e, 0x61, 0x70, 0x69, 0x2e, 0x77, 0x6f, 0x72,
	0x6b, 0x66, 0x6c, 0x6f, 0x77, 0x73, 0x65, 0x72, 0x76, 0x69, 0x63, 0x65, 0x2e, 0x76, 0x31, 0x2e,
	0x52, 0x65, 0x63, 0x6f, 0x72, 0x64, 0x41, 0x63, 0x74, 0x69, 0x76, 0x69, 0x74, 0x79, 0x54, 0x61,
	0x73, 0x6b, 0x48, 0x65, 0x61, 0x72, 0x74, 0x62, 0x65, 0x61, 0x74, 0x52, 0x65, 0x73, 0x70, 0x6f,
	0x6e, 0x73, 0x65, 0x22, 0x97, 0x01, 0x8a, 0x9d, 0xcc, 0x1b, 0x25, 0x0a, 0x14, 0x74, 0x65, 0x6d,
	0x70, 0x6f, 0x72, 0x61, 0x6c, 0x2d, 0x72, 0x65, 0x73, 0x6f, 0x75, 0x72, 0x63, 0x65, 0x2d, 0x69,
	0x64, 0x12, 0x0d, 0x7b, 0x72, 0x65, 0x73, 0x6f, 0x75, 0x72, 0x63, 0x65, 0x5f, 0x69, 0x64, 0x7d,
	0x82, 0xd3, 0xe4, 0x93, 0x02, 0x67, 0x3a, 0x01, 0x2a, 0x5a, 0x36, 0x3a, 0x01, 0x2a, 0x22, 0x31,
	0x2f, 0x61, 0x70, 0x69, 0x2f, 0x76, 0x31, 0x2f, 0x6e, 0x61, 0x6d, 0x65, 0x73, 0x70, 0x61, 0x63,
	0x65, 0x73, 0x2f, 0x7b, 0x6e, 0x61, 0x6d, 0x65, 0x73, 0x70, 0x61, 0x63, 0x65, 0x7d, 0x2f, 0x61,
	0x63, 0x74, 0x69, 0x76, 0x69, 0x74, 0x79, 0x2d, 0x68, 0x65, 0x61, 0x72, 0x74, 0x62, 0x65, 0x61,
	0x74, 0x22, 0x2a, 0x2f, 0x6e, 0x61, 0x6d, 0x65, 0x73, 0x70, 0x61, 0x63, 0x65, 0x73, 0x2f, 0x7b,
	0x6e, 0x61, 0x6d, 0x65, 0x73, 0x70, 0x61, 0x63, 0x65, 0x7d, 0x2f, 0x61, 0x63, 0x74, 0x69, 0x76,
	0x69, 0x74, 0x79, 0x2d, 0x68, 0x65, 0x61, 0x72, 0x74, 0x62, 0x65, 0x61, 0x74, 0x12, 0xa8, 0x04,
	0x0a, 0x1f, 0x52, 0x65, 0x63, 0x6f, 0x72, 0x64, 0x41, 0x63, 0x74, 0x69, 0x76, 0x69, 0x74, 0x79,
	0x54, 0x61, 0x73, 0x6b, 0x48, 0x65, 0x61, 0x72, 0x74, 0x62, 0x65, 0x61, 0x74, 0x42, 0x79, 0x49,
	0x64, 0x12, 0x47, 0x2e, 0x74, 0x65, 0x6d, 0x70, 0x6f, 0x72, 0x61, 0x6c, 0x2e, 0x61, 0x70, 0x69,
	0x2e, 0x77, 0x6f, 0x72, 0x6b, 0x66, 0x6c, 0x6f, 0x77, 0x73, 0x65, 0x72, 0x76, 0x69, 0x63, 0x65,
	0x2e, 0x76, 0x31, 0x2e, 0x52, 0x65, 0x63, 0x6f, 0x72, 0x64, 0x41, 0x63, 0x74, 0x69, 0x76, 0x69,
	0x74, 0x79, 0x54, 0x61, 0x73, 0x6b, 0x48, 0x65, 0x61, 0x72, 0x74, 0x62, 0x65, 0x61, 0x74, 0x42,
	0x79, 0x49, 0x64, 0x52, 0x65, 0x71, 0x75, 0x65, 0x73, 0x74, 0x1a, 0x48, 0x2e, 0x74, 0x65, 0x6d,
	0x70, 0x6f, 0x72, 0x61, 0x6c, 0x2e, 0x61, 0x70, 0x69, 0x2e, 0x77, 0x6f, 0x72, 0x6b, 0x66, 0x6c,
	0x6f, 0x77, 0x73, 0x65, 0x72, 0x76, 0x69, 0x63, 0x65, 0x2e, 0x76, 0x31, 0x2e, 0x52, 0x65, 0x63,
	0x6f, 0x72, 0x64, 0x41, 0x63, 0x74, 0x69, 0x76, 0x69, 0x74, 0x79, 0x54, 0x61, 0x73, 0x6b, 0x48,
	0x65, 0x61, 0x72, 0x74, 0x62, 0x65, 0x61, 0x74, 0x42, 0x79, 0x49, 0x64, 0x52, 0x65, 0x73, 0x70,
	0x6f, 0x6e, 0x73, 0x65, 0x22, 0xf1, 0x02, 0x8a, 0x9d, 0xcc, 0x1b, 0x25, 0x0a, 0x14, 0x74, 0x65,
	0x6d, 0x70, 0x6f, 0x72, 0x61, 0x6c, 0x2d, 0x72, 0x65, 0x73, 0x6f, 0x75, 0x72, 0x63, 0x65, 0x2d,
	0x69, 0x64, 0x12, 0x0d, 0x7b, 0x72, 0x65, 0x73, 0x6f, 0x75, 0x72, 0x63, 0x65, 0x5f, 0x69, 0x64,
	0x7d, 0x82, 0xd3, 0xe4, 0x93, 0x02, 0xc0, 0x02, 0x3a, 0x01, 0x2a, 0x5a, 0x46, 0x3a, 0x01, 0x2a,
	0x22, 0x41, 0x2f, 0x61, 0x70, 0x69, 0x2f, 0x76, 0x31, 0x2f, 0x6e, 0x61, 0x6d, 0x65, 0x73, 0x70,
	0x61, 0x63, 0x65, 0x73, 0x2f, 0x7b, 0x6e, 0x61, 0x6d, 0x65, 0x73, 0x70, 0x61, 0x63, 0x65, 0x7d,
	0x2f, 0x61, 0x63, 0x74, 0x69, 0x76, 0x69, 0x74, 0x69, 0x65, 0x73, 0x2f, 0x7b, 0x61, 0x63, 0x74,
	0x69, 0x76, 0x69, 0x74, 0x79, 0x5f, 0x69, 0x64, 0x7d, 0x2f, 0x68, 0x65, 0x61, 0x72, 0x74, 0x62,
	0x65, 0x61, 0x74, 0x5a, 0x57, 0x3a, 0x01, 0x2a, 0x22, 0x52, 0x2f, 0x6e, 0x61, 0x6d, 0x65, 0x73,
	0x70, 0x61, 0x63, 0x65, 0x73, 0x2f, 0x7b, 0x6e, 0x61, 0x6d, 0x65, 0x73, 0x70, 0x61, 0x63, 0x65,
	0x7d, 0x2f, 0x77, 0x6f, 0x72, 0x6b, 0x66, 0x6c, 0x6f, 0x77, 0x73, 0x2f, 0x7b, 0x77, 0x6f, 0x72,
	0x6b, 0x66, 0x6c, 0x6f, 0x77, 0x5f, 0x69, 0x64, 0x7d, 0x2f, 0x61, 0x63, 0x74, 0x69, 0x76, 0x69,
	0x74, 0x69, 0x65, 0x73, 0x2f, 0x7b, 0x61, 0x63, 0x74, 0x69, 0x76, 0x69, 0x74, 0x79, 0x5f, 0x69,
	0x64, 0x7d, 0x2f, 0x68, 0x65, 0x61, 0x72, 0x74, 0x62, 0x65, 0x61, 0x74, 0x5a, 0x5e, 0x3a, 0x01,
	0x2a, 0x22, 0x59, 0x2f, 0x61, 0x70, 0x69, 0x2f, 0x76, 0x31, 0x2f, 0x6e, 0x61, 0x6d, 0x65, 0x73,
	0x70, 0x61, 0x63, 0x65, 0x73, 0x2f, 0x7b, 0x6e, 0x61, 0x6d, 0x65, 0x73, 0x70, 0x61, 0x63, 0x65,
	0x7d, 0x2f, 0x77, 0x6f, 0x72, 0x6b, 0x66, 0x6c, 0x6f, 0x77, 0x73, 0x2f, 0x7b, 0x77, 0x6f, 0x72,
	0x6b, 0x66, 0x6c, 0x6f, 0x77, 0x5f, 0x69, 0x64, 0x7d, 0x2f, 0x61, 0x63, 0x74, 0x69, 0x76, 0x69,
	0x74, 0x69, 0x65, 0x73, 0x2f, 0x7b, 0x61, 0x63, 0x74, 0x69, 0x76, 0x69, 0x74, 0x79, 0x5f, 0x69,
	0x64, 0x7d, 0x2f, 0x68, 0x65, 0x61, 0x72, 0x74, 0x62, 0x65, 0x61, 0x74, 0x22, 0x3a, 0x2f, 0x6e,
	0x61, 0x6d, 0x65, 0x73, 0x70, 0x61, 0x63, 0x65, 0x73, 0x2f, 0x7b, 0x6e, 0x61, 0x6d, 0x65, 0x73,
	0x70, 0x61, 0x63, 0x65, 0x7d, 0x2f, 0x61, 0x63, 0x74, 0x69, 0x76, 0x69, 0x74, 0x69, 0x65, 0x73,
	0x2f, 0x7b, 0x61, 0x63, 0x74, 0x69, 0x76, 0x69, 0x74, 0x79, 0x5f, 0x69, 0x64, 0x7d, 0x2f, 0x68,
	0x65, 0x61, 0x72, 0x74, 0x62, 0x65, 0x61, 0x74, 0x12, 0xc3, 0x02, 0x0a, 0x1c, 0x52, 0x65, 0x73,
	0x70, 0x6f, 0x6e, 0x64, 0x41, 0x63, 0x74, 0x69, 0x76, 0x69, 0x74, 0x79, 0x54, 0x61, 0x73, 0x6b,
	0x43, 0x6f, 0x6d, 0x70, 0x6c, 0x65, 0x74, 0x65, 0x64, 0x12, 0x44, 0x2e, 0x74, 0x65, 0x6d, 0x70,
	0x6f, 0x72, 0x61, 0x6c, 0x2e, 0x61, 0x70, 0x69, 0x2e, 0x77, 0x6f, 0x72, 0x6b, 0x66, 0x6c, 0x6f,
	0x77, 0x73, 0x65, 0x72, 0x76, 0x69, 0x63, 0x65, 0x2e, 0x76, 0x31, 0x2e, 0x52, 0x65, 0x73, 0x70,
	0x6f, 0x6e, 0x64, 0x41, 0x63, 0x74, 0x69, 0x76, 0x69, 0x74, 0x79, 0x54, 0x61, 0x73, 0x6b, 0x43,
	0x6f, 0x6d, 0x70, 0x6c, 0x65, 0x74, 0x65, 0x64, 0x52, 0x65, 0x71, 0x75, 0x65, 0x73, 0x74, 0x1a,
	0x45, 0x2e, 0x74, 0x65, 0x6d, 0x70, 0x6f, 0x72, 0x61, 0x6c, 0x2e, 0x61, 0x70, 0x69, 0x2e, 0x77,
	0x6f, 0x72, 0x6b, 0x66, 0x6c, 0x6f, 0x77, 0x73, 0x65, 0x72, 0x76, 0x69, 0x63, 0x65, 0x2e, 0x76,
	0x31, 0x2e, 0x52, 0x65, 0x73, 0x70, 0x6f, 0x6e, 0x64, 0x41, 0x63, 0x74, 0x69, 0x76, 0x69, 0x74,
	0x79, 0x54, 0x61, 0x73, 0x6b, 0x43, 0x6f, 0x6d, 0x70, 0x6c, 0x65, 0x74, 0x65, 0x64, 0x52, 0x65,
	0x73, 0x70, 0x6f, 0x6e, 0x73, 0x65, 0x22, 0x95, 0x01, 0x8a, 0x9d, 0xcc, 0x1b, 0x25, 0x0a, 0x14,
	0x74, 0x65, 0x6d, 0x70, 0x6f, 0x72, 0x61, 0x6c, 0x2d, 0x72, 0x65, 0x73, 0x6f, 0x75, 0x72, 0x63,
	0x65, 0x2d, 0x69, 0x64, 0x12, 0x0d, 0x7b, 0x72, 0x65, 0x73, 0x6f, 0x75, 0x72, 0x63, 0x65, 0x5f,
	0x69, 0x64, 0x7d, 0x82, 0xd3, 0xe4, 0x93, 0x02, 0x65, 0x3a, 0x01, 0x2a, 0x5a, 0x35, 0x3a, 0x01,
	0x2a, 0x22, 0x30, 0x2f, 0x61, 0x70, 0x69, 0x2f, 0x76, 0x31, 0x2f, 0x6e, 0x61, 0x6d, 0x65, 0x73,
	0x70, 0x61, 0x63, 0x65, 0x73, 0x2f, 0x7b, 0x6e, 0x61, 0x6d, 0x65, 0x73, 0x70, 0x61, 0x63, 0x65,
	0x7d, 0x2f, 0x61, 0x63, 0x74, 0x69, 0x76, 0x69, 0x74, 0x79, 0x2d, 0x63, 0x6f, 0x6d, 0x70, 0x6c,
	0x65, 0x74, 0x65, 0x22, 0x29, 0x2f, 0x6e, 0x61, 0x6d, 0x65, 0x73, 0x70, 0x61, 0x63, 0x65, 0x73,
	0x2f, 0x7b, 0x6e, 0x61, 0x6d, 0x65, 0x73, 0x70, 0x61, 0x63, 0x65, 0x7d, 0x2f, 0x61, 0x63, 0x74,
	0x69, 0x76, 0x69, 0x74, 0x79, 0x2d, 0x63, 0x6f, 0x6d, 0x70, 0x6c, 0x65, 0x74, 0x65, 0x12, 0xa7,
	0x04, 0x0a, 0x20, 0x52, 0x65, 0x73, 0x70, 0x6f, 0x6e, 0x64, 0x41, 0x63, 0x74, 0x69, 0x76, 0x69,
	0x74, 0x79, 0x54, 0x61, 0x73, 0x6b, 0x43, 0x6f, 0x6d, 0x70, 0x6c, 0x65, 0x74, 0x65, 0x64, 0x42,
	0x79, 0x49, 0x64, 0x12, 0x48, 0x2e, 0x74, 0x65, 0x6d, 0x70, 0x6f, 0x72, 0x61, 0x6c, 0x2e, 0x61,
	0x70, 0x69, 0x2e, 0x77, 0x6f, 0x72, 0x6b, 0x66, 0x6c, 0x6f, 0x77, 0x73, 0x65, 0x72, 0x76, 0x69,
	0x63, 0x65, 0x2e, 0x76, 0x31, 0x2e, 0x52, 0x65, 0x73, 0x70, 0x6f, 0x6e, 0x64, 0x41, 0x63, 0x74,
	0x69, 0x76, 0x69, 0x74, 0x79, 0x54, 0x61, 0x73, 0x6b, 0x43, 0x6f, 0x6d, 0x70, 0x6c, 0x65, 0x74,
	0x65, 0x64, 0x42, 0x79, 0x49, 0x64, 0x52, 0x65, 0x71, 0x75, 0x65, 0x73, 0x74, 0x1a, 0x49, 0x2e,
	0x74, 0x65, 0x6d, 0x70, 0x6f, 0x72, 0x61, 0x6c, 0x2e, 0x61, 0x70, 0x69, 0x2e, 0x77, 0x6f, 0x72,
	0x6b, 0x66, 0x6c, 0x6f, 0x77, 0x73, 0x65, 0x72, 0x76, 0x69, 0x63, 0x65, 0x2e, 0x76, 0x31, 0x2e,
	0x52, 0x65, 0x73, 0x70, 0x6f, 0x6e, 0x64, 0x41, 0x63, 0x74, 0x69, 0x76, 0x69, 0x74, 0x79, 0x54,
	0x61, 0x73, 0x6b, 0x43, 0x6f, 0x6d, 0x70, 0x6c, 0x65, 0x74, 0x65, 0x64, 0x42, 0x79, 0x49, 0x64,
	0x52, 0x65, 0x73, 0x70, 0x6f, 0x6e, 0x73, 0x65, 0x22, 0xed, 0x02, 0x8a, 0x9d, 0xcc, 0x1b, 0x25,
	0x0a, 0x14, 0x74, 0x65, 0x6d, 0x70, 0x6f, 0x72, 0x61, 0x6c, 0x2d, 0x72, 0x65, 0x73, 0x6f, 0x75,
	0x72, 0x63, 0x65, 0x2d, 0x69, 0x64, 0x12, 0x0d, 0x7b, 0x72, 0x65, 0x73, 0x6f, 0x75, 0x72, 0x63,
	0x65, 0x5f, 0x69, 0x64, 0x7d, 0x82, 0xd3, 0xe4, 0x93, 0x02, 0xbc, 0x02, 0x3a, 0x01, 0x2a, 0x5a,
	0x45, 0x3a, 0x01, 0x2a, 0x22, 0x40, 0x2f, 0x61, 0x70, 0x69, 0x2f, 0x76, 0x31, 0x2f, 0x6e, 0x61,
	0x6d, 0x65, 0x73, 0x70, 0x61, 0x63, 0x65, 0x73, 0x2f, 0x7b, 0x6e, 0x61, 0x6d, 0x65, 0x73, 0x70,
	0x61, 0x63, 0x65, 0x7d, 0x2f, 0x61, 0x63, 0x74, 0x69, 0x76, 0x69, 0x74, 0x69, 0x65, 0x73, 0x2f,
	0x7b, 0x61, 0x63, 0x74, 0x69, 0x76, 0x69, 0x74, 0x79, 0x5f, 0x69, 0x64, 0x7d, 0x2f, 0x63, 0x6f,
	0x6d, 0x70, 0x6c, 0x65, 0x74, 0x65, 0x5a, 0x56, 0x3a, 0x01, 0x2a, 0x22, 0x51, 0x2f, 0x6e, 0x61,
	0x6d, 0x65, 0x73, 0x70, 0x61, 0x63, 0x65, 0x73, 0x2f, 0x7b, 0x6e, 0x61, 0x6d, 0x65, 0x73, 0x70,
	0x61, 0x63, 0x65, 0x7d, 0x2f, 0x77, 0x6f, 0x72, 0x6b, 0x66, 0x6c, 0x6f, 0x77, 0x73, 0x2f, 0x7b,
	0x77, 0x6f, 0x72, 0x6b, 0x66, 0x6c, 0x6f, 0x77, 0x5f, 0x69, 0x64, 0x7d, 0x2f, 0x61, 0x63, 0x74,
	0x69, 0x76, 0x69, 0x74, 0x69, 0x65, 0x73, 0x2f, 0x7b, 0x61, 0x63, 0x74, 0x69, 0x76, 0x69, 0x74,
	0x79, 0x5f, 0x69, 0x64, 0x7d, 0x2f, 0x63, 0x6f, 0x6d, 0x70, 0x6c, 0x65, 0x74, 0x65, 0x5a, 0x5d,
	0x3a, 0x01, 0x2a, 0x22, 0x58, 0x2f, 0x61, 0x70, 0x69, 0x2f, 0x76, 0x31, 0x2f, 0x6e, 0x61, 0x6d,
	0x65, 0x73, 0x70, 0x61, 0x63, 0x65, 0x73, 0x2f, 0x7b, 0x6e, 0x61, 0x6d, 0x65, 0x73, 0x70, 0x61,
	0x63, 0x65, 0x7d, 0x2f, 0x77, 0x6f, 0x72, 0x6b, 0x66, 0x6c, 0x6f, 0x77, 0x73, 0x2f, 0x7b, 0x77,
	0x6f, 0x72, 0x6b, 0x66, 0x6c, 0x6f, 0x77, 0x5f, 0x69, 0x64, 0x7d, 0x2f, 0x61, 0x63, 0x74, 0x69,
	0x76, 0x69, 0x74, 0x69, 0x65, 0x73, 0x2f, 0x7b, 0x61, 0x63, 0x74, 0x69, 0x76, 0x69, 0x74, 0x79,
	0x5f, 0x69, 0x64, 0x7d, 0x2f, 0x63, 0x6f, 0x6d, 0x70, 0x6c, 0x65, 0x74, 0x65, 0x22, 0x39, 0x2f,
	0x6e, 0x61, 0x6d, 0x65, 0x73, 0x70, 0x61, 0x63, 0x65, 0x73, 0x2f, 0x7b, 0x6e, 0x61, 0x6d, 0x65,
	0x73, 0x70, 0x61, 0x63, 0x65, 0x7d, 0x2f, 0x61, 0x63, 0x74, 0x69, 0x76, 0x69, 0x74, 0x69, 0x65,
	0x73, 0x2f, 0x7b, 0x61, 0x63, 0x74, 0x69, 0x76, 0x69, 0x74, 0x79, 0x5f, 0x69, 0x64, 0x7d, 0x2f,
	0x63, 0x6f, 0x6d, 0x70, 0x6c, 0x65, 0x74, 0x65, 0x12, 0xb2, 0x02, 0x0a, 0x19, 0x52, 0x65, 0x73,
	0x70, 0x6f, 0x6e, 0x64, 0x41, 0x63, 0x74, 0x69, 0x76, 0x69, 0x74, 0x79, 0x54, 0x61, 0x73, 0x6b,
	0x46, 0x61, 0x69, 0x6c, 0x65, 0x64, 0x12, 0x41, 0x2e, 0x74, 0x65, 0x6d, 0x70, 0x6f, 0x72, 0x61,
	0x6c, 0x2e, 0x61, 0x70, 0x69, 0x2e, 0x77, 0x6f, 0x72, 0x6b, 0x66, 0x6c, 0x6f, 0x77, 0x73, 0x65,
	0x72, 0x76, 0x69, 0x63, 0x65, 0x2e, 0x76, 0x31, 0x2e, 0x52, 0x65, 0x73, 0x70, 0x6f, 0x6e, 0x64,
	0x41, 0x63, 0x74, 0x69, 0x76, 0x69, 0x74, 0x79, 0x54, 0x61, 0x73, 0x6b, 0x46, 0x61, 0x69, 0x6c,
	0x65, 0x64, 0x52, 0x65, 0x71, 0x75, 0x65, 0x73, 0x74, 0x1a, 0x42, 0x2e, 0x74, 0x65, 0x6d, 0x70,
	0x6f, 0x72, 0x61, 0x6c, 0x2e, 0x61, 0x70, 0x69, 0x2e, 0x77, 0x6f, 0x72, 0x6b, 0x66, 0x6c, 0x6f,
	0x77, 0x73, 0x65, 0x72, 0x76, 0x69, 0x63, 0x65, 0x2e, 0x76, 0x31, 0x2e, 0x52, 0x65, 0x73, 0x70,
	0x6f, 0x6e, 0x64, 0x41, 0x63, 0x74, 0x69, 0x76, 0x69, 0x74, 0x79, 0x54, 0x61, 0x73, 0x6b, 0x46,
	0x61, 0x69, 0x6c, 0x65, 0x64, 0x52, 0x65, 0x73, 0x70, 0x6f, 0x6e, 0x73, 0x65, 0x22, 0x8d, 0x01,
	0x8a, 0x9d, 0xcc, 0x1b, 0x25, 0x0a, 0x14, 0x74, 0x65, 0x6d, 0x70, 0x6f, 0x72, 0x61, 0x6c, 0x2d,
	0x72, 0x65, 0x73, 0x6f, 0x75, 0x72, 0x63, 0x65, 0x2d, 0x69, 0x64, 0x12, 0x0d, 0x7b, 0x72, 0x65,
	0x73, 0x6f, 0x75, 0x72, 0x63, 0x65, 0x5f, 0x69, 0x64, 0x7d, 0x82, 0xd3, 0xe4, 0x93, 0x02, 0x5d,
	0x3a, 0x01, 0x2a, 0x5a, 0x31, 0x3a, 0x01, 0x2a, 0x22, 0x2c, 0x2f, 0x61, 0x70, 0x69, 0x2f, 0x76,
	0x31, 0x2f, 0x6e, 0x61, 0x6d, 0x65, 0x73, 0x70, 0x61, 0x63, 0x65, 0x73, 0x2f, 0x7b, 0x6e, 0x61,
	0x6d, 0x65, 0x73, 0x70, 0x61, 0x63, 0x65, 0x7d, 0x2f, 0x61, 0x63, 0x74, 0x69, 0x76, 0x69, 0x74,
	0x79, 0x2d, 0x66, 0x61, 0x69, 0x6c, 0x22, 0x25, 0x2f, 0x6e, 0x61, 0x6d, 0x65, 0x73, 0x70, 0x61,
	0x63, 0x65, 0x73, 0x2f, 0x7b, 0x6e, 0x61, 0x6d, 0x65, 0x73, 0x70, 0x61, 0x63, 0x65, 0x7d, 0x2f,
	0x61, 0x63, 0x74, 0x69, 0x76, 0x69, 0x74, 0x79, 0x2d, 0x66, 0x61, 0x69, 0x6c, 0x12, 0x8e, 0x04,
	0x0a, 0x1d, 0x52, 0x65, 0x73, 0x70, 0x6f, 0x6e, 0x64, 0x41, 0x63, 0x74, 0x69, 0x76, 0x69, 0x74,
	0x79, 0x54, 0x61, 0x73, 0x6b, 0x46, 0x61, 0x69, 0x6c, 0x65, 0x64, 0x42, 0x79, 0x49, 0x64, 0x12,
	0x45, 0x2e, 0x74, 0x65, 0x6d, 0x70, 0x6f, 0x72, 0x61, 0x6c, 0x2e, 0x61, 0x70, 0x69, 0x2e, 0x77,
	0x6f, 0x72, 0x6b, 0x66, 0x6c, 0x6f, 0x77, 0x73, 0x65, 0x72, 0x76, 0x69, 0x63, 0x65, 0x2e, 0x76,
	0x31, 0x2e, 0x52, 0x65, 0x73, 0x70, 0x6f, 0x6e, 0x64, 0x41, 0x63, 0x74, 0x69, 0x76, 0x69, 0x74,
	0x79, 0x54, 0x61, 0x73, 0x6b, 0x46, 0x61, 0x69, 0x6c, 0x65, 0x64, 0x42, 0x79, 0x49, 0x64, 0x52,
	0x65, 0x71, 0x75, 0x65, 0x73, 0x74, 0x1a, 0x46, 0x2e, 0x74, 0x65, 0x6d, 0x70, 0x6f, 0x72, 0x61,
	0x6c, 0x2e, 0x61, 0x70, 0x69, 0x2e, 0x77, 0x6f, 0x72, 0x6b, 0x66, 0x6c, 0x6f, 0x77, 0x73, 0x65,
	0x72, 0x76, 0x69, 0x63, 0x65, 0x2e, 0x76, 0x31, 0x2e, 0x52, 0x65, 0x73, 0x70, 0x6f, 0x6e, 0x64,
	0x41, 0x63, 0x74, 0x69, 0x76, 0x69, 0x74, 0x79, 0x54, 0x61, 0x73, 0x6b, 0x46, 0x61, 0x69, 0x6c,
	0x65, 0x64, 0x42, 0x79, 0x49, 0x64, 0x52, 0x65, 0x73, 0x70, 0x6f, 0x6e, 0x73, 0x65, 0x22, 0xdd,
	0x02, 0x8a, 0x9d, 0xcc, 0x1b, 0x25, 0x0a, 0x14, 0x74, 0x65, 0x6d, 0x70, 0x6f, 0x72, 0x61, 0x6c,
	0x2d, 0x72, 0x65, 0x73, 0x6f, 0x75, 0x72, 0x63, 0x65, 0x2d, 0x69, 0x64, 0x12, 0x0d, 0x7b, 0x72,
	0x65, 0x73, 0x6f, 0x75, 0x72, 0x63, 0x65, 0x5f, 0x69, 0x64, 0x7d, 0x82, 0xd3, 0xe4, 0x93, 0x02,
	0xac, 0x02, 0x3a, 0x01, 0x2a, 0x5a, 0x41, 0x3a, 0x01, 0x2a, 0x22, 0x3c, 0x2f, 0x61, 0x70, 0x69,
	0x2f, 0x76, 0x31, 0x2f, 0x6e, 0x61, 0x6d, 0x65, 0x73, 0x70, 0x61, 0x63, 0x65, 0x73, 0x2f, 0x7b,
	0x6e, 0x61, 0x6d, 0x65, 0x73, 0x70, 0x61, 0x63, 0x65, 0x7d, 0x2f, 0x61, 0x63, 0x74, 0x69, 0x76,
	0x69, 0x74, 0x69, 0x65, 0x73, 0x2f, 0x7b, 0x61, 0x63, 0x74, 0x69, 0x76, 0x69, 0x74, 0x79, 0x5f,
	0x69, 0x64, 0x7d, 0x2f, 0x66, 0x61, 0x69, 0x6c, 0x5a, 0x52, 0x3a, 0x01, 0x2a, 0x22, 0x4d, 0x2f,
	0x6e, 0x61, 0x6d, 0x65, 0x73, 0x70, 0x61, 0x63, 0x65, 0x73, 0x2f, 0x7b, 0x6e, 0x61, 0x6d, 0x65,
	0x73, 0x70, 0x61, 0x63, 0x65, 0x7d, 0x2f, 0x77, 0x6f, 0x72, 0x6b, 0x66, 0x6c, 0x6f, 0x77, 0x73,
	0x2f, 0x7b, 0x77, 0x6f, 0x72, 0x6b, 0x66, 0x6c, 0x6f, 0x77, 0x5f, 0x69, 0x64, 0x7d, 0x2f, 0x61,
	0x63, 0x74, 0x69, 0x76, 0x69, 0x74, 0x69, 0x65, 0x73, 0x2f, 0x7b, 0x61, 0x63, 0x74, 0x69, 0x76,
	0x69, 0x74, 0x79, 0x5f, 0x69, 0x64, 0x7d, 0x2f, 0x66, 0x61, 0x69, 0x6c, 0x5a, 0x59, 0x3a, 0x01,
	0x2a, 0x22, 0x54, 0x2f, 0x61, 0x70, 0x69, 0x2f, 0x76, 0x31, 0x2f, 0x6e, 0x61, 0x6d, 0x65, 0x73,
	0x70, 0x61, 0x63, 0x65, 0x73, 0x2f, 0x7b, 0x6e, 0x61, 0x6d, 0x65, 0x73, 0x70, 0x61, 0x63, 0x65,
	0x7d, 0x2f, 0x77, 0x6f, 0x72, 0x6b, 0x66, 0x6c, 0x6f, 0x77, 0x73, 0x2f, 0x7b, 0x77, 0x6f, 0x72,
	0x6b, 0x66, 0x6c, 0x6f, 0x77, 0x5f, 0x69, 0x64, 0x7d, 0x2f, 0x61, 0x63, 0x74, 0x69, 0x76, 0x69,
	0x74, 0x69, 0x65, 0x73, 0x2f, 0x7b, 0x61, 0x63, 0x74, 0x69, 0x76, 0x69, 0x74, 0x79, 0x5f, 0x69,
	0x64, 0x7d, 0x2f, 0x66, 0x61, 0x69, 0x6c, 0x22, 0x35, 0x2f, 0x6e, 0x61, 0x6d, 0x65, 0x73, 0x70,
	0x61, 0x63, 0x65, 0x73, 0x2f, 0x7b, 0x6e, 0x61, 0x6d, 0x65, 0x73, 0x70, 0x61, 0x63, 0x65, 0x7d,
	0x2f, 0x61, 0x63, 0x74, 0x69, 0x76, 0x69, 0x74, 0x69, 0x65, 0x73, 0x2f, 0x7b, 0x61, 0x63, 0x74,
	0x69, 0x76, 0x69, 0x74, 0x79, 0x5f, 0x69, 0x64, 0x7d, 0x2f, 0x66, 0x61, 0x69, 0x6c, 0x12, 0xd6,
	0x02, 0x0a, 0x1b, 0x52, 0x65, 0x73, 0x70, 0x6f, 0x6e, 0x64, 0x41, 0x63, 0x74, 0x69, 0x76, 0x69,
	0x74, 0x79, 0x54, 0x61, 0x73, 0x6b, 0x43, 0x61, 0x6e, 0x63, 0x65, 0x6c, 0x65, 0x64, 0x12, 0x43,
	0x2e, 0x74, 0x65, 0x6d, 0x70, 0x6f, 0x72, 0x61, 0x6c, 0x2e, 0x61, 0x70, 0x69, 0x2e, 0x77, 0x6f,
	0x72, 0x6b, 0x66, 0x6c, 0x6f, 0x77, 0x73, 0x65, 0x72, 0x76, 0x69, 0x63, 0x65, 0x2e, 0x76, 0x31,
	0x2e, 0x52, 0x65, 0x73, 0x70, 0x6f, 0x6e, 0x64, 0x41, 0x63, 0x74, 0x69, 0x76, 0x69, 0x74, 0x79,
	0x54, 0x61, 0x73, 0x6b, 0x43, 0x61, 0x6e, 0x63, 0x65, 0x6c, 0x65, 0x64, 0x52, 0x65, 0x71, 0x75,
	0x65, 0x73, 0x74, 0x1a, 0x44, 0x2e, 0x74, 0x65, 0x6d, 0x70, 0x6f, 0x72, 0x61, 0x6c, 0x2e, 0x61,
	0x70, 0x69, 0x2e, 0x77, 0x6f, 0x72, 0x6b, 0x66, 0x6c, 0x6f, 0x77, 0x73, 0x65, 0x72, 0x76, 0x69,
	0x63, 0x65, 0x2e, 0x76, 0x31, 0x2e, 0x52, 0x65, 0x73, 0x70, 0x6f, 0x6e, 0x64, 0x41, 0x63, 0x74,
	0x69, 0x76, 0x69, 0x74, 0x79, 0x54, 0x61, 0x73, 0x6b, 0x43, 0x61, 0x6e, 0x63, 0x65, 0x6c, 0x65,
	0x64, 0x52, 0x65, 0x73, 0x70, 0x6f, 0x6e, 0x73, 0x65, 0x22, 0xab, 0x01, 0x8a, 0x9d, 0xcc, 0x1b,
	0x25, 0x0a, 0x14, 0x74, 0x65, 0x6d, 0x70, 0x6f, 0x72, 0x61, 0x6c, 0x2d, 0x72, 0x65, 0x73, 0x6f,
	0x75, 0x72, 0x63, 0x65, 0x2d, 0x69, 0x64, 0x12, 0x0d, 0x7b, 0x72, 0x65, 0x73, 0x6f, 0x75, 0x72,
	0x63, 0x65, 0x5f, 0x69, 0x64, 0x7d, 0x82, 0xd3, 0xe4, 0x93, 0x02, 0x7b, 0x3a, 0x01, 0x2a, 0x5a,
	0x40, 0x3a, 0x01, 0x2a, 0x22, 0x3b, 0x2f, 0x61, 0x70, 0x69, 0x2f, 0x76, 0x31, 0x2f, 0x6e, 0x61,
	0x6d, 0x65, 0x73, 0x70, 0x61, 0x63, 0x65, 0x73, 0x2f, 0x7b, 0x6e, 0x61, 0x6d, 0x65, 0x73, 0x70,
	0x61, 0x63, 0x65, 0x7d, 0x2f, 0x61, 0x63, 0x74, 0x69, 0x76, 0x69, 0x74, 0x79, 0x2d, 0x72, 0x65,
	0x73, 0x6f, 0x6c, 0x76, 0x65, 0x2d, 0x61, 0x73, 0x2d, 0x63, 0x61, 0x6e, 0x63, 0x65, 0x6c, 0x65,
	0x64, 0x22, 0x34, 0x2f, 0x6e, 0x61, 0x6d, 0x65, 0x73, 0x70, 0x61, 0x63, 0x65, 0x73, 0x2f, 0x7b,
	0x6e, 0x61, 0x6d, 0x65, 0x73, 0x70, 0x61, 0x63, 0x65, 0x7d, 0x2f, 0x61, 0x63, 0x74, 0x69, 0x76,
	0x69, 0x74, 0x79, 0x2d, 0x72, 0x65, 0x73, 0x6f, 0x6c, 0x76, 0x65, 0x2d, 0x61, 0x73, 0x2d, 0x63,
	0x61, 0x6e, 0x63, 0x65, 0x6c, 0x65, 0x64, 0x12, 0xd0, 0x04, 0x0a, 0x1f, 0x52, 0x65, 0x73, 0x70,
	0x6f, 0x6e, 0x64, 0x41, 0x63, 0x74, 0x69, 0x76, 0x69, 0x74, 0x79, 0x54, 0x61, 0x73, 0x6b, 0x43,
	0x61, 0x6e, 0x63, 0x65, 0x6c, 0x65, 0x64, 0x42, 0x79, 0x49, 0x64, 0x12, 0x47, 0x2e, 0x74, 0x65,
	0x6d, 0x70, 0x6f, 0x72, 0x61, 0x6c, 0x2e, 0x61, 0x70, 0x69, 0x2e, 0x77, 0x6f, 0x72, 0x6b, 0x66,
	0x6c, 0x6f, 0x77, 0x73, 0x65, 0x72, 0x76, 0x69, 0x63, 0x65, 0x2e, 0x76, 0x31, 0x2e, 0x52, 0x65,
	0x73, 0x70, 0x6f, 0x6e, 0x64, 0x41, 0x63, 0x74, 0x69, 0x76, 0x69, 0x74, 0x79, 0x54, 0x61, 0x73,
	0x6b, 0x43, 0x61, 0x6e, 0x63, 0x65, 0x6c, 0x65, 0x64, 0x42, 0x79, 0x49, 0x64, 0x52, 0x65, 0x71,
	0x75, 0x65, 0x73, 0x74, 0x1a, 0x48, 0x2e, 0x74, 0x65, 0x6d, 0x70, 0x6f, 0x72, 0x61, 0x6c, 0x2e,
	0x61, 0x70, 0x69, 0x2e, 0x77, 0x6f, 0x72, 0x6b, 0x66, 0x6c, 0x6f, 0x77, 0x73, 0x65, 0x72, 0x76,
	0x69, 0x63, 0x65, 0x2e, 0x76, 0x31, 0x2e, 0x52, 0x65, 0x73, 0x70, 0x6f, 0x6e, 0x64, 0x41, 0x63,
	0x74, 0x69, 0x76, 0x69, 0x74, 0x79, 0x54, 0x61, 0x73, 0x6b, 0x43, 0x61, 0x6e, 0x63, 0x65, 0x6c,
	0x65, 0x64, 0x42, 0x79, 0x49, 0x64, 0x52, 0x65, 0x73, 0x70, 0x6f, 0x6e, 0x73, 0x65, 0x22, 0x99,
	0x03, 0x8a, 0x9d, 0xcc, 0x1b, 0x25, 0x0a, 0x14, 0x74, 0x65, 0x6d, 0x70, 0x6f, 0x72, 0x61, 0x6c,
	0x2d, 0x72, 0x65, 0x73, 0x6f, 0x75, 0x72, 0x63, 0x65, 0x2d, 0x69, 0x64, 0x12, 0x0d, 0x7b, 0x72,
	0x65, 0x73, 0x6f, 0x75, 0x72, 0x63, 0x65, 0x5f, 0x69, 0x64, 0x7d, 0x82, 0xd3, 0xe4, 0x93, 0x02,
	0xe8, 0x02, 0x3a, 0x01, 0x2a, 0x5a, 0x50, 0x3a, 0x01, 0x2a, 0x22, 0x4b, 0x2f, 0x61, 0x70, 0x69,
	0x2f, 0x76, 0x31, 0x2f, 0x6e, 0x61, 0x6d, 0x65, 0x73, 0x70, 0x61, 0x63, 0x65, 0x73, 0x2f, 0x7b,
	0x6e, 0x61, 0x6d, 0x65, 0x73, 0x70, 0x61, 0x63, 0x65, 0x7d, 0x2f, 0x61, 0x63, 0x74, 0x69, 0x76,
	0x69, 0x74, 0x69, 0x65, 0x73, 0x2f, 0x7b, 0x61, 0x63, 0x74, 0x69, 0x76, 0x69, 0x74, 0x79, 0x5f,
	0x69, 0x64, 0x7d, 0x2f, 0x72, 0x65, 0x73, 0x6f, 0x6c, 0x76, 0x65, 0x2d, 0x61, 0x73, 0x2d, 0x63,
	0x61, 0x6e, 0x63, 0x65, 0x6c, 0x65, 0x64, 0x5a, 0x61, 0x3a, 0x01, 0x2a, 0x22, 0x5c, 0x2f, 0x6e,
	0x61, 0x6d, 0x65, 0x73, 0x70, 0x61, 0x63, 0x65, 0x73, 0x2f, 0x7b, 0x6e, 0x61, 0x6d, 0x65, 0x73,
	0x70, 0x61, 0x63, 0x65, 0x7d, 0x2f, 0x77, 0x6f, 0x72, 0x6b, 0x66, 0x6c, 0x6f, 0x77, 0x73, 0x2f,
	0x7b, 0x77, 0x6f, 0x72, 0x6b, 0x66, 0x6c, 0x6f, 0x77, 0x5f, 0x69, 0x64, 0x7d, 0x2f, 0x61, 0x63,
	0x74, 0x69, 0x76, 0x69, 0x74, 0x69, 0x65, 0x73, 0x2f, 0x7b, 0x61, 0x63, 0x74, 0x69, 0x76, 0x69,
	0x74, 0x79, 0x5f, 0x69, 0x64, 0x7d, 0x2f, 0x72, 0x65, 0x73, 0x6f, 0x6c, 0x76, 0x65, 0x2d, 0x61,
	0x73, 0x2d, 0x63, 0x61, 0x6e, 0x63, 0x65, 0x6c, 0x65, 0x64, 0x5a, 0x68, 0x3a, 0x01, 0x2a, 0x22,
	0x63, 0x2f, 0x61, 0x70, 0x69, 0x2f, 0x76, 0x31, 0x2f, 0x6e, 0x61, 0x6d, 0x65, 0x73, 0x70, 0x61,
	0x63, 0x65, 0x73, 0x2f, 0x7b, 0x6e, 0x61, 0x6d, 0x65, 0x73, 0x70, 0x61, 0x63, 0x65, 0x7d, 0x2f,
	0x77, 0x6f, 0x72, 0x6b, 0x66, 0x6c, 0x6f, 0x77, 0x73, 0x2f, 0x7b, 0x77, 0x6f, 0x72, 0x6b, 0x66,
	0x6c, 0x6f, 0x77, 0x5f, 0x69, 0x64, 0x7d, 0x2f, 0x61, 0x63, 0x74, 0x69, 0x76, 0x69, 0x74, 0x69,
	0x65, 0x73, 0x2f, 0x7b, 0x61, 0x63, 0x74, 0x69, 0x76, 0x69, 0x74, 0x79, 0x5f, 0x69, 0x64, 0x7d,
	0x2f, 0x72, 0x65, 0x73, 0x6f, 0x6c, 0x76, 0x65, 0x2d, 0x61, 0x73, 0x2d, 0x63, 0x61, 0x6e, 0x63,
	0x65, 0x6c, 0x65, 0x64, 0x22, 0x44, 0x2f, 0x6e, 0x61, 0x6d, 0x65, 0x73, 0x70, 0x61, 0x63, 0x65,
	0x73, 0x2f, 0x7b, 0x6e, 0x61, 0x6d, 0x65, 0x73, 0x70, 0x61, 0x63, 0x65, 0x7d, 0x2f, 0x61, 0x63,
	0x74, 0x69, 0x76, 0x69, 0x74, 0x69, 0x65, 0x73, 0x2f, 0x7b, 0x61, 0x63, 0x74, 0x69, 0x76, 0x69,
	0x74, 0x79, 0x5f, 0x69, 0x64, 0x7d, 0x2f, 0x72, 0x65, 0x73, 0x6f, 0x6c, 0x76, 0x65, 0x2d, 0x61,
	0x73, 0x2d, 0x63, 0x61, 0x6e, 0x63, 0x65, 0x6c, 0x65, 0x64, 0x12, 0xa6, 0x03, 0x0a, 0x1e, 0x52,
	0x65, 0x71, 0x75, 0x65, 0x73, 0x74, 0x43, 0x61, 0x6e, 0x63, 0x65, 0x6c, 0x57, 0x6f, 0x72, 0x6b,
	0x66, 0x6c, 0x6f, 0x77, 0x45, 0x78, 0x65, 0x63, 0x75, 0x74, 0x69, 0x6f, 0x6e, 0x12, 0x46, 0x2e,
	0x74, 0x65, 0x6d, 0x70, 0x6f, 0x72, 0x61, 0x6c, 0x2e, 0x61, 0x70, 0x69, 0x2e, 0x77, 0x6f, 0x72,
	0x6b, 0x66, 0x6c, 0x6f, 0x77, 0x73, 0x65, 0x72, 0x76, 0x69, 0x63, 0x65, 0x2e, 0x76, 0x31, 0x2e,
	0x52, 0x65, 0x71, 0x75, 0x65, 0x73, 0x74, 0x43, 0x61, 0x6e, 0x63, 0x65, 0x6c, 0x57, 0x6f, 0x72,
	0x6b, 0x66, 0x6c, 0x6f, 0x77, 0x45, 0x78, 0x65, 0x63, 0x75, 0x74, 0x69, 0x6f, 0x6e, 0x52, 0x65,
	0x71, 0x75, 0x65, 0x73, 0x74, 0x1a, 0x47, 0x2e, 0x74, 0x65, 0x6d, 0x70, 0x6f, 0x72, 0x61, 0x6c,
	0x2e, 0x61, 0x70, 0x69, 0x2e, 0x77, 0x6f, 0x72, 0x6b, 0x66, 0x6c, 0x6f, 0x77, 0x73, 0x65, 0x72,
	0x76, 0x69, 0x63, 0x65, 0x2e, 0x76, 0x31, 0x2e, 0x52, 0x65, 0x71, 0x75, 0x65, 0x73, 0x74, 0x43,
	0x61, 0x6e, 0x63, 0x65, 0x6c, 0x57, 0x6f, 0x72, 0x6b, 0x66, 0x6c, 0x6f, 0x77, 0x45, 0x78, 0x65,
	0x63, 0x75, 0x74, 0x69, 0x6f, 0x6e, 0x52, 0x65, 0x73, 0x70, 0x6f, 0x6e, 0x73, 0x65, 0x22, 0xf2,
	0x01, 0x8a, 0x9d, 0xcc, 0x1b, 0x41, 0x0a, 0x14, 0x74, 0x65, 0x6d, 0x70, 0x6f, 0x72, 0x61, 0x6c,
	0x2d, 0x72, 0x65, 0x73, 0x6f, 0x75, 0x72, 0x63, 0x65, 0x2d, 0x69, 0x64, 0x12, 0x29, 0x77, 0x6f,
	0x72, 0x6b, 0x66, 0x6c, 0x6f, 0x77, 0x3a, 0x7b, 0x77, 0x6f, 0x72, 0x6b, 0x66, 0x6c, 0x6f, 0x77,
	0x5f, 0x65, 0x78, 0x65, 0x63, 0x75, 0x74, 0x69, 0x6f, 0x6e, 0x2e, 0x77, 0x6f, 0x72, 0x6b, 0x66,
	0x6c, 0x6f, 0x77, 0x5f, 0x69, 0x64, 0x7d, 0x82, 0xd3, 0xe4, 0x93, 0x02, 0xa5, 0x01, 0x3a, 0x01,
	0x2a, 0x5a, 0x55, 0x3a, 0x01, 0x2a, 0x22, 0x50, 0x2f, 0x61, 0x70, 0x69, 0x2f, 0x76, 0x31, 0x2f,
	0x6e, 0x61, 0x6d, 0x65, 0x73, 0x70, 0x61, 0x63, 0x65, 0x73, 0x2f, 0x7b, 0x6e, 0x61, 0x6d, 0x65,
	0x73, 0x70, 0x61, 0x63, 0x65, 0x7d, 0x2f, 0x77, 0x6f, 0x72, 0x6b, 0x66, 0x6c, 0x6f, 0x77, 0x73,
	0x2f, 0x7b, 0x77, 0x6f, 0x72, 0x6b, 0x66, 0x6c, 0x6f, 0x77, 0x5f, 0x65, 0x78, 0x65, 0x63, 0x75,
	0x74, 0x69, 0x6f, 0x6e, 0x2e, 0x77, 0x6f, 0x72, 0x6b, 0x66, 0x6c, 0x6f, 0x77, 0x5f, 0x69, 0x64,
	0x7d, 0x2f, 0x63, 0x61, 0x6e, 0x63, 0x65, 0x6c, 0x22, 0x49, 0x2f, 0x6e, 0x61, 0x6d, 0x65, 0x73,
	0x70, 0x61, 0x63, 0x65, 0x73, 0x2f, 0x7b, 0x6e, 0x61, 0x6d, 0x65, 0x73, 0x70, 0x61, 0x63, 0x65,
	0x7d, 0x2f, 0x77, 0x6f, 0x72, 0x6b, 0x66, 0x6c, 0x6f, 0x77, 0x73, 0x2f, 0x7b, 0x77, 0x6f, 0x72,
	0x6b, 0x66, 0x6c, 0x6f, 0x77, 0x5f, 0x65, 0x78, 0x65, 0x63, 0x75, 0x74, 0x69, 0x6f, 0x6e, 0x2e,
	0x77, 0x6f, 0x72, 0x6b, 0x66, 0x6c, 0x6f, 0x77, 0x5f, 0x69, 0x64, 0x7d, 0x2f, 0x63, 0x61, 0x6e,
	0x63, 0x65, 0x6c, 0x12, 0xad, 0x03, 0x0a, 0x17, 0x53, 0x69, 0x67, 0x6e, 0x61, 0x6c, 0x57, 0x6f,
	0x72, 0x6b, 0x66, 0x6c, 0x6f, 0x77, 0x45, 0x78, 0x65, 0x63, 0x75, 0x74, 0x69, 0x6f, 0x6e, 0x12,
	0x3f, 0x2e, 0x74, 0x65, 0x6d, 0x70, 0x6f, 0x72, 0x61, 0x6c, 0x2e, 0x61, 0x70, 0x69, 0x2e, 0x77,
	0x6f, 0x72, 0x6b, 0x66, 0x6c, 0x6f, 0x77, 0x73, 0x65, 0x72, 0x76, 0x69, 0x63, 0x65, 0x2e, 0x76,
	0x31, 0x2e, 0x53, 0x69, 0x67, 0x6e, 0x61, 0x6c, 0x57, 0x6f, 0x72, 0x6b, 0x66, 0x6c, 0x6f, 0x77,
	0x45, 0x78, 0x65, 0x63, 0x75, 0x74, 0x69, 0x6f, 0x6e, 0x52, 0x65, 0x71, 0x75, 0x65, 0x73, 0x74,
	0x1a, 0x40, 0x2e, 0x74, 0x65, 0x6d, 0x70, 0x6f, 0x72, 0x61, 0x6c, 0x2e, 0x61, 0x70, 0x69, 0x2e,
	0x77, 0x6f, 0x72, 0x6b, 0x66, 0x6c, 0x6f, 0x77, 0x73, 0x65, 0x72, 0x76, 0x69, 0x63, 0x65, 0x2e,
	0x76, 0x31, 0x2e, 0x53, 0x69, 0x67, 0x6e, 0x61, 0x6c, 0x57, 0x6f, 0x72, 0x6b, 0x66, 0x6c, 0x6f,
	0x77, 0x45, 0x78, 0x65, 0x63, 0x75, 0x74, 0x69, 0x6f, 0x6e, 0x52, 0x65, 0x73, 0x70, 0x6f, 0x6e,
	0x73, 0x65, 0x22, 0x8e, 0x02, 0x8a, 0x9d, 0xcc, 0x1b, 0x41, 0x0a, 0x14, 0x74, 0x65, 0x6d, 0x70,
	0x6f, 0x72, 0x61, 0x6c, 0x2d, 0x72, 0x65, 0x73, 0x6f, 0x75, 0x72, 0x63, 0x65, 0x2d, 0x69, 0x64,
	0x12, 0x29, 0x77, 0x6f, 0x72, 0x6b, 0x66, 0x6c, 0x6f, 0x77, 0x3a, 0x7b, 0x77, 0x6f, 0x72, 0x6b,
	0x66, 0x6c, 0x6f, 0x77, 0x5f, 0x65, 0x78, 0x65, 0x63, 0x75, 0x74, 0x69, 0x6f, 0x6e, 0x2e, 0x77,
	0x6f, 0x72, 0x6b, 0x66, 0x6c, 0x6f, 0x77, 0x5f, 0x69, 0x64, 0x7d, 0x82, 0xd3, 0xe4, 0x93, 0x02,
	0xc1, 0x01, 0x3a, 0x01, 0x2a, 0x5a, 0x63, 0x3a, 0x01, 0x2a, 0x22, 0x5e, 0x2f, 0x61, 0x70, 0x69,
	0x2f, 0x76, 0x31, 0x2f, 0x6e, 0x61, 0x6d, 0x65, 0x73, 0x70, 0x61, 0x63, 0x65, 0x73, 0x2f, 0x7b,
	0x6e, 0x61, 0x6d, 0x65, 0x73, 0x70, 0x61, 0x63, 0x65, 0x7d, 0x2f, 0x77, 0x6f, 0x72, 0x6b, 0x66,
	0x6c, 0x6f, 0x77, 0x73, 0x2f, 0x7b, 0x77, 0x6f, 0x72, 0x6b, 0x66, 0x6c, 0x6f, 0x77, 0x5f, 0x65,
	0x78, 0x65, 0x63, 0x75, 0x74, 0x69, 0x6f, 0x6e, 0x2e, 0x77, 0x6f, 0x72, 0x6b, 0x66, 0x6c, 0x6f,
	0x77, 0x5f, 0x69, 0x64, 0x7d, 0x2f, 0x73, 0x69, 0x67, 0x6e, 0x61, 0x6c, 0x2f, 0x7b, 0x73, 0x69,
	0x67, 0x6e, 0x61, 0x6c, 0x5f, 0x6e, 0x61, 0x6d, 0x65, 0x7d, 0x22, 0x57, 0x2f, 0x6e, 0x61, 0x6d,
	0x65, 0x73, 0x70, 0x61, 0x63, 0x65, 0x73, 0x2f, 0x7b, 0x6e, 0x61, 0x6d, 0x65, 0x73, 0x70, 0x61,
	0x63, 0x65, 0x7d, 0x2f, 0x77, 0x6f, 0x72, 0x6b, 0x66, 0x6c, 0x6f, 0x77, 0x73, 0x2f, 0x7b, 0x77,
	0x6f, 0x72, 0x6b, 0x66, 0x6c, 0x6f, 0x77, 0x5f, 0x65, 0x78, 0x65, 0x63, 0x75, 0x74, 0x69, 0x6f,
	0x6e, 0x2e, 0x77, 0x6f, 0x72, 0x6b, 0x66, 0x6c, 0x6f, 0x77, 0x5f, 0x69, 0x64, 0x7d, 0x2f, 0x73,
	0x69, 0x67, 0x6e, 0x61, 0x6c, 0x2f, 0x7b, 0x73, 0x69, 0x67, 0x6e, 0x61, 0x6c, 0x5f, 0x6e, 0x61,
	0x6d, 0x65, 0x7d, 0x12, 0xb2, 0x03, 0x0a, 0x20, 0x53, 0x69, 0x67, 0x6e, 0x61, 0x6c, 0x57, 0x69,
	0x74, 0x68, 0x53, 0x74, 0x61, 0x72, 0x74, 0x57, 0x6f, 0x72, 0x6b, 0x66, 0x6c, 0x6f, 0x77, 0x45,
	0x78, 0x65, 0x63, 0x75, 0x74, 0x69, 0x6f, 0x6e, 0x12, 0x48, 0x2e, 0x74, 0x65, 0x6d, 0x70, 0x6f,
	0x72, 0x61, 0x6c, 0x2e, 0x61, 0x70, 0x69, 0x2e, 0x77, 0x6f, 0x72, 0x6b, 0x66, 0x6c, 0x6f, 0x77,
	0x73, 0x65, 0x72, 0x76, 0x69, 0x63, 0x65, 0x2e, 0x76, 0x31, 0x2e, 0x53, 0x69, 0x67, 0x6e, 0x61,
	0x6c, 0x57, 0x69, 0x74, 0x68, 0x53, 0x74, 0x61, 0x72, 0x74, 0x57, 0x6f, 0x72, 0x6b, 0x66, 0x6c,
	0x6f, 0x77, 0x45, 0x78, 0x65, 0x63, 0x75, 0x74, 0x69, 0x6f, 0x6e, 0x52, 0x65, 0x71, 0x75, 0x65,
	0x73, 0x74, 0x1a, 0x49, 0x2e, 0x74, 0x65, 0x6d, 0x70, 0x6f, 0x72, 0x61, 0x6c, 0x2e, 0x61, 0x70,
	0x69, 0x2e, 0x77, 0x6f, 0x72, 0x6b, 0x66, 0x6c, 0x6f, 0x77, 0x73, 0x65, 0x72, 0x76, 0x69, 0x63,
	0x65, 0x2e, 0x76, 0x31, 0x2e, 0x53, 0x69, 0x67, 0x6e, 0x61, 0x6c, 0x57, 0x69, 0x74, 0x68, 0x53,
	0x74, 0x61, 0x72, 0x74, 0x57, 0x6f, 0x72, 0x6b, 0x66, 0x6c, 0x6f, 0x77, 0x45, 0x78, 0x65, 0x63,
	0x75, 0x74, 0x69, 0x6f, 0x6e, 0x52, 0x65, 0x73, 0x70, 0x6f, 0x6e, 0x73, 0x65, 0x22, 0xf8, 0x01,
	0xd2, 0x82, 0x04, 0x09, 0x12, 0x07, 0x65, 0x78, 0x70, 0x6f, 0x73, 0x65, 0x64, 0x8a, 0x9d, 0xcc,
	0x1b, 0x2e, 0x0a, 0x14, 0x74, 0x65, 0x6d, 0x70, 0x6f, 0x72, 0x61, 0x6c, 0x2d, 0x72, 0x65, 0x73,
	0x6f, 0x75, 0x72, 0x63, 0x65, 0x2d, 0x69, 0x64, 0x12, 0x16, 0x77, 0x6f, 0x72, 0x6b, 0x66, 0x6c,
	0x6f, 0x77, 0x3a, 0x7b, 0x77, 0x6f, 0x72, 0x6b, 0x66, 0x6c, 0x6f, 0x77, 0x5f, 0x69, 0x64, 0x7d,
	0x82, 0xd3, 0xe4, 0x93, 0x02, 0xb1, 0x01, 0x3a, 0x01, 0x2a, 0x5a, 0x5b, 0x3a, 0x01, 0x2a, 0x22,
	0x56, 0x2f, 0x61, 0x70, 0x69, 0x2f, 0x76, 0x31, 0x2f, 0x6e, 0x61, 0x6d, 0x65, 0x73, 0x70, 0x61,
	0x63, 0x65, 0x73, 0x2f, 0x7b, 0x6e, 0x61, 0x6d, 0x65, 0x73, 0x70, 0x61, 0x63, 0x65, 0x7d, 0x2f,
	0x77, 0x6f, 0x72, 0x6b, 0x66, 0x6c, 0x6f, 0x77, 0x73, 0x2f, 0x7b, 0x77, 0x6f, 0x72, 0x6b, 0x66,
	0x6c, 0x6f, 0x77, 0x5f, 0x69, 0x64, 0x7d, 0x2f, 0x73, 0x69, 0x67, 0x6e, 0x61, 0x6c, 0x2d, 0x77,
	0x69, 0x74, 0x68, 0x2d, 0x73, 0x74, 0x61, 0x72, 0x74, 0x2f, 0x7b, 0x73, 0x69, 0x67, 0x6e, 0x61,
	0x6c, 0x5f, 0x6e, 0x61, 0x6d, 0x65, 0x7d, 0x22, 0x4f, 0x2f, 0x6e, 0x61, 0x6d, 0x65, 0x73, 0x70,
	0x61, 0x63, 0x65, 0x73, 0x2f, 0x7b, 0x6e, 0x61, 0x6d, 0x65, 0x73, 0x70, 0x61, 0x63, 0x65, 0x7d,
	0x2f, 0x77, 0x6f, 0x72, 0x6b, 0x66, 0x6c, 0x6f, 0x77, 0x73, 0x2f, 0x7b, 0x77, 0x6f, 0x72, 0x6b,
	0x66, 0x6c, 0x6f, 0x77, 0x5f, 0x69, 0x64, 0x7d, 0x2f, 0x73, 0x69, 0x67, 0x6e, 0x61, 0x6c, 0x2d,
	0x77, 0x69, 0x74, 0x68, 0x2d, 0x73, 0x74, 0x61, 0x72, 0x74, 0x2f, 0x7b, 0x73, 0x69, 0x67, 0x6e,
	0x61, 0x6c, 0x5f, 0x6e, 0x61, 0x6d, 0x65, 0x7d, 0x12, 0x8c, 0x03, 0x0a, 0x16, 0x52, 0x65, 0x73,
	0x65, 0x74, 0x57, 0x6f, 0x72, 0x6b, 0x66, 0x6c, 0x6f, 0x77, 0x45, 0x78, 0x65, 0x63, 0x75, 0x74,
	0x69, 0x6f, 0x6e, 0x12, 0x3e, 0x2e, 0x74, 0x65, 0x6d, 0x70, 0x6f, 0x72, 0x61, 0x6c, 0x2e, 0x61,
	0x70, 0x69, 0x2e, 0x77, 0x6f, 0x72, 0x6b, 0x66, 0x6c, 0x6f, 0x77, 0x73, 0x65, 0x72, 0x76, 0x69,
	0x63, 0x65, 0x2e, 0x76, 0x31, 0x2e, 0x52, 0x65, 0x73, 0x65, 0x74, 0x57, 0x6f, 0x72, 0x6b, 0x66,
	0x6c, 0x6f, 0x77, 0x45, 0x78, 0x65, 0x63, 0x75, 0x74, 0x69, 0x6f, 0x6e, 0x52, 0x65, 0x71, 0x75,
	0x65, 0x73, 0x74, 0x1a, 0x3f, 0x2e, 0x74, 0x65, 0x6d, 0x70, 0x6f, 0x72, 0x61, 0x6c, 0x2e, 0x61,
	0x70, 0x69, 0x2e, 0x77, 0x6f, 0x72, 0x6b, 0x66, 0x6c, 0x6f, 0x77, 0x73, 0x65, 0x72, 0x76, 0x69,
	0x63, 0x65, 0x2e, 0x76, 0x31, 0x2e, 0x52, 0x65, 0x73, 0x65, 0x74, 0x57, 0x6f, 0x72, 0x6b, 0x66,
	0x6c, 0x6f, 0x77, 0x45, 0x78, 0x65, 0x63, 0x75, 0x74, 0x69, 0x6f, 0x6e, 0x52, 0x65, 0x73, 0x70,
	0x6f, 0x6e, 0x73, 0x65, 0x22, 0xf0, 0x01, 0x8a, 0x9d, 0xcc, 0x1b, 0x41, 0x0a, 0x14, 0x74, 0x65,
	0x6d, 0x70, 0x6f, 0x72, 0x61, 0x6c, 0x2d, 0x72, 0x65, 0x73, 0x6f, 0x75, 0x72, 0x63, 0x65, 0x2d,
	0x69, 0x64, 0x12, 0x29, 0x77, 0x6f, 0x72, 0x6b, 0x66, 0x6c, 0x6f, 0x77, 0x3a, 0x7b, 0x77, 0x6f,
	0x72, 0x6b, 0x66, 0x6c, 0x6f, 0x77, 0x5f, 0x65, 0x78, 0x65, 0x63, 0x75, 0x74, 0x69, 0x6f, 0x6e,
	0x2e, 0x77, 0x6f, 0x72, 0x6b, 0x66, 0x6c, 0x6f, 0x77, 0x5f, 0x69, 0x64, 0x7d, 0x82, 0xd3, 0xe4,
	0x93, 0x02, 0xa3, 0x01, 0x3a, 0x01, 0x2a, 0x5a, 0x54, 0x3a, 0x01, 0x2a, 0x22, 0x4f, 0x2f, 0x61,
	0x70, 0x69, 0x2f, 0x76, 0x31, 0x2f, 0x6e, 0x61, 0x6d, 0x65, 0x73, 0x70, 0x61, 0x63, 0x65, 0x73,
	0x2f, 0x7b, 0x6e, 0x61, 0x6d, 0x65, 0x73, 0x70, 0x61, 0x63, 0x65, 0x7d, 0x2f, 0x77, 0x6f, 0x72,
	0x6b, 0x66, 0x6c, 0x6f, 0x77, 0x73, 0x2f, 0x7b, 0x77, 0x6f, 0x72, 0x6b, 0x66, 0x6c, 0x6f, 0x77,
	0x5f, 0x65, 0x78, 0x65, 0x63, 0x75, 0x74, 0x69, 0x6f, 0x6e, 0x2e, 0x77, 0x6f, 0x72, 0x6b, 0x66,
	0x6c, 0x6f, 0x77, 0x5f, 0x69, 0x64, 0x7d, 0x2f, 0x72, 0x65, 0x73, 0x65, 0x74, 0x22, 0x48, 0x2f,
	0x6e, 0x61, 0x6d, 0x65, 0x73, 0x70, 0x61, 0x63, 0x65, 0x73, 0x2f, 0x7b, 0x6e, 0x61, 0x6d, 0x65,
	0x73, 0x70, 0x61, 0x63, 0x65, 0x7d, 0x2f, 0x77, 0x6f, 0x72, 0x6b, 0x66, 0x6c, 0x6f, 0x77, 0x73,
	0x2f, 0x7b, 0x77, 0x6f, 0x72, 0x6b, 0x66, 0x6c, 0x6f, 0x77, 0x5f, 0x65, 0x78, 0x65, 0x63, 0x75,
	0x74, 0x69, 0x6f, 0x6e, 0x2e, 0x77, 0x6f, 0x72, 0x6b, 0x66, 0x6c, 0x6f, 0x77, 0x5f, 0x69, 0x64,
	0x7d, 0x2f, 0x72, 0x65, 0x73, 0x65, 0x74, 0x12, 0xa0, 0x03, 0x0a, 0x1a, 0x54, 0x65, 0x72, 0x6d,
	0x69, 0x6e, 0x61, 0x74, 0x65, 0x57, 0x6f, 0x72, 0x6b, 0x66, 0x6c, 0x6f, 0x77, 0x45, 0x78, 0x65,
	0x63, 0x75, 0x74, 0x69, 0x6f, 0x6e, 0x12, 0x42, 0x2e, 0x74, 0x65, 0x6d, 0x70, 0x6f, 0x72, 0x61,
	0x6c, 0x2e, 0x61, 0x70, 0x69, 0x2e, 0x77, 0x6f, 0x72, 0x6b, 0x66, 0x6c, 0x6f, 0x77, 0x73, 0x65,
	0x72, 0x76, 0x69, 0x63, 0x65, 0x2e, 0x76, 0x31, 0x2e, 0x54, 0x65, 0x72, 0x6d, 0x69, 0x6e, 0x61,
	0x74, 0x65, 0x57, 0x6f, 0x72, 0x6b, 0x66, 0x6c, 0x6f, 0x77, 0x45, 0x78, 0x65, 0x63, 0x75, 0x74,
	0x69, 0x6f, 0x6e, 0x52, 0x65, 0x71, 0x75, 0x65, 0x73, 0x74, 0x1a, 0x43, 0x2e, 0x74, 0x65, 0x6d,
	0x70, 0x6f, 0x72, 0x61, 0x6c, 0x2e, 0x61, 0x70, 0x69, 0x2e, 0x77, 0x6f, 0x72, 0x6b, 0x66, 0x6c,
	0x6f, 0x77, 0x73, 0x65, 0x72, 0x76, 0x69, 0x63, 0x65, 0x2e, 0x76, 0x31, 0x2e, 0x54, 0x65, 0x72,
	0x6d, 0x69, 0x6e, 0x61, 0x74, 0x65, 0x57, 0x6f, 0x72, 0x6b, 0x66, 0x6c, 0x6f, 0x77, 0x45, 0x78,
	0x65, 0x63, 0x75, 0x74, 0x69, 0x6f, 0x6e, 0x52, 0x65, 0x73, 0x70, 0x6f, 0x6e, 0x73, 0x65, 0x22,
	0xf8, 0x01, 0x8a, 0x9d, 0xcc, 0x1b, 0x41, 0x0a, 0x14, 0x74, 0x65, 0x6d, 0x70, 0x6f, 0x72, 0x61,
	0x6c, 0x2d, 0x72, 0x65, 0x73, 0x6f, 0x75, 0x72, 0x63, 0x65, 0x2d, 0x69, 0x64, 0x12, 0x29, 0x77,
	0x6f, 0x72, 0x6b, 0x66, 0x6c, 0x6f, 0x77, 0x3a, 0x7b, 0x77, 0x6f, 0x72, 0x6b, 0x66, 0x6c, 0x6f,
	0x77, 0x5f, 0x65, 0x78, 0x65, 0x63, 0x75, 0x74, 0x69, 0x6f, 0x6e, 0x2e, 0x77, 0x6f, 0x72, 0x6b,
	0x66, 0x6c, 0x6f, 0x77, 0x5f, 0x69, 0x64, 0x7d, 0x82, 0xd3, 0xe4, 0x93, 0x02, 0xab, 0x01, 0x3a,
	0x01, 0x2a, 0x5a, 0x58, 0x3a, 0x01, 0x2a, 0x22, 0x53, 0x2f, 0x61, 0x70, 0x69, 0x2f, 0x76, 0x31,
	0x2f, 0x6e, 0x61, 0x6d, 0x65, 0x73, 0x70, 0x61, 0x63, 0x65, 0x73, 0x2f, 0x7b, 0x6e, 0x61, 0x6d,
	0x65, 0x73, 0x70, 0x61, 0x63, 0x65, 0x7d, 0x2f, 0x77, 0x6f, 0x72, 0x6b, 0x66, 0x6c, 0x6f, 0x77,
	0x73, 0x2f, 0x7b, 0x77, 0x6f, 0x72, 0x6b, 0x66, 0x6c, 0x6f, 0x77, 0x5f, 0x65, 0x78, 0x65, 0x63,
	0x75, 0x74, 0x69, 0x6f, 0x6e, 0x2e, 0x77, 0x6f, 0x72, 0x6b, 0x66, 0x6c, 0x6f, 0x77, 0x5f, 0x69,
	0x64, 0x7d, 0x2f, 0x74, 0x65, 0x72, 0x6d, 0x69, 0x6e, 0x61, 0x74, 0x65, 0x22, 0x4c, 0x2f, 0x6e,
	0x61, 0x6d, 0x65, 0x73, 0x70, 0x61, 0x63, 0x65, 0x73, 0x2f, 0x7b, 0x6e, 0x61, 0x6d, 0x65, 0x73,
	0x70, 0x61, 0x63, 0x65, 0x7d, 0x2f, 0x77, 0x6f, 0x72, 0x6b, 0x66, 0x6c, 0x6f, 0x77, 0x73, 0x2f,
	0x7b, 0x77, 0x6f, 0x72, 0x6b, 0x66, 0x6c, 0x6f, 0x77, 0x5f, 0x65, 0x78, 0x65, 0x63, 0x75, 0x74,
	0x69, 0x6f, 0x6e, 0x2e, 0x77, 0x6f, 0x72, 0x6b, 0x66, 0x6c, 0x6f, 0x77, 0x5f, 0x69, 0x64, 0x7d,
	0x2f, 0x74, 0x65, 0x72, 0x6d, 0x69, 0x6e, 0x61, 0x74, 0x65, 0x12, 0xe4, 0x01, 0x0a, 0x17, 0x44,
	0x65, 0x6c, 0x65, 0x74, 0x65, 0x57, 0x6f, 0x72, 0x6b, 0x66, 0x6c, 0x6f, 0x77, 0x45, 0x78, 0x65,
	0x63, 0x75, 0x74, 0x69, 0x6f, 0x6e, 0x12, 0x3f, 0x2e, 0x74, 0x65, 0x6d, 0x70, 0x6f, 0x72, 0x61,
	0x6c, 0x2e, 0x61, 0x70, 0x69, 0x2e, 0x77, 0x6f, 0x72, 0x6b, 0x66, 0x6c, 0x6f, 0x77, 0x73, 0x65,
	0x72, 0x76, 0x69, 0x63, 0x65, 0x2e, 0x76, 0x31, 0x2e, 0x44, 0x65, 0x6c, 0x65, 0x74, 0x65, 0x57,
	0x6f, 0x72, 0x6b, 0x66, 0x6c, 0x6f, 0x77, 0x45, 0x78, 0x65, 0x63, 0x75, 0x74, 0x69, 0x6f, 0x6e,
	0x52, 0x65, 0x71, 0x75, 0x65, 0x73, 0x74, 0x1a, 0x40, 0x2e, 0x74, 0x65, 0x6d, 0x70, 0x6f, 0x72,
	0x61, 0x6c, 0x2e, 0x61, 0x70, 0x69, 0x2e, 0x77, 0x6f, 0x72, 0x6b, 0x66, 0x6c, 0x6f, 0x77, 0x73,
	0x65, 0x72, 0x76, 0x69, 0x63, 0x65, 0x2e, 0x76, 0x31, 0x2e, 0x44, 0x65, 0x6c, 0x65, 0x74, 0x65,
	0x57, 0x6f, 0x72, 0x6b, 0x66, 0x6c, 0x6f, 0x77, 0x45, 0x78, 0x65, 0x63, 0x75, 0x74, 0x69, 0x6f,
	0x6e, 0x52, 0x65, 0x73, 0x70, 0x6f, 0x6e, 0x73, 0x65, 0x22, 0x46, 0x8a, 0x9d, 0xcc, 0x1b, 0x41,
	0x0a, 0x14, 0x74, 0x65, 0x6d, 0x70, 0x6f, 0x72, 0x61, 0x6c, 0x2d, 0x72, 0x65, 0x73, 0x6f, 0x75,
	0x72, 0x63, 0x65, 0x2d, 0x69, 0x64, 0x12, 0x29, 0x77, 0x6f, 0x72, 0x6b, 0x66, 0x6c, 0x6f, 0x77,
	0x3a, 0x7b, 0x77, 0x6f, 0x72, 0x6b, 0x66, 0x6c, 0x6f, 0x77, 0x5f, 0x65, 0x78, 0x65, 0x63, 0x75,
	0x74, 0x69, 0x6f, 0x6e, 0x2e, 0x77, 0x6f, 0x72, 0x6b, 0x66, 0x6c, 0x6f, 0x77, 0x5f, 0x69, 0x64,
	0x7d, 0x12, 0xa7, 0x01, 0x0a, 0x1a, 0x4c, 0x69, 0x73, 0x74, 0x4f, 0x70, 0x65, 0x6e, 0x57, 0x6f,
	0x72, 0x6b, 0x66, 0x6c, 0x6f, 0x77, 0x45, 0x78, 0x65, 0x63, 0x75, 0x74, 0x69, 0x6f, 0x6e, 0x73,
	0x12, 0x42, 0x2e, 0x74, 0x65, 0x6d, 0x70, 0x6f, 0x72, 0x61, 0x6c, 0x2e, 0x61, 0x70, 0x69, 0x2e,
	0x77, 0x6f, 0x72, 0x6b, 0x66, 0x6c, 0x6f, 0x77, 0x73, 0x65, 0x72, 0x76, 0x69, 0x63, 0x65, 0x2e,
	0x76, 0x31, 0x2e, 0x4c, 0x69, 0x73, 0x74, 0x4f, 0x70, 0x65, 0x6e, 0x57, 0x6f, 0x72, 0x6b, 0x66,
	0x6c, 0x6f, 0x77, 0x45, 0x78, 0x65, 0x63, 0x75, 0x74, 0x69, 0x6f, 0x6e, 0x73, 0x52, 0x65, 0x71,
	0x75, 0x65, 0x73, 0x74, 0x1a, 0x43, 0x2e, 0x74, 0x65, 0x6d, 0x70, 0x6f, 0x72, 0x61, 0x6c, 0x2e,
	0x61, 0x70, 0x69, 0x2e, 0x77, 0x6f, 0x72, 0x6b, 0x66, 0x6c, 0x6f, 0x77, 0x73, 0x65, 0x72, 0x76,
	0x69, 0x63, 0x65, 0x2e, 0x76, 0x31, 0x2e, 0x4c, 0x69, 0x73, 0x74, 0x4f, 0x70, 0x65, 0x6e, 0x57,
	0x6f, 0x72, 0x6b, 0x66, 0x6c, 0x6f, 0x77, 0x45, 0x78, 0x65, 0x63, 0x75, 0x74, 0x69, 0x6f, 0x6e,
	0x73, 0x52, 0x65, 0x73, 0x70, 0x6f, 0x6e, 0x73, 0x65, 0x22, 0x00, 0x12, 0xad, 0x01, 0x0a, 0x1c,
	0x4c, 0x69, 0x73, 0x74, 0x43, 0x6c, 0x6f, 0x73, 0x65, 0x64, 0x57, 0x6f, 0x72, 0x6b, 0x66, 0x6c,
	0x6f, 0x77, 0x45, 0x78, 0x65, 0x63, 0x75, 0x74, 0x69, 0x6f, 0x6e, 0x73, 0x12, 0x44, 0x2e, 0x74,
	0x65, 0x6d, 0x70, 0x6f, 0x72, 0x61, 0x6c, 0x2e, 0x61, 0x70, 0x69, 0x2e, 0x77, 0x6f, 0x72, 0x6b,
	0x66, 0x6c, 0x6f, 0x77, 0x73, 0x65, 0x72, 0x76, 0x69, 0x63, 0x65, 0x2e, 0x76, 0x31, 0x2e, 0x4c,
	0x69, 0x73, 0x74, 0x43, 0x6c, 0x6f, 0x73, 0x65, 0x64, 0x57, 0x6f, 0x72, 0x6b, 0x66, 0x6c, 0x6f,
	0x77, 0x45, 0x78, 0x65, 0x63, 0x75, 0x74, 0x69, 0x6f, 0x6e, 0x73, 0x52, 0x65, 0x71, 0x75, 0x65,
	0x73, 0x74, 0x1a, 0x45, 0x2e, 0x74, 0x65, 0x6d, 0x70, 0x6f, 0x72, 0x61, 0x6c, 0x2e, 0x61, 0x70,
	0x69, 0x2e, 0x77, 0x6f, 0x72, 0x6b, 0x66, 0x6c, 0x6f, 0x77, 0x73, 0x65, 0x72, 0x76, 0x69, 0x63,
	0x65, 0x2e, 0x76, 0x31, 0x2e, 0x4c, 0x69, 0x73, 0x74, 0x43, 0x6c, 0x6f, 0x73, 0x65, 0x64, 0x57,
	0x6f, 0x72, 0x6b, 0x66, 0x6c, 0x6f, 0x77, 0x45, 0x78, 0x65, 0x63, 0x75, 0x74, 0x69, 0x6f, 0x6e,
	0x73, 0x52, 0x65, 0x73, 0x70, 0x6f, 0x6e, 0x73, 0x65, 0x22, 0x00, 0x12, 0xf0, 0x01, 0x0a, 0x16,
	0x4c, 0x69, 0x73, 0x74, 0x57, 0x6f, 0x72, 0x6b, 0x66, 0x6c, 0x6f, 0x77, 0x45, 0x78, 0x65, 0x63,
	0x75, 0x74, 0x69, 0x6f, 0x6e, 0x73, 0x12, 0x3e, 0x2e, 0x74, 0x65, 0x6d, 0x70, 0x6f, 0x72, 0x61,
	0x6c, 0x2e, 0x61, 0x70, 0x69, 0x2e, 0x77, 0x6f, 0x72, 0x6b, 0x66, 0x6c, 0x6f, 0x77, 0x73, 0x65,
	0x72, 0x76, 0x69, 0x63, 0x65, 0x2e, 0x76, 0x31, 0x2e, 0x4c, 0x69, 0x73, 0x74, 0x57, 0x6f, 0x72,
	0x6b, 0x66, 0x6c, 0x6f, 0x77, 0x45, 0x78, 0x65, 0x63, 0x75, 0x74, 0x69, 0x6f, 0x6e, 0x73, 0x52,
	0x65, 0x71, 0x75, 0x65, 0x73, 0x74, 0x1a, 0x3f, 0x2e, 0x74, 0x65, 0x6d, 0x70, 0x6f, 0x72, 0x61,
	0x6c, 0x2e, 0x61, 0x70, 0x69, 0x2e, 0x77, 0x6f, 0x72, 0x6b, 0x66, 0x6c, 0x6f, 0x77, 0x73, 0x65,
	0x72, 0x76, 0x69, 0x63, 0x65, 0x2e, 0x76, 0x31, 0x2e, 0x4c, 0x69, 0x73, 0x74, 0x57, 0x6f, 0x72,
	0x6b, 0x66, 0x6c, 0x6f, 0x77, 0x45, 0x78, 0x65, 0x63, 0x75, 0x74, 0x69, 0x6f, 0x6e, 0x73, 0x52,
	0x65, 0x73, 0x70, 0x6f, 0x6e, 0x73, 0x65, 0x22, 0x55, 0x82, 0xd3, 0xe4, 0x93, 0x02, 0x4f, 0x5a,
	0x2a, 0x12, 0x28, 0x2f, 0x61, 0x70, 0x69, 0x2f, 0x76, 0x31, 0x2f, 0x6e, 0x61, 0x6d, 0x65, 0x73,
	0x70, 0x61, 0x63, 0x65, 0x73, 0x2f, 0x7b, 0x6e, 0x61, 0x6d, 0x65, 0x73, 0x70, 0x61, 0x63, 0x65,
	0x7d, 0x2f, 0x77, 0x6f, 0x72, 0x6b, 0x66, 0x6c, 0x6f, 0x77, 0x73, 0x12, 0x21, 0x2f, 0x6e, 0x61,
	0x6d, 0x65, 0x73, 0x70, 0x61, 0x63, 0x65, 0x73, 0x2f, 0x7b, 0x6e, 0x61, 0x6d, 0x65, 0x73, 0x70,
	0x61, 0x63, 0x65, 0x7d, 0x2f, 0x77, 0x6f, 0x72, 0x6b, 0x66, 0x6c, 0x6f, 0x77, 0x73, 0x12, 0x9a,
	0x02, 0x0a, 0x1e, 0x4c, 0x69, 0x73, 0x74, 0x41, 0x72, 0x63, 0x68, 0x69, 0x76, 0x65, 0x64, 0x57,
	0x6f, 0x72, 0x6b, 0x66, 0x6c, 0x6f, 0x77, 0x45, 0x78, 0x65, 0x63, 0x75, 0x74, 0x69, 0x6f, 0x6e,
	0x73, 0x12, 0x46, 0x2e, 0x74, 0x65, 0x6d, 0x70, 0x6f, 0x72, 0x61, 0x6c, 0x2e, 0x61, 0x70, 0x69,
	0x2e, 0x77, 0x6f, 0x72, 0x6b, 0x66, 0x6c, 0x6f, 0x77, 0x73, 0x65, 0x72, 0x76, 0x69, 0x63, 0x65,
	0x2e, 0x76, 0x31, 0x2e, 0x4c, 0x69, 0x73, 0x74, 0x41, 0x72, 0x63, 0x68, 0x69, 0x76, 0x65, 0x64,
	0x57, 0x6f, 0x72, 0x6b, 0x66, 0x6c, 0x6f, 0x77, 0x45, 0x78, 0x65, 0x63, 0x75, 0x74, 0x69, 0x6f,
	0x6e, 0x73, 0x52, 0x65, 0x71, 0x75, 0x65, 0x73, 0x74, 0x1a, 0x47, 0x2e, 0x74, 0x65, 0x6d, 0x70,
	0x6f, 0x72, 0x61, 0x6c, 0x2e, 0x61, 0x70, 0x69, 0x2e, 0x77, 0x6f, 0x72, 0x6b, 0x66, 0x6c, 0x6f,
	0x77, 0x73, 0x65, 0x72, 0x76, 0x69, 0x63, 0x65, 0x2e, 0x76, 0x31, 0x2e, 0x4c, 0x69, 0x73, 0x74,
	0x41, 0x72, 0x63, 0x68, 0x69, 0x76, 0x65, 0x64, 0x57, 0x6f, 0x72, 0x6b, 0x66, 0x6c, 0x6f, 0x77,
	0x45, 0x78, 0x65, 0x63, 0x75, 0x74, 0x69, 0x6f, 0x6e, 0x73, 0x52, 0x65, 0x73, 0x70, 0x6f, 0x6e,
	0x73, 0x65, 0x22, 0x67, 0x82, 0xd3, 0xe4, 0x93, 0x02, 0x61, 0x5a, 0x33, 0x12, 0x31, 0x2f, 0x61,
	0x70, 0x69, 0x2f, 0x76, 0x31, 0x2f, 0x6e, 0x61, 0x6d, 0x65, 0x73, 0x70, 0x61, 0x63, 0x65, 0x73,
	0x2f, 0x7b, 0x6e, 0x61, 0x6d, 0x65, 0x73, 0x70, 0x61, 0x63, 0x65, 0x7d, 0x2f, 0x61, 0x72, 0x63,
	0x68, 0x69, 0x76, 0x65, 0x64, 0x2d, 0x77, 0x6f, 0x72, 0x6b, 0x66, 0x6c, 0x6f, 0x77, 0x73, 0x12,
	0x2a, 0x2f, 0x6e, 0x61, 0x6d, 0x65, 0x73, 0x70, 0x61, 0x63, 0x65, 0x73, 0x2f, 0x7b, 0x6e, 0x61,
	0x6d, 0x65, 0x73, 0x70, 0x61, 0x63, 0x65, 0x7d, 0x2f, 0x61, 0x72, 0x63, 0x68, 0x69, 0x76, 0x65,
	0x64, 0x2d, 0x77, 0x6f, 0x72, 0x6b, 0x66, 0x6c, 0x6f, 0x77, 0x73, 0x12, 0x9b, 0x01, 0x0a, 0x16,
	0x53, 0x63, 0x61, 0x6e, 0x57, 0x6f, 0x72, 0x6b, 0x66, 0x6c, 0x6f, 0x77, 0x45, 0x78, 0x65, 0x63,
	0x75, 0x74, 0x69, 0x6f, 0x6e, 0x73, 0x12, 0x3e, 0x2e, 0x74, 0x65, 0x6d, 0x70, 0x6f, 0x72, 0x61,
	0x6c, 0x2e, 0x61, 0x70, 0x69, 0x2e, 0x77, 0x6f, 0x72, 0x6b, 0x66, 0x6c, 0x6f, 0x77, 0x73, 0x65,
	0x72, 0x76, 0x69, 0x63, 0x65, 0x2e, 0x76, 0x31, 0x2e, 0x53, 0x63, 0x61, 0x6e, 0x57, 0x6f, 0x72,
	0x6b, 0x66, 0x6c, 0x6f, 0x77, 0x45, 0x78, 0x65, 0x63, 0x75, 0x74, 0x69, 0x6f, 0x6e, 0x73, 0x52,
	0x65, 0x71, 0x75, 0x65, 0x73, 0x74, 0x1a, 0x3f, 0x2e, 0x74, 0x65, 0x6d, 0x70, 0x6f, 0x72, 0x61,
	0x6c, 0x2e, 0x61, 0x70, 0x69, 0x2e, 0x77, 0x6f, 0x72, 0x6b, 0x66, 0x6c, 0x6f, 0x77, 0x73, 0x65,
	0x72, 0x76, 0x69, 0x63, 0x65, 0x2e, 0x76, 0x31, 0x2e, 0x53, 0x63, 0x61, 0x6e, 0x57, 0x6f, 0x72,
	0x6b, 0x66, 0x6c, 0x6f, 0x77, 0x45, 0x78, 0x65, 0x63, 0x75, 0x74, 0x69, 0x6f, 0x6e, 0x73, 0x52,
	0x65, 0x73, 0x70, 0x6f, 0x6e, 0x73, 0x65, 0x22, 0x00, 0x12, 0xfd, 0x01, 0x0a, 0x17, 0x43, 0x6f,
	0x75, 0x6e, 0x74, 0x57, 0x6f, 0x72, 0x6b, 0x66, 0x6c, 0x6f, 0x77, 0x45, 0x78, 0x65, 0x63, 0x75,
	0x74, 0x69, 0x6f, 0x6e, 0x73, 0x12, 0x3f, 0x2e, 0x74, 0x65, 0x6d, 0x70, 0x6f, 0x72, 0x61, 0x6c,
	0x2e, 0x61, 0x70, 0x69, 0x2e, 0x77, 0x6f, 0x72, 0x6b, 0x66, 0x6c, 0x6f, 0x77, 0x73, 0x65, 0x72,
	0x76, 0x69, 0x63, 0x65, 0x2e, 0x76, 0x31, 0x2e, 0x43, 0x6f, 0x75, 0x6e, 0x74, 0x57, 0x6f, 0x72,
	0x6b, 0x66, 0x6c, 0x6f, 0x77, 0x45, 0x78, 0x65, 0x63, 0x75, 0x74, 0x69, 0x6f, 0x6e, 0x73, 0x52,
	0x65, 0x71, 0x75, 0x65, 0x73, 0x74, 0x1a, 0x40, 0x2e, 0x74, 0x65, 0x6d, 0x70, 0x6f, 0x72, 0x61,
	0x6c, 0x2e, 0x61, 0x70, 0x69, 0x2e, 0x77, 0x6f, 0x72, 0x6b, 0x66, 0x6c, 0x6f, 0x77, 0x73, 0x65,
	0x72, 0x76, 0x69, 0x63, 0x65, 0x2e, 0x76, 0x31, 0x2e, 0x43, 0x6f, 0x75, 0x6e, 0x74, 0x57, 0x6f,
	0x72, 0x6b, 0x66, 0x6c, 0x6f, 0x77, 0x45, 0x78, 0x65, 0x63, 0x75, 0x74, 0x69, 0x6f, 0x6e, 0x73,
	0x52, 0x65, 0x73, 0x70, 0x6f, 0x6e, 0x73, 0x65, 0x22, 0x5f, 0x82, 0xd3, 0xe4, 0x93, 0x02, 0x59,
	0x5a, 0x2f, 0x12, 0x2d, 0x2f, 0x61, 0x70, 0x69, 0x2f, 0x76, 0x31, 0x2f, 0x6e, 0x61, 0x6d, 0x65,
	0x73, 0x70, 0x61, 0x63, 0x65, 0x73, 0x2f, 0x7b, 0x6e, 0x61, 0x6d, 0x65, 0x73, 0x70, 0x61, 0x63,
	0x65, 0x7d, 0x2f, 0x77, 0x6f, 0x72, 0x6b, 0x66, 0x6c, 0x6f, 0x77, 0x2d, 0x63, 0x6f, 0x75, 0x6e,
	0x74, 0x12, 0x26, 0x2f, 0x6e, 0x61, 0x6d, 0x65, 0x73, 0x70, 0x61, 0x63, 0x65, 0x73, 0x2f, 0x7b,
	0x6e, 0x61, 0x6d, 0x65, 0x73, 0x70, 0x61, 0x63, 0x65, 0x7d, 0x2f, 0x77, 0x6f, 0x72, 0x6b, 0x66,
	0x6c, 0x6f, 0x77, 0x2d, 0x63, 0x6f, 0x75, 0x6e, 0x74, 0x12, 0x92, 0x01, 0x0a, 0x13, 0x47, 0x65,
	0x74, 0x53, 0x65, 0x61, 0x72, 0x63, 0x68, 0x41, 0x74, 0x74, 0x72, 0x69, 0x62, 0x75, 0x74, 0x65,
	0x73, 0x12, 0x3b, 0x2e, 0x74, 0x65, 0x6d, 0x70, 0x6f, 0x72, 0x61, 0x6c, 0x2e, 0x61, 0x70, 0x69,
	0x2e, 0x77, 0x6f, 0x72, 0x6b, 0x66, 0x6c, 0x6f, 0x77, 0x73, 0x65, 0x72, 0x76, 0x69, 0x63, 0x65,
	0x2e, 0x76, 0x31, 0x2e, 0x47, 0x65, 0x74, 0x53, 0x65, 0x61, 0x72, 0x63, 0x68, 0x41, 0x74, 0x74,
	0x72, 0x69, 0x62, 0x75, 0x74, 0x65, 0x73, 0x52, 0x65, 0x71, 0x75, 0x65, 0x73, 0x74, 0x1a, 0x3c,
	0x2e, 0x74, 0x65, 0x6d, 0x70, 0x6f, 0x72, 0x61, 0x6c, 0x2e, 0x61, 0x70, 0x69, 0x2e, 0x77, 0x6f,
	0x72, 0x6b, 0x66, 0x6c, 0x6f, 0x77, 0x73, 0x65, 0x72, 0x76, 0x69, 0x63, 0x65, 0x2e, 0x76, 0x31,
	0x2e, 0x47, 0x65, 0x74, 0x53, 0x65, 0x61, 0x72, 0x63, 0x68, 0x41, 0x74, 0x74, 0x72, 0x69, 0x62,
	0x75, 0x74, 0x65, 0x73, 0x52, 0x65, 0x73, 0x70, 0x6f, 0x6e, 0x73, 0x65, 0x22, 0x00, 0x12, 0xd9,
	0x01, 0x0a, 0x19, 0x52, 0x65, 0x73, 0x70, 0x6f, 0x6e, 0x64, 0x51, 0x75, 0x65, 0x72, 0x79, 0x54,
	0x61, 0x73, 0x6b, 0x43, 0x6f, 0x6d, 0x70, 0x6c, 0x65, 0x74, 0x65, 0x64, 0x12, 0x41, 0x2e, 0x74,
	0x65, 0x6d, 0x70, 0x6f, 0x72, 0x61, 0x6c, 0x2e, 0x61, 0x70, 0x69, 0x2e, 0x77, 0x6f, 0x72, 0x6b,
	0x66, 0x6c, 0x6f, 0x77, 0x73, 0x65, 0x72, 0x76, 0x69, 0x63, 0x65, 0x2e, 0x76, 0x31, 0x2e, 0x52,
	0x65, 0x73, 0x70, 0x6f, 0x6e, 0x64, 0x51, 0x75, 0x65, 0x72, 0x79, 0x54, 0x61, 0x73, 0x6b, 0x43,
	0x6f, 0x6d, 0x70, 0x6c, 0x65, 0x74, 0x65, 0x64, 0x52, 0x65, 0x71, 0x75, 0x65, 0x73, 0x74, 0x1a,
	0x42, 0x2e, 0x74, 0x65, 0x6d, 0x70, 0x6f, 0x72, 0x61, 0x6c, 0x2e, 0x61, 0x70, 0x69, 0x2e, 0x77,
	0x6f, 0x72, 0x6b, 0x66, 0x6c, 0x6f, 0x77, 0x73, 0x65, 0x72, 0x76, 0x69, 0x63, 0x65, 0x2e, 0x76,
	0x31, 0x2e, 0x52, 0x65, 0x73, 0x70, 0x6f, 0x6e, 0x64, 0x51, 0x75, 0x65, 0x72, 0x79, 0x54, 0x61,
	0x73, 0x6b, 0x43, 0x6f, 0x6d, 0x70, 0x6c, 0x65, 0x74, 0x65, 0x64, 0x52, 0x65, 0x73, 0x70, 0x6f,
	0x6e, 0x73, 0x65, 0x22, 0x35, 0x8a, 0x9d, 0xcc, 0x1b, 0x30, 0x0a, 0x14, 0x74, 0x65, 0x6d, 0x70,
	0x6f, 0x72, 0x61, 0x6c, 0x2d, 0x72, 0x65, 0x73, 0x6f, 0x75, 0x72, 0x63, 0x65, 0x2d, 0x69, 0x64,
	0x12, 0x18, 0x70, 0x6f, 0x6c, 0x6c, 0x65, 0x72, 0x3a, 0x7b, 0x70, 0x6f, 0x6c, 0x6c, 0x65, 0x72,
	0x5f, 0x67, 0x72, 0x6f, 0x75, 0x70, 0x5f, 0x69, 0x64, 0x7d, 0x12, 0xd2, 0x01, 0x0a, 0x14, 0x52,
	0x65, 0x73, 0x65, 0x74, 0x53, 0x74, 0x69, 0x63, 0x6b, 0x79, 0x54, 0x61, 0x73, 0x6b, 0x51, 0x75,
	0x65, 0x75, 0x65, 0x12, 0x3c, 0x2e, 0x74, 0x65, 0x6d, 0x70, 0x6f, 0x72, 0x61, 0x6c, 0x2e, 0x61,
	0x70, 0x69, 0x2e, 0x77, 0x6f, 0x72, 0x6b, 0x66, 0x6c, 0x6f, 0x77, 0x73, 0x65, 0x72, 0x76, 0x69,
	0x63, 0x65, 0x2e, 0x76, 0x31, 0x2e, 0x52, 0x65, 0x73, 0x65, 0x74, 0x53, 0x74, 0x69, 0x63, 0x6b,
	0x79, 0x54, 0x61, 0x73, 0x6b, 0x51, 0x75, 0x65, 0x75, 0x65, 0x52, 0x65, 0x71, 0x75, 0x65, 0x73,
	0x74, 0x1a, 0x3d, 0x2e, 0x74, 0x65, 0x6d, 0x70, 0x6f, 0x72, 0x61, 0x6c, 0x2e, 0x61, 0x70, 0x69,
	0x2e, 0x77, 0x6f, 0x72, 0x6b, 0x66, 0x6c, 0x6f, 0x77, 0x73, 0x65, 0x72, 0x76, 0x69, 0x63, 0x65,
	0x2e, 0x76, 0x31, 0x2e, 0x52, 0x65, 0x73, 0x65, 0x74, 0x53, 0x74, 0x69, 0x63, 0x6b, 0x79, 0x54,
	0x61, 0x73, 0x6b, 0x51, 0x75, 0x65, 0x75, 0x65, 0x52, 0x65, 0x73, 0x70, 0x6f, 0x6e, 0x73, 0x65,
	0x22, 0x3d, 0x8a, 0x9d, 0xcc, 0x1b, 0x38, 0x0a, 0x14, 0x74, 0x65, 0x6d, 0x70, 0x6f, 0x72, 0x61,
	0x6c, 0x2d, 0x72, 0x65, 0x73, 0x6f, 0x75, 0x72, 0x63, 0x65, 0x2d, 0x69, 0x64, 0x12, 0x20, 0x77,
	0x6f, 0x72, 0x6b, 0x66, 0x6c, 0x6f, 0x77, 0x3a, 0x7b, 0x65, 0x78, 0x65, 0x63, 0x75, 0x74, 0x69,
	0x6f, 0x6e, 0x2e, 0x77, 0x6f, 0x72, 0x6b, 0x66, 0x6c, 0x6f, 0x77, 0x5f, 0x69, 0x64, 0x7d, 0x12,
	0x83, 0x01, 0x0a, 0x0e, 0x53, 0x68, 0x75, 0x74, 0x64, 0x6f, 0x77, 0x6e, 0x57, 0x6f, 0x72, 0x6b,
	0x65, 0x72, 0x12, 0x36, 0x2e, 0x74, 0x65, 0x6d, 0x70, 0x6f, 0x72, 0x61, 0x6c, 0x2e, 0x61, 0x70,
	0x69, 0x2e, 0x77, 0x6f, 0x72, 0x6b, 0x66, 0x6c, 0x6f, 0x77, 0x73, 0x65, 0x72, 0x76, 0x69, 0x63,
	0x65, 0x2e, 0x76, 0x31, 0x2e, 0x53, 0x68, 0x75, 0x74, 0x64, 0x6f, 0x77, 0x6e, 0x57, 0x6f, 0x72,
	0x6b, 0x65, 0x72, 0x52, 0x65, 0x71, 0x75, 0x65, 0x73, 0x74, 0x1a, 0x37, 0x2e, 0x74, 0x65, 0x6d,
	0x70, 0x6f, 0x72, 0x61, 0x6c, 0x2e, 0x61, 0x70, 0x69, 0x2e, 0x77, 0x6f, 0x72, 0x6b, 0x66, 0x6c,
	0x6f, 0x77, 0x73, 0x65, 0x72, 0x76, 0x69, 0x63, 0x65, 0x2e, 0x76, 0x31, 0x2e, 0x53, 0x68, 0x75,
	0x74, 0x64, 0x6f, 0x77, 0x6e, 0x57, 0x6f, 0x72, 0x6b, 0x65, 0x72, 0x52, 0x65, 0x73, 0x70, 0x6f,
	0x6e, 0x73, 0x65, 0x22, 0x00, 0x12, 0xfc, 0x02, 0x0a, 0x0d, 0x51, 0x75, 0x65, 0x72, 0x79, 0x57,
	0x6f, 0x72, 0x6b, 0x66, 0x6c, 0x6f, 0x77, 0x12, 0x35, 0x2e, 0x74, 0x65, 0x6d, 0x70, 0x6f, 0x72,
	0x61, 0x6c, 0x2e, 0x61, 0x70, 0x69, 0x2e, 0x77, 0x6f, 0x72, 0x6b, 0x66, 0x6c, 0x6f, 0x77, 0x73,
	0x65, 0x72, 0x76, 0x69, 0x63, 0x65, 0x2e, 0x76, 0x31, 0x2e, 0x51, 0x75, 0x65, 0x72, 0x79, 0x57,
	0x6f, 0x72, 0x6b, 0x66, 0x6c, 0x6f, 0x77, 0x52, 0x65, 0x71, 0x75, 0x65, 0x73, 0x74, 0x1a, 0x36,
	0x2e, 0x74, 0x65, 0x6d, 0x70, 0x6f, 0x72, 0x61, 0x6c, 0x2e, 0x61, 0x70, 0x69, 0x2e, 0x77, 0x6f,
	0x72, 0x6b, 0x66, 0x6c, 0x6f, 0x77, 0x73, 0x65, 0x72, 0x76, 0x69, 0x63, 0x65, 0x2e, 0x76, 0x31,
	0x2e, 0x51, 0x75, 0x65, 0x72, 0x79, 0x57, 0x6f, 0x72, 0x6b, 0x66, 0x6c, 0x6f, 0x77, 0x52, 0x65,
	0x73, 0x70, 0x6f, 0x6e, 0x73, 0x65, 0x22, 0xfb, 0x01, 0x8a, 0x9d, 0xcc, 0x1b, 0x38, 0x0a, 0x14,
	0x74, 0x65, 0x6d, 0x70, 0x6f, 0x72, 0x61, 0x6c, 0x2d, 0x72, 0x65, 0x73, 0x6f, 0x75, 0x72, 0x63,
	0x65, 0x2d, 0x69, 0x64, 0x12, 0x20, 0x77, 0x6f, 0x72, 0x6b, 0x66, 0x6c, 0x6f, 0x77, 0x3a, 0x7b,
	0x65, 0x78, 0x65, 0x63, 0x75, 0x74, 0x69, 0x6f, 0x6e, 0x2e, 0x77, 0x6f, 0x72, 0x6b, 0x66, 0x6c,
	0x6f, 0x77, 0x5f, 0x69, 0x64, 0x7d, 0x82, 0xd3, 0xe4, 0x93, 0x02, 0xb7, 0x01, 0x3a, 0x01, 0x2a,
	0x5a, 0x5e, 0x3a, 0x01, 0x2a, 0x22, 0x59, 0x2f, 0x61, 0x70, 0x69, 0x2f, 0x76, 0x31, 0x2f, 0x6e,
	0x61, 0x6d, 0x65, 0x73, 0x70, 0x61, 0x63, 0x65, 0x73, 0x2f, 0x7b, 0x6e, 0x61, 0x6d, 0x65, 0x73,
	0x70, 0x61, 0x63, 0x65, 0x7d, 0x2f, 0x77, 0x6f, 0x72, 0x6b, 0x66, 0x6c, 0x6f, 0x77, 0x73, 0x2f,
	0x7b, 0x65, 0x78, 0x65, 0x63, 0x75, 0x74, 0x69, 0x6f, 0x6e, 0x2e, 0x77, 0x6f, 0x72, 0x6b, 0x66,
	0x6c, 0x6f, 0x77, 0x5f, 0x69, 0x64, 0x7d, 0x2f, 0x71, 0x75, 0x65, 0x72, 0x79, 0x2f, 0x7b, 0x71,
	0x75, 0x65, 0x72, 0x79, 0x2e, 0x71, 0x75, 0x65, 0x72, 0x79, 0x5f, 0x74, 0x79, 0x70, 0x65, 0x7d,
	0x22, 0x52, 0x2f, 0x6e, 0x61, 0x6d, 0x65, 0x73, 0x70, 0x61, 0x63, 0x65, 0x73, 0x2f, 0x7b, 0x6e,
	0x61, 0x6d, 0x65, 0x73, 0x70, 0x61, 0x63, 0x65, 0x7d, 0x2f, 0x77, 0x6f, 0x72, 0x6b, 0x66, 0x6c,
	0x6f, 0x77, 0x73, 0x2f, 0x7b, 0x65, 0x78, 0x65, 0x63, 0x75, 0x74, 0x69, 0x6f, 0x6e, 0x2e, 0x77,
	0x6f, 0x72, 0x6b, 0x66, 0x6c, 0x6f, 0x77, 0x5f, 0x69, 0x64, 0x7d, 0x2f, 0x71, 0x75, 0x65, 0x72,
	0x79, 0x2f, 0x7b, 0x71, 0x75, 0x65, 0x72, 0x79, 0x2e, 0x71, 0x75, 0x65, 0x72, 0x79, 0x5f, 0x74,
	0x79, 0x70, 0x65, 0x7d, 0x12, 0xe7, 0x02, 0x0a, 0x19, 0x44, 0x65, 0x73, 0x63, 0x72, 0x69, 0x62,
	0x65, 0x57, 0x6f, 0x72, 0x6b, 0x66, 0x6c, 0x6f, 0x77, 0x45, 0x78, 0x65, 0x63, 0x75, 0x74, 0x69,
	0x6f, 0x6e, 0x12, 0x41, 0x2e, 0x74, 0x65, 0x6d, 0x70, 0x6f, 0x72, 0x61, 0x6c, 0x2e, 0x61, 0x70,
	0x69, 0x2e, 0x77, 0x6f, 0x72, 0x6b, 0x66, 0x6c, 0x6f, 0x77, 0x73, 0x65, 0x72, 0x76, 0x69, 0x63,
	0x65, 0x2e, 0x76, 0x31, 0x2e, 0x44, 0x65, 0x73, 0x63, 0x72, 0x69, 0x62, 0x65, 0x57, 0x6f, 0x72,
	0x6b, 0x66, 0x6c, 0x6f, 0x77, 0x45, 0x78, 0x65, 0x63, 0x75, 0x74, 0x69, 0x6f, 0x6e, 0x52, 0x65,
	0x71, 0x75, 0x65, 0x73, 0x74, 0x1a, 0x42, 0x2e, 0x74, 0x65, 0x6d, 0x70, 0x6f, 0x72, 0x61, 0x6c,
	0x2e, 0x61, 0x70, 0x69, 0x2e, 0x77, 0x6f, 0x72, 0x6b, 0x66, 0x6c, 0x6f, 0x77, 0x73, 0x65, 0x72,
	0x76, 0x69, 0x63, 0x65, 0x2e, 0x76, 0x31, 0x2e, 0x44, 0x65, 0x73, 0x63, 0x72, 0x69, 0x62, 0x65,
	0x57, 0x6f, 0x72, 0x6b, 0x66, 0x6c, 0x6f, 0x77, 0x45, 0x78, 0x65, 0x63, 0x75, 0x74, 0x69, 0x6f,
	0x6e, 0x52, 0x65, 0x73, 0x70, 0x6f, 0x6e, 0x73, 0x65, 0x22, 0xc2, 0x01, 0x8a, 0x9d, 0xcc, 0x1b,
	0x38, 0x0a, 0x14, 0x74, 0x65, 0x6d, 0x70, 0x6f, 0x72, 0x61, 0x6c, 0x2d, 0x72, 0x65, 0x73, 0x6f,
	0x75, 0x72, 0x63, 0x65, 0x2d, 0x69, 0x64, 0x12, 0x20, 0x77, 0x6f, 0x72, 0x6b, 0x66, 0x6c, 0x6f,
	0x77, 0x3a, 0x7b, 0x65, 0x78, 0x65, 0x63, 0x75, 0x74, 0x69, 0x6f, 0x6e, 0x2e, 0x77, 0x6f, 0x72,
	0x6b, 0x66, 0x6c, 0x6f, 0x77, 0x5f, 0x69, 0x64, 0x7d, 0x82, 0xd3, 0xe4, 0x93, 0x02, 0x7f, 0x5a,
	0x42, 0x12, 0x40, 0x2f, 0x61, 0x70, 0x69, 0x2f, 0x76, 0x31, 0x2f, 0x6e, 0x61, 0x6d, 0x65, 0x73,
	0x70, 0x61, 0x63, 0x65, 0x73, 0x2f, 0x7b, 0x6e, 0x61, 0x6d, 0x65, 0x73, 0x70, 0x61, 0x63, 0x65,
	0x7d, 0x2f, 0x77, 0x6f, 0x72, 0x6b, 0x66, 0x6c, 0x6f, 0x77, 0x73, 0x2f, 0x7b, 0x65, 0x78, 0x65,
	0x63, 0x75, 0x74, 0x69, 0x6f, 0x6e, 0x2e, 0x77, 0x6f, 0x72, 0x6b, 0x66, 0x6c, 0x6f, 0x77, 0x5f,
	0x69, 0x64, 0x7d, 0x12, 0x39, 0x2f, 0x6e, 0x61, 0x6d, 0x65, 0x73, 0x70, 0x61, 0x63, 0x65, 0x73,
	0x2f, 0x7b, 0x6e, 0x61, 0x6d, 0x65, 0x73, 0x70, 0x61, 0x63, 0x65, 0x7d, 0x2f, 0x77, 0x6f, 0x72,
	0x6b, 0x66, 0x6c, 0x6f, 0x77, 0x73, 0x2f, 0x7b, 0x65, 0x78, 0x65, 0x63, 0x75, 0x74, 0x69, 0x6f,
	0x6e, 0x2e, 0x77, 0x6f, 0x72, 0x6b, 0x66, 0x6c, 0x6f, 0x77, 0x5f, 0x69, 0x64, 0x7d, 0x12, 0xc2,
	0x02, 0x0a, 0x11, 0x44, 0x65, 0x73, 0x63, 0x72, 0x69, 0x62, 0x65, 0x54, 0x61, 0x73, 0x6b, 0x51,
	0x75, 0x65, 0x75, 0x65, 0x12, 0x39, 0x2e, 0x74, 0x65, 0x6d, 0x70, 0x6f, 0x72, 0x61, 0x6c, 0x2e,
	0x61, 0x70, 0x69, 0x2e, 0x77, 0x6f, 0x72, 0x6b, 0x66, 0x6c, 0x6f, 0x77, 0x73, 0x65, 0x72, 0x76,
	0x69, 0x63, 0x65, 0x2e, 0x76, 0x31, 0x2e, 0x44, 0x65, 0x73, 0x63, 0x72, 0x69, 0x62, 0x65, 0x54,
	0x61, 0x73, 0x6b, 0x51, 0x75, 0x65, 0x75, 0x65, 0x52, 0x65, 0x71, 0x75, 0x65, 0x73, 0x74, 0x1a,
	0x3a, 0x2e, 0x74, 0x65, 0x6d, 0x70, 0x6f, 0x72, 0x61, 0x6c, 0x2e, 0x61, 0x70, 0x69, 0x2e, 0x77,
	0x6f, 0x72, 0x6b, 0x66, 0x6c, 0x6f, 0x77, 0x73, 0x65, 0x72, 0x76, 0x69, 0x63, 0x65, 0x2e, 0x76,
	0x31, 0x2e, 0x44, 0x65, 0x73, 0x63, 0x72, 0x69, 0x62, 0x65, 0x54, 0x61, 0x73, 0x6b, 0x51, 0x75,
	0x65, 0x75, 0x65, 0x52, 0x65, 0x73, 0x70, 0x6f, 0x6e, 0x73, 0x65, 0x22, 0xb5, 0x01, 0x8a, 0x9d,
	0xcc, 0x1b, 0x33, 0x0a, 0x14, 0x74, 0x65, 0x6d, 0x70, 0x6f, 0x72, 0x61, 0x6c, 0x2d, 0x72, 0x65,
	0x73, 0x6f, 0x75, 0x72, 0x63, 0x65, 0x2d, 0x69, 0x64, 0x12, 0x1b, 0x74, 0x61, 0x73, 0x6b, 0x71,
	0x75, 0x65, 0x75, 0x65, 0x3a, 0x7b, 0x74, 0x61, 0x73, 0x6b, 0x5f, 0x71, 0x75, 0x65, 0x75, 0x65,
	0x2e, 0x6e, 0x61, 0x6d, 0x65, 0x7d, 0x82, 0xd3, 0xe4, 0x93, 0x02, 0x77, 0x5a, 0x3e, 0x12, 0x3c,
	0x2f, 0x61, 0x70, 0x69, 0x2f, 0x76, 0x31, 0x2f, 0x6e, 0x61, 0x6d, 0x65, 0x73, 0x70, 0x61, 0x63,
	0x65, 0x73, 0x2f, 0x7b, 0x6e, 0x61, 0x6d, 0x65, 0x73, 0x70, 0x61, 0x63, 0x65, 0x7d, 0x2f, 0x74,
	0x61, 0x73, 0x6b, 0x2d, 0x71, 0x75, 0x65, 0x75, 0x65, 0x73, 0x2f, 0x7b, 0x74, 0x61, 0x73, 0x6b,
	0x5f, 0x71, 0x75, 0x65, 0x75, 0x65, 0x2e, 0x6e, 0x61, 0x6d, 0x65, 0x7d, 0x12, 0x35, 0x2f, 0x6e,
	0x61, 0x6d, 0x65, 0x73, 0x70, 0x61, 0x63, 0x65, 0x73, 0x2f, 0x7b, 0x6e, 0x61, 0x6d, 0x65, 0x73,
	0x70, 0x61, 0x63, 0x65, 0x7d, 0x2f, 0x74, 0x61, 0x73, 0x6b, 0x2d, 0x71, 0x75, 0x65, 0x75, 0x65,
	0x73, 0x2f, 0x7b, 0x74, 0x61, 0x73, 0x6b, 0x5f, 0x71, 0x75, 0x65, 0x75, 0x65, 0x2e, 0x6e, 0x61,
	0x6d, 0x65, 0x7d, 0x12, 0xab, 0x01, 0x0a, 0x0e, 0x47, 0x65, 0x74, 0x43, 0x6c, 0x75, 0x73, 0x74,
	0x65, 0x72, 0x49, 0x6e, 0x66, 0x6f, 0x12, 0x36, 0x2e, 0x74, 0x65, 0x6d, 0x70, 0x6f, 0x72, 0x61,
	0x6c, 0x2e, 0x61, 0x70, 0x69, 0x2e, 0x77, 0x6f, 0x72, 0x6b, 0x66, 0x6c, 0x6f, 0x77, 0x73, 0x65,
	0x72, 0x76, 0x69, 0x63, 0x65, 0x2e, 0x76, 0x31, 0x2e, 0x47, 0x65, 0x74, 0x43, 0x6c, 0x75, 0x73,
	0x74, 0x65, 0x72, 0x49, 0x6e, 0x66, 0x6f, 0x52, 0x65, 0x71, 0x75, 0x65, 0x73, 0x74, 0x1a, 0x37,
	0x2e, 0x74, 0x65, 0x6d, 0x70, 0x6f, 0x72, 0x61, 0x6c, 0x2e, 0x61, 0x70, 0x69, 0x2e, 0x77, 0x6f,
	0x72, 0x6b, 0x66, 0x6c, 0x6f, 0x77, 0x73, 0x65, 0x72, 0x76, 0x69, 0x63, 0x65, 0x2e, 0x76, 0x31,
	0x2e, 0x47, 0x65, 0x74, 0x43, 0x6c, 0x75, 0x73, 0x74, 0x65, 0x72, 0x49, 0x6e, 0x66, 0x6f, 0x52,
	0x65, 0x73, 0x70, 0x6f, 0x6e, 0x73, 0x65, 0x22, 0x28, 0x82, 0xd3, 0xe4, 0x93, 0x02, 0x22, 0x5a,
	0x16, 0x12, 0x14, 0x2f, 0x61, 0x70, 0x69, 0x2f, 0x76, 0x31, 0x2f, 0x63, 0x6c, 0x75, 0x73, 0x74,
	0x65, 0x72, 0x2d, 0x69, 0x6e, 0x66, 0x6f, 0x12, 0x08, 0x2f, 0x63, 0x6c, 0x75, 0x73, 0x74, 0x65,
	0x72, 0x12, 0xab, 0x01, 0x0a, 0x0d, 0x47, 0x65, 0x74, 0x53, 0x79, 0x73, 0x74, 0x65, 0x6d, 0x49,
	0x6e, 0x66, 0x6f, 0x12, 0x35, 0x2e, 0x74, 0x65, 0x6d, 0x70, 0x6f, 0x72, 0x61, 0x6c, 0x2e, 0x61,
	0x70, 0x69, 0x2e, 0x77, 0x6f, 0x72, 0x6b, 0x66, 0x6c, 0x6f, 0x77, 0x73, 0x65, 0x72, 0x76, 0x69,
	0x63, 0x65, 0x2e, 0x76, 0x31, 0x2e, 0x47, 0x65, 0x74, 0x53, 0x79, 0x73, 0x74, 0x65, 0x6d, 0x49,
	0x6e, 0x66, 0x6f, 0x52, 0x65, 0x71, 0x75, 0x65, 0x73, 0x74, 0x1a, 0x36, 0x2e, 0x74, 0x65, 0x6d,
	0x70, 0x6f, 0x72, 0x61, 0x6c, 0x2e, 0x61, 0x70, 0x69, 0x2e, 0x77, 0x6f, 0x72, 0x6b, 0x66, 0x6c,
	0x6f, 0x77, 0x73, 0x65, 0x72, 0x76, 0x69, 0x63, 0x65, 0x2e, 0x76, 0x31, 0x2e, 0x47, 0x65, 0x74,
	0x53, 0x79, 0x73, 0x74, 0x65, 0x6d, 0x49, 0x6e, 0x66, 0x6f, 0x52, 0x65, 0x73, 0x70, 0x6f, 0x6e,
	0x73, 0x65, 0x22, 0x2b, 0x82, 0xd3, 0xe4, 0x93, 0x02, 0x25, 0x5a, 0x15, 0x12, 0x13, 0x2f, 0x61,
	0x70, 0x69, 0x2f, 0x76, 0x31, 0x2f, 0x73, 0x79, 0x73, 0x74, 0x65, 0x6d, 0x2d, 0x69, 0x6e, 0x66,
	0x6f, 0x12, 0x0c, 0x2f, 0x73, 0x79, 0x73, 0x74, 0x65, 0x6d, 0x2d, 0x69, 0x6e, 0x66, 0x6f, 0x12,
	0xd6, 0x01, 0x0a, 0x17, 0x4c, 0x69, 0x73, 0x74, 0x54, 0x61, 0x73, 0x6b, 0x51, 0x75, 0x65, 0x75,
	0x65, 0x50, 0x61, 0x72, 0x74, 0x69, 0x74, 0x69, 0x6f, 0x6e, 0x73, 0x12, 0x3f, 0x2e, 0x74, 0x65,
	0x6d, 0x70, 0x6f, 0x72, 0x61, 0x6c, 0x2e, 0x61, 0x70, 0x69, 0x2e, 0x77, 0x6f, 0x72, 0x6b, 0x66,
	0x6c, 0x6f, 0x77, 0x73, 0x65, 0x72, 0x76, 0x69, 0x63, 0x65, 0x2e, 0x76, 0x31, 0x2e, 0x4c, 0x69,
	0x73, 0x74, 0x54, 0x61, 0x73, 0x6b, 0x51, 0x75, 0x65, 0x75, 0x65, 0x50, 0x61, 0x72, 0x74, 0x69,
	0x74, 0x69, 0x6f, 0x6e, 0x73, 0x52, 0x65, 0x71, 0x75, 0x65, 0x73, 0x74, 0x1a, 0x40, 0x2e, 0x74,
	0x65, 0x6d, 0x70, 0x6f, 0x72, 0x61, 0x6c, 0x2e, 0x61, 0x70, 0x69, 0x2e, 0x77, 0x6f, 0x72, 0x6b,
	0x66, 0x6c, 0x6f, 0x77, 0x73, 0x65, 0x72, 0x76, 0x69, 0x63, 0x65, 0x2e, 0x76, 0x31, 0x2e, 0x4c,
	0x69, 0x73, 0x74, 0x54, 0x61, 0x73, 0x6b, 0x51, 0x75, 0x65, 0x75, 0x65, 0x50, 0x61, 0x72, 0x74,
	0x69, 0x74, 0x69, 0x6f, 0x6e, 0x73, 0x52, 0x65, 0x73, 0x70, 0x6f, 0x6e, 0x73, 0x65, 0x22, 0x38,
	0x8a, 0x9d, 0xcc, 0x1b, 0x33, 0x0a, 0x14, 0x74, 0x65, 0x6d, 0x70, 0x6f, 0x72, 0x61, 0x6c, 0x2d,
	0x72, 0x65, 0x73, 0x6f, 0x75, 0x72, 0x63, 0x65, 0x2d, 0x69, 0x64, 0x12, 0x1b, 0x74, 0x61, 0x73,
	0x6b, 0x71, 0x75, 0x65, 0x75, 0x65, 0x3a, 0x7b, 0x74, 0x61, 0x73, 0x6b, 0x5f, 0x71, 0x75, 0x65,
	0x75, 0x65, 0x2e, 0x6e, 0x61, 0x6d, 0x65, 0x7d, 0x12, 0xae, 0x02, 0x0a, 0x0e, 0x43, 0x72, 0x65,
	0x61, 0x74, 0x65, 0x53, 0x63, 0x68, 0x65, 0x64, 0x75, 0x6c, 0x65, 0x12, 0x36, 0x2e, 0x74, 0x65,
	0x6d, 0x70, 0x6f, 0x72, 0x61, 0x6c, 0x2e, 0x61, 0x70, 0x69, 0x2e, 0x77, 0x6f, 0x72, 0x6b, 0x66,
	0x6c, 0x6f, 0x77, 0x73, 0x65, 0x72, 0x76, 0x69, 0x63, 0x65, 0x2e, 0x76, 0x31, 0x2e, 0x43, 0x72,
	0x65, 0x61, 0x74, 0x65, 0x53, 0x63, 0x68, 0x65, 0x64, 0x75, 0x6c, 0x65, 0x52, 0x65, 0x71, 0x75,
	0x65, 0x73, 0x74, 0x1a, 0x37, 0x2e, 0x74, 0x65, 0x6d, 0x70, 0x6f, 0x72, 0x61, 0x6c, 0x2e, 0x61,
	0x70, 0x69, 0x2e, 0x77, 0x6f, 0x72, 0x6b, 0x66, 0x6c, 0x6f, 0x77, 0x73, 0x65, 0x72, 0x76, 0x69,
	0x63, 0x65, 0x2e, 0x76, 0x31, 0x2e, 0x43, 0x72, 0x65, 0x61, 0x74, 0x65, 0x53, 0x63, 0x68, 0x65,
	0x64, 0x75, 0x6c, 0x65, 0x52, 0x65, 0x73, 0x70, 0x6f, 0x6e, 0x73, 0x65, 0x22, 0xaa, 0x01, 0x8a,
	0x9d, 0xcc, 0x1b, 0x2e, 0x0a, 0x14, 0x74, 0x65, 0x6d, 0x70, 0x6f, 0x72, 0x61, 0x6c, 0x2d, 0x72,
	0x65, 0x73, 0x6f, 0x75, 0x72, 0x63, 0x65, 0x2d, 0x69, 0x64, 0x12, 0x16, 0x73, 0x63, 0x68, 0x65,
	0x64, 0x75, 0x6c, 0x65, 0x3a, 0x7b, 0x73, 0x63, 0x68, 0x65, 0x64, 0x75, 0x6c, 0x65, 0x5f, 0x69,
	0x64, 0x7d, 0x82, 0xd3, 0xe4, 0x93, 0x02, 0x71, 0x3a, 0x01, 0x2a, 0x5a, 0x3b, 0x3a, 0x01, 0x2a,
	0x22, 0x36, 0x2f, 0x61, 0x70, 0x69, 0x2f, 0x76, 0x31, 0x2f, 0x6e, 0x61, 0x6d, 0x65, 0x73, 0x70,
	0x61, 0x63, 0x65, 0x73, 0x2f, 0x7b, 0x6e, 0x61, 0x6d, 0x65, 0x73, 0x70, 0x61, 0x63, 0x65, 0x7d,
	0x2f, 0x73, 0x63, 0x68, 0x65, 0x64, 0x75, 0x6c, 0x65, 0x73, 0x2f, 0x7b, 0x73, 0x63, 0x68, 0x65,
	0x64, 0x75, 0x6c, 0x65, 0x5f, 0x69, 0x64, 0x7d, 0x22, 0x2f, 0x2f, 0x6e, 0x61, 0x6d, 0x65, 0x73,
	0x70, 0x61, 0x63, 0x65, 0x73, 0x2f, 0x7b, 0x6e, 0x61, 0x6d, 0x65, 0x73, 0x70, 0x61, 0x63, 0x65,
	0x7d, 0x2f, 0x73, 0x63, 0x68, 0x65, 0x64, 0x75, 0x6c, 0x65, 0x73, 0x2f, 0x7b, 0x73, 0x63, 0x68,
	0x65, 0x64, 0x75, 0x6c, 0x65, 0x5f, 0x69, 0x64, 0x7d, 0x12, 0xae, 0x02, 0x0a, 0x10, 0x44, 0x65,
	0x73, 0x63, 0x72, 0x69, 0x62, 0x65, 0x53, 0x63, 0x68, 0x65, 0x64, 0x75, 0x6c, 0x65, 0x12, 0x38,
	0x2e, 0x74, 0x65, 0x6d, 0x70, 0x6f, 0x72, 0x61, 0x6c, 0x2e, 0x61, 0x70, 0x69, 0x2e, 0x77, 0x6f,
	0x72, 0x6b, 0x66, 0x6c, 0x6f, 0x77, 0x73, 0x65, 0x72, 0x76, 0x69, 0x63, 0x65, 0x2e, 0x76, 0x31,
	0x2e, 0x44, 0x65, 0x73, 0x63, 0x72, 0x69, 0x62, 0x65, 0x53, 0x63, 0x68, 0x65, 0x64, 0x75, 0x6c,
	0x65, 0x52, 0x65, 0x71, 0x75, 0x65, 0x73, 0x74, 0x1a, 0x39, 0x2e, 0x74, 0x65, 0x6d, 0x70, 0x6f,
	0x72, 0x61, 0x6c, 0x2e, 0x61, 0x70, 0x69, 0x2e, 0x77, 0x6f, 0x72, 0x6b, 0x66, 0x6c, 0x6f, 0x77,
	0x73, 0x65, 0x72, 0x76, 0x69, 0x63, 0x65, 0x2e, 0x76, 0x31, 0x2e, 0x44, 0x65, 0x73, 0x63, 0x72,
	0x69, 0x62, 0x65, 0x53, 0x63, 0x68, 0x65, 0x64, 0x75, 0x6c, 0x65, 0x52, 0x65, 0x73, 0x70, 0x6f,
	0x6e, 0x73, 0x65, 0x22, 0xa4, 0x01, 0x8a, 0x9d, 0xcc, 0x1b, 0x2e, 0x0a, 0x14, 0x74, 0x65, 0x6d,
	0x70, 0x6f, 0x72, 0x61, 0x6c, 0x2d, 0x72, 0x65, 0x73, 0x6f, 0x75, 0x72, 0x63, 0x65, 0x2d, 0x69,
	0x64, 0x12, 0x16, 0x73, 0x63, 0x68, 0x65, 0x64, 0x75, 0x6c, 0x65, 0x3a, 0x7b, 0x73, 0x63, 0x68,
	0x65, 0x64, 0x75, 0x6c, 0x65, 0x5f, 0x69, 0x64, 0x7d, 0x82, 0xd3, 0xe4, 0x93, 0x02, 0x6b, 0x5a,
	0x38, 0x12, 0x36, 0x2f, 0x61, 0x70, 0x69, 0x2f, 0x76, 0x31, 0x2f, 0x6e, 0x61, 0x6d, 0x65, 0x73,
	0x70, 0x61, 0x63, 0x65, 0x73, 0x2f, 0x7b, 0x6e, 0x61, 0x6d, 0x65, 0x73, 0x70, 0x61, 0x63, 0x65,
	0x7d, 0x2f, 0x73, 0x63, 0x68, 0x65, 0x64, 0x75, 0x6c, 0x65, 0x73, 0x2f, 0x7b, 0x73, 0x63, 0x68,
	0x65, 0x64, 0x75, 0x6c, 0x65, 0x5f, 0x69, 0x64, 0x7d, 0x12, 0x2f, 0x2f, 0x6e, 0x61, 0x6d, 0x65,
	0x73, 0x70, 0x61, 0x63, 0x65, 0x73, 0x2f, 0x7b, 0x6e, 0x61, 0x6d, 0x65, 0x73, 0x70, 0x61, 0x63,
	0x65, 0x7d, 0x2f, 0x73, 0x63, 0x68, 0x65, 0x64, 0x75, 0x6c, 0x65, 0x73, 0x2f, 0x7b, 0x73, 0x63,
	0x68, 0x65, 0x64, 0x75, 0x6c, 0x65, 0x5f, 0x69, 0x64, 0x7d, 0x12, 0xbc, 0x02, 0x0a, 0x0e, 0x55,
	0x70, 0x64, 0x61, 0x74, 0x65, 0x53, 0x63, 0x68, 0x65, 0x64, 0x75, 0x6c, 0x65, 0x12, 0x36, 0x2e,
	0x74, 0x65, 0x6d, 0x70, 0x6f, 0x72, 0x61, 0x6c, 0x2e, 0x61, 0x70, 0x69, 0x2e, 0x77, 0x6f, 0x72,
	0x6b, 0x66, 0x6c, 0x6f, 0x77, 0x73, 0x65, 0x72, 0x76, 0x69, 0x63, 0x65, 0x2e, 0x76, 0x31, 0x2e,
	0x55, 0x70, 0x64, 0x61, 0x74, 0x65, 0x53, 0x63, 0x68, 0x65, 0x64, 0x75, 0x6c, 0x65, 0x52, 0x65,
	0x71, 0x75, 0x65, 0x73, 0x74, 0x1a, 0x37, 0x2e, 0x74, 0x65, 0x6d, 0x70, 0x6f, 0x72, 0x61, 0x6c,
	0x2e, 0x61, 0x70, 0x69, 0x2e, 0x77, 0x6f, 0x72, 0x6b, 0x66, 0x6c, 0x6f, 0x77, 0x73, 0x65, 0x72,
	0x76, 0x69, 0x63, 0x65, 0x2e, 0x76, 0x31, 0x2e, 0x55, 0x70, 0x64, 0x61, 0x74, 0x65, 0x53, 0x63,
	0x68, 0x65, 0x64, 0x75, 0x6c, 0x65, 0x52, 0x65, 0x73, 0x70, 0x6f, 0x6e, 0x73, 0x65, 0x22, 0xb8,
	0x01, 0x8a, 0x9d, 0xcc, 0x1b, 0x2e, 0x0a, 0x14, 0x74, 0x65, 0x6d, 0x70, 0x6f, 0x72, 0x61, 0x6c,
	0x2d, 0x72, 0x65, 0x73, 0x6f, 0x75, 0x72, 0x63, 0x65, 0x2d, 0x69, 0x64, 0x12, 0x16, 0x73, 0x63,
	0x68, 0x65, 0x64, 0x75, 0x6c, 0x65, 0x3a, 0x7b, 0x73, 0x63, 0x68, 0x65, 0x64, 0x75, 0x6c, 0x65,
	0x5f, 0x69, 0x64, 0x7d, 0x82, 0xd3, 0xe4, 0x93, 0x02, 0x7f, 0x3a, 0x01, 0x2a, 0x5a, 0x42, 0x3a,
	0x01, 0x2a, 0x22, 0x3d, 0x2f, 0x61, 0x70, 0x69, 0x2f, 0x76, 0x31, 0x2f, 0x6e, 0x61, 0x6d, 0x65,
	0x73, 0x70, 0x61, 0x63, 0x65, 0x73, 0x2f, 0x7b, 0x6e, 0x61, 0x6d, 0x65, 0x73, 0x70, 0x61, 0x63,
	0x65, 0x7d, 0x2f, 0x73, 0x63, 0x68, 0x65, 0x64, 0x75, 0x6c, 0x65, 0x73, 0x2f, 0x7b, 0x73, 0x63,
	0x68, 0x65, 0x64, 0x75, 0x6c, 0x65, 0x5f, 0x69, 0x64, 0x7d, 0x2f, 0x75, 0x70, 0x64, 0x61, 0x74,
	0x65, 0x22, 0x36, 0x2f, 0x6e, 0x61, 0x6d, 0x65, 0x73, 0x70, 0x61, 0x63, 0x65, 0x73, 0x2f, 0x7b,
	0x6e, 0x61, 0x6d, 0x65, 0x73, 0x70, 0x61, 0x63, 0x65, 0x7d, 0x2f, 0x73, 0x63, 0x68, 0x65, 0x64,
	0x75, 0x6c, 0x65, 0x73, 0x2f, 0x7b, 0x73, 0x63, 0x68, 0x65, 0x64, 0x75, 0x6c, 0x65, 0x5f, 0x69,
	0x64, 0x7d, 0x2f, 0x75, 0x70, 0x64, 0x61, 0x74, 0x65, 0x12, 0xb7, 0x02, 0x0a, 0x0d, 0x50, 0x61,
	0x74, 0x63, 0x68, 0x53, 0x63, 0x68, 0x65, 0x64, 0x75, 0x6c, 0x65, 0x12, 0x35, 0x2e, 0x74, 0x65,
	0x6d, 0x70, 0x6f, 0x72, 0x61, 0x6c, 0x2e, 0x61, 0x70, 0x69, 0x2e, 0x77, 0x6f, 0x72, 0x6b, 0x66,
	0x6c, 0x6f, 0x77, 0x73, 0x65, 0x72, 0x76, 0x69, 0x63, 0x65, 0x2e, 0x76, 0x31, 0x2e, 0x50, 0x61,
	0x74, 0x63, 0x68, 0x53, 0x63, 0x68, 0x65, 0x64, 0x75, 0x6c, 0x65, 0x52, 0x65, 0x71, 0x75, 0x65,
	0x73, 0x74, 0x1a, 0x36, 0x2e, 0x74, 0x65, 0x6d, 0x70, 0x6f, 0x72, 0x61, 0x6c, 0x2e, 0x61, 0x70,
	0x69, 0x2e, 0x77, 0x6f, 0x72, 0x6b, 0x66, 0x6c, 0x6f, 0x77, 0x73, 0x65, 0x72, 0x76, 0x69, 0x63,
	0x65, 0x2e, 0x76, 0x31, 0x2e, 0x50, 0x61, 0x74, 0x63, 0x68, 0x53, 0x63, 0x68, 0x65, 0x64, 0x75,
	0x6c, 0x65, 0x52, 0x65, 0x73, 0x70, 0x6f, 0x6e, 0x73, 0x65, 0x22, 0xb6, 0x01, 0x8a, 0x9d, 0xcc,
	0x1b, 0x2e, 0x0a, 0x14, 0x74, 0x65, 0x6d, 0x70, 0x6f, 0x72, 0x61, 0x6c, 0x2d, 0x72, 0x65, 0x73,
	0x6f, 0x75, 0x72, 0x63, 0x65, 0x2d, 0x69, 0x64, 0x12, 0x16, 0x73, 0x63, 0x68, 0x65, 0x64, 0x75,
	0x6c, 0x65, 0x3a, 0x7b, 0x73, 0x63, 0x68, 0x65, 0x64, 0x75, 0x6c, 0x65, 0x5f, 0x69, 0x64, 0x7d,
	0x82, 0xd3, 0xe4, 0x93, 0x02, 0x7d, 0x3a, 0x01, 0x2a, 0x5a, 0x41, 0x3a, 0x01, 0x2a, 0x22, 0x3c,
	0x2f, 0x61, 0x70, 0x69, 0x2f, 0x76, 0x31, 0x2f, 0x6e, 0x61, 0x6d, 0x65, 0x73, 0x70, 0x61, 0x63,
	0x65, 0x73, 0x2f, 0x7b, 0x6e, 0x61, 0x6d, 0x65, 0x73, 0x70, 0x61, 0x63, 0x65, 0x7d, 0x2f, 0x73,
	0x63, 0x68, 0x65, 0x64, 0x75, 0x6c, 0x65, 0x73, 0x2f, 0x7b, 0x73, 0x63, 0x68, 0x65, 0x64, 0x75,
	0x6c, 0x65, 0x5f, 0x69, 0x64, 0x7d, 0x2f, 0x70, 0x61, 0x74, 0x63, 0x68, 0x22, 0x35, 0x2f, 0x6e,
	0x61, 0x6d, 0x65, 0x73, 0x70, 0x61, 0x63, 0x65, 0x73, 0x2f, 0x7b, 0x6e, 0x61, 0x6d, 0x65, 0x73,
	0x70, 0x61, 0x63, 0x65, 0x7d, 0x2f, 0x73, 0x63, 0x68, 0x65, 0x64, 0x75, 0x6c, 0x65, 0x73, 0x2f,
	0x7b, 0x73, 0x63, 0x68, 0x65, 0x64, 0x75, 0x6c, 0x65, 0x5f, 0x69, 0x64, 0x7d, 0x2f, 0x70, 0x61,
	0x74, 0x63, 0x68, 0x12, 0xe8, 0x02, 0x0a, 0x19, 0x4c, 0x69, 0x73, 0x74, 0x53, 0x63, 0x68, 0x65,
	0x64, 0x75, 0x6c, 0x65, 0x4d, 0x61, 0x74, 0x63, 0x68, 0x69, 0x6e, 0x67, 0x54, 0x69, 0x6d, 0x65,
	0x73, 0x12, 0x41, 0x2e, 0x74, 0x65, 0x6d, 0x70, 0x6f, 0x72, 0x61, 0x6c, 0x2e, 0x61, 0x70, 0x69,
	0x2e, 0x77, 0x6f, 0x72, 0x6b, 0x66, 0x6c, 0x6f, 0x77, 0x73, 0x65, 0x72, 0x76, 0x69, 0x63, 0x65,
	0x2e, 0x76, 0x31, 0x2e, 0x4c, 0x69, 0x73, 0x74, 0x53, 0x63, 0x68, 0x65, 0x64, 0x75, 0x6c, 0x65,
	0x4d, 0x61, 0x74, 0x63, 0x68, 0x69, 0x6e, 0x67, 0x54, 0x69, 0x6d, 0x65, 0x73, 0x52, 0x65, 0x71,
	0x75, 0x65, 0x73, 0x74, 0x1a, 0x42, 0x2e, 0x74, 0x65, 0x6d, 0x70, 0x6f, 0x72, 0x61, 0x6c, 0x2e,
	0x61, 0x70, 0x69, 0x2e, 0x77, 0x6f, 0x72, 0x6b, 0x66, 0x6c, 0x6f, 0x77, 0x73, 0x65, 0x72, 0x76,
	0x69, 0x63, 0x65, 0x2e, 0x76, 0x31, 0x2e, 0x4c, 0x69, 0x73, 0x74, 0x53, 0x63, 0x68, 0x65, 0x64,
	0x75, 0x6c, 0x65, 0x4d, 0x61, 0x74, 0x63, 0x68, 0x69, 0x6e, 0x67, 0x54, 0x69, 0x6d, 0x65, 0x73,
	0x52, 0x65, 0x73, 0x70, 0x6f, 0x6e, 0x73, 0x65, 0x22, 0xc3, 0x01, 0x8a, 0x9d, 0xcc, 0x1b, 0x2e,
	0x0a, 0x14, 0x74, 0x65, 0x6d, 0x70, 0x6f, 0x72, 0x61, 0x6c, 0x2d, 0x72, 0x65, 0x73, 0x6f, 0x75,
	0x72, 0x63, 0x65, 0x2d, 0x69, 0x64, 0x12, 0x16, 0x73, 0x63, 0x68, 0x65, 0x64, 0x75, 0x6c, 0x65,
	0x3a, 0x7b, 0x73, 0x63, 0x68, 0x65, 0x64, 0x75, 0x6c, 0x65, 0x5f, 0x69, 0x64, 0x7d, 0x82, 0xd3,
	0xe4, 0x93, 0x02, 0x89, 0x01, 0x5a, 0x47, 0x12, 0x45, 0x2f, 0x61, 0x70, 0x69, 0x2f, 0x76, 0x31,
	0x2f, 0x6e, 0x61, 0x6d, 0x65, 0x73, 0x70, 0x61, 0x63, 0x65, 0x73, 0x2f, 0x7b, 0x6e, 0x61, 0x6d,
	0x65, 0x73, 0x70, 0x61, 0x63, 0x65, 0x7d, 0x2f, 0x73, 0x63, 0x68, 0x65, 0x64, 0x75, 0x6c, 0x65,
	0x73, 0x2f, 0x7b, 0x73, 0x63, 0x68, 0x65, 0x64, 0x75, 0x6c, 0x65, 0x5f, 0x69, 0x64, 0x7d, 0x2f,
	0x6d, 0x61, 0x74, 0x63, 0x68, 0x69, 0x6e, 0x67, 0x2d, 0x74, 0x69, 0x6d, 0x65, 0x73, 0x12, 0x3e,
	0x2f, 0x6e, 0x61, 0x6d, 0x65, 0x73, 0x70, 0x61, 0x63, 0x65, 0x73, 0x2f, 0x7b, 0x6e, 0x61, 0x6d,
	0x65, 0x73, 0x70, 0x61, 0x63, 0x65, 0x7d, 0x2f, 0x73, 0x63, 0x68, 0x65, 0x64, 0x75, 0x6c, 0x65,
	0x73, 0x2f, 0x7b, 0x73, 0x63, 0x68, 0x65, 0x64, 0x75, 0x6c, 0x65, 0x5f, 0x69, 0x64, 0x7d, 0x2f,
	0x6d, 0x61, 0x74, 0x63, 0x68, 0x69, 0x6e, 0x67, 0x2d, 0x74, 0x69, 0x6d, 0x65, 0x73, 0x12, 0xa8,
	0x02, 0x0a, 0x0e, 0x44, 0x65, 0x6c, 0x65, 0x74, 0x65, 0x53, 0x63, 0x68, 0x65, 0x64, 0x75, 0x6c,
	0x65, 0x12, 0x36, 0x2e, 0x74, 0x65, 0x6d, 0x70, 0x6f, 0x72, 0x61, 0x6c, 0x2e, 0x61, 0x70, 0x69,
	0x2e, 0x77, 0x6f, 0x72, 0x6b, 0x66, 0x6c, 0x6f, 0x77, 0x73, 0x65, 0x72, 0x76, 0x69, 0x63, 0x65,
	0x2e, 0x76, 0x31, 0x2e, 0x44, 0x65, 0x6c, 0x65, 0x74, 0x65, 0x53, 0x63, 0x68, 0x65, 0x64, 0x75,
	0x6c, 0x65, 0x52, 0x65, 0x71, 0x75, 0x65, 0x73, 0x74, 0x1a, 0x37, 0x2e, 0x74, 0x65, 0x6d, 0x70,
	0x6f, 0x72, 0x61, 0x6c, 0x2e, 0x61, 0x70, 0x69, 0x2e, 0x77, 0x6f, 0x72, 0x6b, 0x66, 0x6c, 0x6f,
	0x77, 0x73, 0x65, 0x72, 0x76, 0x69, 0x63, 0x65, 0x2e, 0x76, 0x31, 0x2e, 0x44, 0x65, 0x6c, 0x65,
	0x74, 0x65, 0x53, 0x63, 0x68, 0x65, 0x64, 0x75, 0x6c, 0x65, 0x52, 0x65, 0x73, 0x70, 0x6f, 0x6e,
	0x73, 0x65, 0x22, 0xa4, 0x01, 0x8a, 0x9d, 0xcc, 0x1b, 0x2e, 0x0a, 0x14, 0x74, 0x65, 0x6d, 0x70,
	0x6f, 0x72, 0x61, 0x6c, 0x2d, 0x72, 0x65, 0x73, 0x6f, 0x75, 0x72, 0x63, 0x65, 0x2d, 0x69, 0x64,
	0x12, 0x16, 0x73, 0x63, 0x68, 0x65, 0x64, 0x75, 0x6c, 0x65, 0x3a, 0x7b, 0x73, 0x63, 0x68, 0x65,
	0x64, 0x75, 0x6c, 0x65, 0x5f, 0x69, 0x64, 0x7d, 0x82, 0xd3, 0xe4, 0x93, 0x02, 0x6b, 0x5a, 0x38,
	0x2a, 0x36, 0x2f, 0x61, 0x70, 0x69, 0x2f, 0x76, 0x31, 0x2f, 0x6e, 0x61, 0x6d, 0x65, 0x73, 0x70,
	0x61, 0x63, 0x65, 0x73, 0x2f, 0x7b, 0x6e, 0x61, 0x6d, 0x65, 0x73, 0x70, 0x61, 0x63, 0x65, 0x7d,
	0x2f, 0x73, 0x63, 0x68, 0x65, 0x64, 0x75, 0x6c, 0x65, 0x73, 0x2f, 0x7b, 0x73, 0x63, 0x68, 0x65,
	0x64, 0x75, 0x6c, 0x65, 0x5f, 0x69, 0x64, 0x7d, 0x2a, 0x2f, 0x2f, 0x6e, 0x61, 0x6d, 0x65, 0x73,
	0x70, 0x61, 0x63, 0x65, 0x73, 0x2f, 0x7b, 0x6e, 0x61, 0x6d, 0x65, 0x73, 0x70, 0x61, 0x63, 0x65,
	0x7d, 0x2f, 0x73, 0x63, 0x68, 0x65, 0x64, 0x75, 0x6c, 0x65, 0x73, 0x2f, 0x7b, 0x73, 0x63, 0x68,
	0x65, 0x64, 0x75, 0x6c, 0x65, 0x5f, 0x69, 0x64, 0x7d, 0x12, 0xd5, 0x01, 0x0a, 0x0d, 0x4c, 0x69,
	0x73, 0x74, 0x53, 0x63, 0x68, 0x65, 0x64, 0x75, 0x6c, 0x65, 0x73, 0x12, 0x35, 0x2e, 0x74, 0x65,
	0x6d, 0x70, 0x6f, 0x72, 0x61, 0x6c, 0x2e, 0x61, 0x70, 0x69, 0x2e, 0x77, 0x6f, 0x72, 0x6b, 0x66,
	0x6c, 0x6f, 0x77, 0x73, 0x65, 0x72, 0x76, 0x69, 0x63, 0x65, 0x2e, 0x76, 0x31, 0x2e, 0x4c, 0x69,
	0x73, 0x74, 0x53, 0x63, 0x68, 0x65, 0x64, 0x75, 0x6c, 0x65, 0x73, 0x52, 0x65, 0x71, 0x75, 0x65,
	0x73, 0x74, 0x1a, 0x36, 0x2e, 0x74, 0x65, 0x6d, 0x70, 0x6f, 0x72, 0x61, 0x6c, 0x2e, 0x61, 0x70,
	0x69, 0x2e, 0x77, 0x6f, 0x72, 0x6b, 0x66, 0x6c, 0x6f, 0x77, 0x73, 0x65, 0x72, 0x76, 0x69, 0x63,
	0x65, 0x2e, 0x76, 0x31, 0x2e, 0x4c, 0x69, 0x73, 0x74, 0x53, 0x63, 0x68, 0x65, 0x64, 0x75, 0x6c,
	0x65, 0x73, 0x52, 0x65, 0x73, 0x70, 0x6f, 0x6e, 0x73, 0x65, 0x22, 0x55, 0x82, 0xd3, 0xe4, 0x93,
	0x02, 0x4f, 0x5a, 0x2a, 0x12, 0x28, 0x2f, 0x61, 0x70, 0x69, 0x2f, 0x76, 0x31, 0x2f, 0x6e, 0x61,
	0x6d, 0x65, 0x73, 0x70, 0x61, 0x63, 0x65, 0x73, 0x2f, 0x7b, 0x6e, 0x61, 0x6d, 0x65, 0x73, 0x70,
	0x61, 0x63, 0x65, 0x7d, 0x2f, 0x73, 0x63, 0x68, 0x65, 0x64, 0x75, 0x6c, 0x65, 0x73, 0x12, 0x21,
	0x2f, 0x6e, 0x61, 0x6d, 0x65, 0x73, 0x70, 0x61, 0x63, 0x65, 0x73, 0x2f, 0x7b, 0x6e, 0x61, 0x6d,
	0x65, 0x73, 0x70, 0x61, 0x63, 0x65, 0x7d, 0x2f, 0x73, 0x63, 0x68, 0x65, 0x64, 0x75, 0x6c, 0x65,
	0x73, 0x12, 0xe2, 0x01, 0x0a, 0x0e, 0x43, 0x6f, 0x75, 0x6e, 0x74, 0x53, 0x63, 0x68, 0x65, 0x64,
	0x75, 0x6c, 0x65, 0x73, 0x12, 0x36, 0x2e, 0x74, 0x65, 0x6d, 0x70, 0x6f, 0x72, 0x61, 0x6c, 0x2e,
	0x61, 0x70, 0x69, 0x2e, 0x77, 0x6f, 0x72, 0x6b, 0x66, 0x6c, 0x6f, 0x77, 0x73, 0x65, 0x72, 0x76,
	0x69, 0x63, 0x65, 0x2e, 0x76, 0x31, 0x2e, 0x43, 0x6f, 0x75, 0x6e, 0x74, 0x53, 0x63, 0x68, 0x65,
	0x64, 0x75, 0x6c, 0x65, 0x73, 0x52, 0x65, 0x71, 0x75, 0x65, 0x73, 0x74, 0x1a, 0x37, 0x2e, 0x74,
	0x65, 0x6d, 0x70, 0x6f, 0x72, 0x61, 0x6c, 0x2e, 0x61, 0x70, 0x69, 0x2e, 0x77, 0x6f, 0x72, 0x6b,
	0x66, 0x6c, 0x6f, 0x77, 0x73, 0x65, 0x72, 0x76, 0x69, 0x63, 0x65, 0x2e, 0x76, 0x31, 0x2e, 0x43,
	0x6f, 0x75, 0x6e, 0x74, 0x53, 0x63, 0x68, 0x65, 0x64, 0x75, 0x6c, 0x65, 0x73, 0x52, 0x65, 0x73,
	0x70, 0x6f, 0x6e, 0x73, 0x65, 0x22, 0x5f, 0x82, 0xd3, 0xe4, 0x93, 0x02, 0x59, 0x5a, 0x2f, 0x12,
	0x2d, 0x2f, 0x61, 0x70, 0x69, 0x2f, 0x76, 0x31, 0x2f, 0x6e, 0x61, 0x6d, 0x65, 0x73, 0x70, 0x61,
	0x63, 0x65, 0x73, 0x2f, 0x7b, 0x6e, 0x61, 0x6d, 0x65, 0x73, 0x70, 0x61, 0x63, 0x65, 0x7d, 0x2f,
	0x73, 0x63, 0x68, 0x65, 0x64, 0x75, 0x6c, 0x65, 0x2d, 0x63, 0x6f, 0x75, 0x6e, 0x74, 0x12, 0x26,
	0x2f, 0x6e, 0x61, 0x6d, 0x65, 0x73, 0x70, 0x61, 0x63, 0x65, 0x73, 0x2f, 0x7b, 0x6e, 0x61, 0x6d,
	0x65, 0x73, 0x70, 0x61, 0x63, 0x65, 0x7d, 0x2f, 0x73, 0x63, 0x68, 0x65, 0x64, 0x75, 0x6c, 0x65,
	0x2d, 0x63, 0x6f, 0x75, 0x6e, 0x74, 0x12, 0xb9, 0x01, 0x0a, 0x20, 0x55, 0x70, 0x64, 0x61, 0x74,
	0x65, 0x57, 0x6f, 0x72, 0x6b, 0x65, 0x72, 0x42, 0x75, 0x69, 0x6c, 0x64, 0x49, 0x64, 0x43, 0x6f,
	0x6d, 0x70, 0x61, 0x74, 0x69, 0x62, 0x69, 0x6c, 0x69, 0x74, 0x79, 0x12, 0x48, 0x2e, 0x74, 0x65,
	0x6d, 0x70, 0x6f, 0x72, 0x61, 0x6c, 0x2e, 0x61, 0x70, 0x69, 0x2e, 0x77, 0x6f, 0x72, 0x6b, 0x66,
	0x6c, 0x6f, 0x77, 0x73, 0x65, 0x72, 0x76, 0x69, 0x63, 0x65, 0x2e, 0x76, 0x31, 0x2e, 0x55, 0x70,
	0x64, 0x61, 0x74, 0x65, 0x57, 0x6f, 0x72, 0x6b, 0x65, 0x72, 0x42, 0x75, 0x69, 0x6c, 0x64, 0x49,
	0x64, 0x43, 0x6f, 0x6d, 0x70, 0x61, 0x74, 0x69, 0x62, 0x69, 0x6c, 0x69, 0x74, 0x79, 0x52, 0x65,
	0x71, 0x75, 0x65, 0x73, 0x74, 0x1a, 0x49, 0x2e, 0x74, 0x65, 0x6d, 0x70, 0x6f, 0x72, 0x61, 0x6c,
	0x2e, 0x61, 0x70, 0x69, 0x2e, 0x77, 0x6f, 0x72, 0x6b, 0x66, 0x6c, 0x6f, 0x77, 0x73, 0x65, 0x72,
	0x76, 0x69, 0x63, 0x65, 0x2e, 0x76, 0x31, 0x2e, 0x55, 0x70, 0x64, 0x61, 0x74, 0x65, 0x57, 0x6f,
	0x72, 0x6b, 0x65, 0x72, 0x42, 0x75, 0x69, 0x6c, 0x64, 0x49, 0x64, 0x43, 0x6f, 0x6d, 0x70, 0x61,
	0x74, 0x69, 0x62, 0x69, 0x6c, 0x69, 0x74, 0x79, 0x52, 0x65, 0x73, 0x70, 0x6f, 0x6e, 0x73, 0x65,
	0x22, 0x00, 0x12, 0xe1, 0x02, 0x0a, 0x1d, 0x47, 0x65, 0x74, 0x57, 0x6f, 0x72, 0x6b, 0x65, 0x72,
	0x42, 0x75, 0x69, 0x6c, 0x64, 0x49, 0x64, 0x43, 0x6f, 0x6d, 0x70, 0x61, 0x74, 0x69, 0x62, 0x69,
	0x6c, 0x69, 0x74, 0x79, 0x12, 0x45, 0x2e, 0x74, 0x65, 0x6d, 0x70, 0x6f, 0x72, 0x61, 0x6c, 0x2e,
	0x61, 0x70, 0x69, 0x2e, 0x77, 0x6f, 0x72, 0x6b, 0x66, 0x6c, 0x6f, 0x77, 0x73, 0x65, 0x72, 0x76,
	0x69, 0x63, 0x65, 0x2e, 0x76, 0x31, 0x2e, 0x47, 0x65, 0x74, 0x57, 0x6f, 0x72, 0x6b, 0x65, 0x72,
	0x42, 0x75, 0x69, 0x6c, 0x64, 0x49, 0x64, 0x43, 0x6f, 0x6d, 0x70, 0x61, 0x74, 0x69, 0x62, 0x69,
	0x6c, 0x69, 0x74, 0x79, 0x52, 0x65, 0x71, 0x75, 0x65, 0x73, 0x74, 0x1a, 0x46, 0x2e, 0x74, 0x65,
	0x6d, 0x70, 0x6f, 0x72, 0x61, 0x6c, 0x2e, 0x61, 0x70, 0x69, 0x2e, 0x77, 0x6f, 0x72, 0x6b, 0x66,
	0x6c, 0x6f, 0x77, 0x73, 0x65, 0x72, 0x76, 0x69, 0x63, 0x65, 0x2e, 0x76, 0x31, 0x2e, 0x47, 0x65,
	0x74, 0x57, 0x6f, 0x72, 0x6b, 0x65, 0x72, 0x42, 0x75, 0x69, 0x6c, 0x64, 0x49, 0x64, 0x43, 0x6f,
	0x6d, 0x70, 0x61, 0x74, 0x69, 0x62, 0x69, 0x6c, 0x69, 0x74, 0x79, 0x52, 0x65, 0x73, 0x70, 0x6f,
	0x6e, 0x73, 0x65, 0x22, 0xb0, 0x01, 0x82, 0xd3, 0xe4, 0x93, 0x02, 0xa9, 0x01, 0x5a, 0x57, 0x12,
	0x55, 0x2f, 0x61, 0x70, 0x69, 0x2f, 0x76, 0x31, 0x2f, 0x6e, 0x61, 0x6d, 0x65, 0x73, 0x70, 0x61,
	0x63, 0x65, 0x73, 0x2f, 0x7b, 0x6e, 0x61, 0x6d, 0x65, 0x73, 0x70, 0x61, 0x63, 0x65, 0x7d, 0x2f,
	0x74, 0x61, 0x73, 0x6b, 0x2d, 0x71, 0x75, 0x65, 0x75, 0x65, 0x73, 0x2f, 0x7b, 0x74, 0x61, 0x73,
	0x6b, 0x5f, 0x71, 0x75, 0x65, 0x75, 0x65, 0x7d, 0x2f, 0x77, 0x6f, 0x72, 0x6b, 0x65, 0x72, 0x2d,
	0x62, 0x75, 0x69, 0x6c, 0x64, 0x2d, 0x69, 0x64, 0x2d, 0x63, 0x6f, 0x6d, 0x70, 0x61, 0x74, 0x69,
	0x62, 0x69, 0x6c, 0x69, 0x74, 0x79, 0x12, 0x4e, 0x2f, 0x6e, 0x61, 0x6d, 0x65, 0x73, 0x70, 0x61,
	0x63, 0x65, 0x73, 0x2f, 0x7b, 0x6e, 0x61, 0x6d, 0x65, 0x73, 0x70, 0x61, 0x63, 0x65, 0x7d, 0x2f,
	0x74, 0x61, 0x73, 0x6b, 0x2d, 0x71, 0x75, 0x65, 0x75, 0x65, 0x73, 0x2f, 0x7b, 0x74, 0x61, 0x73,
	0x6b, 0x5f, 0x71, 0x75, 0x65, 0x75, 0x65, 0x7d, 0x2f, 0x77, 0x6f, 0x72, 0x6b, 0x65, 0x72, 0x2d,
	0x62, 0x75, 0x69, 0x6c, 0x64, 0x2d, 0x69, 0x64, 0x2d, 0x63, 0x6f, 0x6d, 0x70, 0x61, 0x74, 0x69,
	0x62, 0x69, 0x6c, 0x69, 0x74, 0x79, 0x12, 0xaa, 0x01, 0x0a, 0x1b, 0x55, 0x70, 0x64, 0x61, 0x74,
	0x65, 0x57, 0x6f, 0x72, 0x6b, 0x65, 0x72, 0x56, 0x65, 0x72, 0x73, 0x69, 0x6f, 0x6e, 0x69, 0x6e,
	0x67, 0x52, 0x75, 0x6c, 0x65, 0x73, 0x12, 0x43, 0x2e, 0x74, 0x65, 0x6d, 0x70, 0x6f, 0x72, 0x61,
	0x6c, 0x2e, 0x61, 0x70, 0x69, 0x2e, 0x77, 0x6f, 0x72, 0x6b, 0x66, 0x6c, 0x6f, 0x77, 0x73, 0x65,
	0x72, 0x76, 0x69, 0x63, 0x65, 0x2e, 0x76, 0x31, 0x2e, 0x55, 0x70, 0x64, 0x61, 0x74, 0x65, 0x57,
	0x6f, 0x72, 0x6b, 0x65, 0x72, 0x56, 0x65, 0x72, 0x73, 0x69, 0x6f, 0x6e, 0x69, 0x6e, 0x67, 0x52,
	0x75, 0x6c, 0x65, 0x73, 0x52, 0x65, 0x71, 0x75, 0x65, 0x73, 0x74, 0x1a, 0x44, 0x2e, 0x74, 0x65,
	0x6d, 0x70, 0x6f, 0x72, 0x61, 0x6c, 0x2e, 0x61, 0x70, 0x69, 0x2e, 0x77, 0x6f, 0x72, 0x6b, 0x66,
	0x6c, 0x6f, 0x77, 0x73, 0x65, 0x72, 0x76, 0x69, 0x63, 0x65, 0x2e, 0x76, 0x31, 0x2e, 0x55, 0x70,
	0x64, 0x61, 0x74, 0x65, 0x57, 0x6f, 0x72, 0x6b, 0x65, 0x72, 0x56, 0x65, 0x72, 0x73, 0x69, 0x6f,
	0x6e, 0x69, 0x6e, 0x67, 0x52, 0x75, 0x6c, 0x65, 0x73, 0x52, 0x65, 0x73, 0x70, 0x6f, 0x6e, 0x73,
	0x65, 0x22, 0x00, 0x12, 0xc6, 0x02, 0x0a, 0x18, 0x47, 0x65, 0x74, 0x57, 0x6f, 0x72, 0x6b, 0x65,
	0x72, 0x56, 0x65, 0x72, 0x73, 0x69, 0x6f, 0x6e, 0x69, 0x6e, 0x67, 0x52, 0x75, 0x6c, 0x65, 0x73,
	0x12, 0x40, 0x2e, 0x74, 0x65, 0x6d, 0x70, 0x6f, 0x72, 0x61, 0x6c, 0x2e, 0x61, 0x70, 0x69, 0x2e,
	0x77, 0x6f, 0x72, 0x6b, 0x66, 0x6c, 0x6f, 0x77, 0x73, 0x65, 0x72, 0x76, 0x69, 0x63, 0x65, 0x2e,
	0x76, 0x31, 0x2e, 0x47, 0x65, 0x74, 0x57, 0x6f, 0x72, 0x6b, 0x65, 0x72, 0x56, 0x65, 0x72, 0x73,
	0x69, 0x6f, 0x6e, 0x69, 0x6e, 0x67, 0x52, 0x75, 0x6c, 0x65, 0x73, 0x52, 0x65, 0x71, 0x75, 0x65,
	0x73, 0x74, 0x1a, 0x41, 0x2e, 0x74, 0x65, 0x6d, 0x70, 0x6f, 0x72, 0x61, 0x6c, 0x2e, 0x61, 0x70,
	0x69, 0x2e, 0x77, 0x6f, 0x72, 0x6b, 0x66, 0x6c, 0x6f, 0x77, 0x73, 0x65, 0x72, 0x76, 0x69, 0x63,
	0x65, 0x2e, 0x76, 0x31, 0x2e, 0x47, 0x65, 0x74, 0x57, 0x6f, 0x72, 0x6b, 0x65, 0x72, 0x56, 0x65,
	0x72, 0x73, 0x69, 0x6f, 0x6e, 0x69, 0x6e, 0x67, 0x52, 0x75, 0x6c, 0x65, 0x73, 0x52, 0x65, 0x73,
	0x70, 0x6f, 0x6e, 0x73, 0x65, 0x22, 0xa4, 0x01, 0x82, 0xd3, 0xe4, 0x93, 0x02, 0x9d, 0x01, 0x5a,
	0x51, 0x12, 0x4f, 0x2f, 0x61, 0x70, 0x69, 0x2f, 0x76, 0x31, 0x2f, 0x6e, 0x61, 0x6d, 0x65, 0x73,
	0x70, 0x61, 0x63, 0x65, 0x73, 0x2f, 0x7b, 0x6e, 0x61, 0x6d, 0x65, 0x73, 0x70, 0x61, 0x63, 0x65,
	0x7d, 0x2f, 0x74, 0x61, 0x73, 0x6b, 0x2d, 0x71, 0x75, 0x65, 0x75, 0x65, 0x73, 0x2f, 0x7b, 0x74,
	0x61, 0x73, 0x6b, 0x5f, 0x71, 0x75, 0x65, 0x75, 0x65, 0x7d, 0x2f, 0x77, 0x6f, 0x72, 0x6b, 0x65,
	0x72, 0x2d, 0x76, 0x65, 0x72, 0x73, 0x69, 0x6f, 0x6e, 0x69, 0x6e, 0x67, 0x2d, 0x72, 0x75, 0x6c,
	0x65, 0x73, 0x12, 0x48, 0x2f, 0x6e, 0x61, 0x6d, 0x65, 0x73, 0x70, 0x61, 0x63, 0x65, 0x73, 0x2f,
	0x7b, 0x6e, 0x61, 0x6d, 0x65, 0x73, 0x70, 0x61, 0x63, 0x65, 0x7d, 0x2f, 0x74, 0x61, 0x73, 0x6b,
	0x2d, 0x71, 0x75, 0x65, 0x75, 0x65, 0x73, 0x2f, 0x7b, 0x74, 0x61, 0x73, 0x6b, 0x5f, 0x71, 0x75,
	0x65, 0x75, 0x65, 0x7d, 0x2f, 0x77, 0x6f, 0x72, 0x6b, 0x65, 0x72, 0x2d, 0x76, 0x65, 0x72, 0x73,
	0x69, 0x6f, 0x6e, 0x69, 0x6e, 0x67, 0x2d, 0x72, 0x75, 0x6c, 0x65, 0x73, 0x12, 0x97, 0x02, 0x0a,
	0x19, 0x47, 0x65, 0x74, 0x57, 0x6f, 0x72, 0x6b, 0x65, 0x72, 0x54, 0x61, 0x73, 0x6b, 0x52, 0x65,
	0x61, 0x63, 0x68, 0x61, 0x62, 0x69, 0x6c, 0x69, 0x74, 0x79, 0x12, 0x41, 0x2e, 0x74, 0x65, 0x6d,
	0x70, 0x6f, 0x72, 0x61, 0x6c, 0x2e, 0x61, 0x70, 0x69, 0x2e, 0x77, 0x6f, 0x72, 0x6b, 0x66, 0x6c,
	0x6f, 0x77, 0x73, 0x65, 0x72, 0x76, 0x69, 0x63, 0x65, 0x2e, 0x76, 0x31, 0x2e, 0x47, 0x65, 0x74,
	0x57, 0x6f, 0x72, 0x6b, 0x65, 0x72, 0x54, 0x61, 0x73, 0x6b, 0x52, 0x65, 0x61, 0x63, 0x68, 0x61,
	0x62, 0x69, 0x6c, 0x69, 0x74, 0x79, 0x52, 0x65, 0x71, 0x75, 0x65, 0x73, 0x74, 0x1a, 0x42, 0x2e,
	0x74, 0x65, 0x6d, 0x70, 0x6f, 0x72, 0x61, 0x6c, 0x2e, 0x61, 0x70, 0x69, 0x2e, 0x77, 0x6f, 0x72,
	0x6b, 0x66, 0x6c, 0x6f, 0x77, 0x73, 0x65, 0x72, 0x76, 0x69, 0x63, 0x65, 0x2e, 0x76, 0x31, 0x2e,
	0x47, 0x65, 0x74, 0x57, 0x6f, 0x72, 0x6b, 0x65, 0x72, 0x54, 0x61, 0x73, 0x6b, 0x52, 0x65, 0x61,
	0x63, 0x68, 0x61, 0x62, 0x69, 0x6c, 0x69, 0x74, 0x79, 0x52, 0x65, 0x73, 0x70, 0x6f, 0x6e, 0x73,
	0x65, 0x22, 0x73, 0x82, 0xd3, 0xe4, 0x93, 0x02, 0x6d, 0x5a, 0x39, 0x12, 0x37, 0x2f, 0x61, 0x70,
	0x69, 0x2f, 0x76, 0x31, 0x2f, 0x6e, 0x61, 0x6d, 0x65, 0x73, 0x70, 0x61, 0x63, 0x65, 0x73, 0x2f,
	0x7b, 0x6e, 0x61, 0x6d, 0x65, 0x73, 0x70, 0x61, 0x63, 0x65, 0x7d, 0x2f, 0x77, 0x6f, 0x72, 0x6b,
	0x65, 0x72, 0x2d, 0x74, 0x61, 0x73, 0x6b, 0x2d, 0x72, 0x65, 0x61, 0x63, 0x68, 0x61, 0x62, 0x69,
	0x6c, 0x69, 0x74, 0x79, 0x12, 0x30, 0x2f, 0x6e, 0x61, 0x6d, 0x65, 0x73, 0x70, 0x61, 0x63, 0x65,
	0x73, 0x2f, 0x7b, 0x6e, 0x61, 0x6d, 0x65, 0x73, 0x70, 0x61, 0x63, 0x65, 0x7d, 0x2f, 0x77, 0x6f,
	0x72, 0x6b, 0x65, 0x72, 0x2d, 0x74, 0x61, 0x73, 0x6b, 0x2d, 0x72, 0x65, 0x61, 0x63, 0x68, 0x61,
	0x62, 0x69, 0x6c, 0x69, 0x74, 0x79, 0x12, 0xc8, 0x02, 0x0a, 0x12, 0x44, 0x65, 0x73, 0x63, 0x72,
	0x69, 0x62, 0x65, 0x44, 0x65, 0x70, 0x6c, 0x6f, 0x79, 0x6d, 0x65, 0x6e, 0x74, 0x12, 0x3a, 0x2e,
	0x74, 0x65, 0x6d, 0x70, 0x6f, 0x72, 0x61, 0x6c, 0x2e, 0x61, 0x70, 0x69, 0x2e, 0x77, 0x6f, 0x72,
	0x6b, 0x66, 0x6c, 0x6f, 0x77, 0x73, 0x65, 0x72, 0x76, 0x69, 0x63, 0x65, 0x2e, 0x76, 0x31, 0x2e,
	0x44, 0x65, 0x73, 0x63, 0x72, 0x69, 0x62, 0x65, 0x44, 0x65, 0x70, 0x6c, 0x6f, 0x79, 0x6d, 0x65,
	0x6e, 0x74, 0x52, 0x65, 0x71, 0x75, 0x65, 0x73, 0x74, 0x1a, 0x3b, 0x2e, 0x74, 0x65, 0x6d, 0x70,
	0x6f, 0x72, 0x61, 0x6c, 0x2e, 0x61, 0x70, 0x69, 0x2e, 0x77, 0x6f, 0x72, 0x6b, 0x66, 0x6c, 0x6f,
	0x77, 0x73, 0x65, 0x72, 0x76, 0x69, 0x63, 0x65, 0x2e, 0x76, 0x31, 0x2e, 0x44, 0x65, 0x73, 0x63,
	0x72, 0x69, 0x62, 0x65, 0x44, 0x65, 0x70, 0x6c, 0x6f, 0x79, 0x6d, 0x65, 0x6e, 0x74, 0x52, 0x65,
	0x73, 0x70, 0x6f, 0x6e, 0x73, 0x65, 0x22, 0xb8, 0x01, 0x82, 0xd3, 0xe4, 0x93, 0x02, 0xb1, 0x01,
	0x5a, 0x5b, 0x12, 0x59, 0x2f, 0x61, 0x70, 0x69, 0x2f, 0x76, 0x31, 0x2f, 0x6e, 0x61, 0x6d, 0x65,
	0x73, 0x70, 0x61, 0x63, 0x65, 0x73, 0x2f, 0x7b, 0x6e, 0x61, 0x6d, 0x65, 0x73, 0x70, 0x61, 0x63,
	0x65, 0x7d, 0x2f, 0x64, 0x65, 0x70, 0x6c, 0x6f, 0x79, 0x6d, 0x65, 0x6e, 0x74, 0x73, 0x2f, 0x7b,
	0x64, 0x65, 0x70, 0x6c, 0x6f, 0x79, 0x6d, 0x65, 0x6e, 0x74, 0x2e, 0x73, 0x65, 0x72, 0x69, 0x65,
	0x73, 0x5f, 0x6e, 0x61, 0x6d, 0x65, 0x7d, 0x2f, 0x7b, 0x64, 0x65, 0x70, 0x6c, 0x6f, 0x79, 0x6d,
	0x65, 0x6e, 0x74, 0x2e, 0x62, 0x75, 0x69, 0x6c, 0x64, 0x5f, 0x69, 0x64, 0x7d, 0x12, 0x52, 0x2f,
	0x6e, 0x61, 0x6d, 0x65, 0x73, 0x70, 0x61, 0x63, 0x65, 0x73, 0x2f, 0x7b, 0x6e, 0x61, 0x6d, 0x65,
	0x73, 0x70, 0x61, 0x63, 0x65, 0x7d, 0x2f, 0x64, 0x65, 0x70, 0x6c, 0x6f, 0x79, 0x6d, 0x65, 0x6e,
	0x74, 0x73, 0x2f, 0x7b, 0x64, 0x65, 0x70, 0x6c, 0x6f, 0x79, 0x6d, 0x65, 0x6e, 0x74, 0x2e, 0x73,
	0x65, 0x72, 0x69, 0x65, 0x73, 0x5f, 0x6e, 0x61, 0x6d, 0x65, 0x7d, 0x2f, 0x7b, 0x64, 0x65, 0x70,
	0x6c, 0x6f, 0x79, 0x6d, 0x65, 0x6e, 0x74, 0x2e, 0x62, 0x75, 0x69, 0x6c, 0x64, 0x5f, 0x69, 0x64,
	0x7d, 0x12, 0x81, 0x04, 0x0a, 0x1f, 0x44, 0x65, 0x73, 0x63, 0x72, 0x69, 0x62, 0x65, 0x57, 0x6f,
	0x72, 0x6b, 0x65, 0x72, 0x44, 0x65, 0x70, 0x6c, 0x6f, 0x79, 0x6d, 0x65, 0x6e, 0x74, 0x56, 0x65,
	0x72, 0x73, 0x69, 0x6f, 0x6e, 0x12, 0x47, 0x2e, 0x74, 0x65, 0x6d, 0x70, 0x6f, 0x72, 0x61, 0x6c,
	0x2e, 0x61, 0x70, 0x69, 0x2e, 0x77, 0x6f, 0x72, 0x6b, 0x66, 0x6c, 0x6f, 0x77, 0x73, 0x65, 0x72,
	0x76, 0x69, 0x63, 0x65, 0x2e, 0x76, 0x31, 0x2e, 0x44, 0x65, 0x73, 0x63, 0x72, 0x69, 0x62, 0x65,
	0x57, 0x6f, 0x72, 0x6b, 0x65, 0x72, 0x44, 0x65, 0x70, 0x6c, 0x6f, 0x79, 0x6d, 0x65, 0x6e, 0x74,
	0x56, 0x65, 0x72, 0x73, 0x69, 0x6f, 0x6e, 0x52, 0x65, 0x71, 0x75, 0x65, 0x73, 0x74, 0x1a, 0x48,
	0x2e, 0x74, 0x65, 0x6d, 0x70, 0x6f, 0x72, 0x61, 0x6c, 0x2e, 0x61, 0x70, 0x69, 0x2e, 0x77, 0x6f,
	0x72, 0x6b, 0x66, 0x6c, 0x6f, 0x77, 0x73, 0x65, 0x72, 0x76, 0x69, 0x63, 0x65, 0x2e, 0x76, 0x31,
	0x2e, 0x44, 0x65, 0x73, 0x63, 0x72, 0x69, 0x62, 0x65, 0x57, 0x6f, 0x72, 0x6b, 0x65, 0x72, 0x44,
	0x65, 0x70, 0x6c, 0x6f, 0x79, 0x6d, 0x65, 0x6e, 0x74, 0x56, 0x65, 0x72, 0x73, 0x69, 0x6f, 0x6e,
	0x52, 0x65, 0x73, 0x70, 0x6f, 0x6e, 0x73, 0x65, 0x22, 0xca, 0x02, 0x8a, 0x9d, 0xcc, 0x1b, 0x47,
	0x0a, 0x14, 0x74, 0x65, 0x6d, 0x70, 0x6f, 0x72, 0x61, 0x6c, 0x2d, 0x72, 0x65, 0x73, 0x6f, 0x75,
	0x72, 0x63, 0x65, 0x2d, 0x69, 0x64, 0x12, 0x2f, 0x64, 0x65, 0x70, 0x6c, 0x6f, 0x79, 0x6d, 0x65,
	0x6e, 0x74, 0x3a, 0x7b, 0x64, 0x65, 0x70, 0x6c, 0x6f, 0x79, 0x6d, 0x65, 0x6e, 0x74, 0x5f, 0x76,
	0x65, 0x72, 0x73, 0x69, 0x6f, 0x6e, 0x2e, 0x64, 0x65, 0x70, 0x6c, 0x6f, 0x79, 0x6d, 0x65, 0x6e,
	0x74, 0x5f, 0x6e, 0x61, 0x6d, 0x65, 0x7d, 0x82, 0xd3, 0xe4, 0x93, 0x02, 0xf7, 0x01, 0x5a, 0x7e,
	0x12, 0x7c, 0x2f, 0x61, 0x70, 0x69, 0x2f, 0x76, 0x31, 0x2f, 0x6e, 0x61, 0x6d, 0x65, 0x73, 0x70,
	0x61, 0x63, 0x65, 0x73, 0x2f, 0x7b, 0x6e, 0x61, 0x6d, 0x65, 0x73, 0x70, 0x61, 0x63, 0x65, 0x7d,
	0x2f, 0x77, 0x6f, 0x72, 0x6b, 0x65, 0x72, 0x2d, 0x64, 0x65, 0x70, 0x6c, 0x6f, 0x79, 0x6d, 0x65,
	0x6e, 0x74, 0x2d, 0x76, 0x65, 0x72, 0x73, 0x69, 0x6f, 0x6e, 0x73, 0x2f, 0x7b, 0x64, 0x65, 0x70,
	0x6c, 0x6f, 0x79, 0x6d, 0x65, 0x6e, 0x74, 0x5f, 0x76, 0x65, 0x72, 0x73, 0x69, 0x6f, 0x6e, 0x2e,
	0x64, 0x65, 0x70, 0x6c, 0x6f, 0x79, 0x6d, 0x65, 0x6e, 0x74, 0x5f, 0x6e, 0x61, 0x6d, 0x65, 0x7d,
	0x2f, 0x7b, 0x64, 0x65, 0x70, 0x6c, 0x6f, 0x79, 0x6d, 0x65, 0x6e, 0x74, 0x5f, 0x76, 0x65, 0x72,
	0x73, 0x69, 0x6f, 0x6e, 0x2e, 0x62, 0x75, 0x69, 0x6c, 0x64, 0x5f, 0x69, 0x64, 0x7d, 0x12, 0x75,
	0x2f, 0x6e, 0x61, 0x6d, 0x65, 0x73, 0x70, 0x61, 0x63, 0x65, 0x73, 0x2f, 0x7b, 0x6e, 0x61, 0x6d,
	0x65, 0x73, 0x70, 0x61, 0x63, 0x65, 0x7d, 0x2f, 0x77, 0x6f, 0x72, 0x6b, 0x65, 0x72, 0x2d, 0x64,
	0x65, 0x70, 0x6c, 0x6f, 0x79, 0x6d, 0x65, 0x6e, 0x74, 0x2d, 0x76, 0x65, 0x72, 0x73, 0x69, 0x6f,
	0x6e, 0x73, 0x2f, 0x7b, 0x64, 0x65, 0x70, 0x6c, 0x6f, 0x79, 0x6d, 0x65, 0x6e, 0x74, 0x5f, 0x76,
	0x65, 0x72, 0x73, 0x69, 0x6f, 0x6e, 0x2e, 0x64, 0x65, 0x70, 0x6c, 0x6f, 0x79, 0x6d, 0x65, 0x6e,
	0x74, 0x5f, 0x6e, 0x61, 0x6d, 0x65, 0x7d, 0x2f, 0x7b, 0x64, 0x65, 0x70, 0x6c, 0x6f, 0x79, 0x6d,
	0x65, 0x6e, 0x74, 0x5f, 0x76, 0x65, 0x72, 0x73, 0x69, 0x6f, 0x6e, 0x2e, 0x62, 0x75, 0x69, 0x6c,
	0x64, 0x5f, 0x69, 0x64, 0x7d, 0x12, 0xdf, 0x01, 0x0a, 0x0f, 0x4c, 0x69, 0x73, 0x74, 0x44, 0x65,
	0x70, 0x6c, 0x6f, 0x79, 0x6d, 0x65, 0x6e, 0x74, 0x73, 0x12, 0x37, 0x2e, 0x74, 0x65, 0x6d, 0x70,
	0x6f, 0x72, 0x61, 0x6c, 0x2e, 0x61, 0x70, 0x69, 0x2e, 0x77, 0x6f, 0x72, 0x6b, 0x66, 0x6c, 0x6f,
	0x77, 0x73, 0x65, 0x72, 0x76, 0x69, 0x63, 0x65, 0x2e, 0x76, 0x31, 0x2e, 0x4c, 0x69, 0x73, 0x74,
	0x44, 0x65, 0x70, 0x6c, 0x6f, 0x79, 0x6d, 0x65, 0x6e, 0x74, 0x73, 0x52, 0x65, 0x71, 0x75, 0x65,
	0x73, 0x74, 0x1a, 0x38, 0x2e, 0x74, 0x65, 0x6d, 0x70, 0x6f, 0x72, 0x61, 0x6c, 0x2e, 0x61, 0x70,
	0x69, 0x2e, 0x77, 0x6f, 0x72, 0x6b, 0x66, 0x6c, 0x6f, 0x77, 0x73, 0x65, 0x72, 0x76, 0x69, 0x63,
	0x65, 0x2e, 0x76, 0x31, 0x2e, 0x4c, 0x69, 0x73, 0x74, 0x44, 0x65, 0x70, 0x6c, 0x6f, 0x79, 0x6d,
	0x65, 0x6e, 0x74, 0x73, 0x52, 0x65, 0x73, 0x70, 0x6f, 0x6e, 0x73, 0x65, 0x22, 0x59, 0x82, 0xd3,
	0xe4, 0x93, 0x02, 0x53, 0x5a, 0x2c, 0x12, 0x2a, 0x2f, 0x61, 0x70, 0x69, 0x2f, 0x76, 0x31, 0x2f,
	0x6e, 0x61, 0x6d, 0x65, 0x73, 0x70, 0x61, 0x63, 0x65, 0x73, 0x2f, 0x7b, 0x6e, 0x61, 0x6d, 0x65,
	0x73, 0x70, 0x61, 0x63, 0x65, 0x7d, 0x2f, 0x64, 0x65, 0x70, 0x6c, 0x6f, 0x79, 0x6d, 0x65, 0x6e,
	0x74, 0x73, 0x12, 0x23, 0x2f, 0x6e, 0x61, 0x6d, 0x65, 0x73, 0x70, 0x61, 0x63, 0x65, 0x73, 0x2f,
	0x7b, 0x6e, 0x61, 0x6d, 0x65, 0x73, 0x70, 0x61, 0x63, 0x65, 0x7d, 0x2f, 0x64, 0x65, 0x70, 0x6c,
	0x6f, 0x79, 0x6d, 0x65, 0x6e, 0x74, 0x73, 0x12, 0xf7, 0x02, 0x0a, 0x19, 0x47, 0x65, 0x74, 0x44,
	0x65, 0x70, 0x6c, 0x6f, 0x79, 0x6d, 0x65, 0x6e, 0x74, 0x52, 0x65, 0x61, 0x63, 0x68, 0x61, 0x62,
	0x69, 0x6c, 0x69, 0x74, 0x79, 0x12, 0x41, 0x2e, 0x74, 0x65, 0x6d, 0x70, 0x6f, 0x72, 0x61, 0x6c,
	0x2e, 0x61, 0x70, 0x69, 0x2e, 0x77, 0x6f, 0x72, 0x6b, 0x66, 0x6c, 0x6f, 0x77, 0x73, 0x65, 0x72,
	0x76, 0x69, 0x63, 0x65, 0x2e, 0x76, 0x31, 0x2e, 0x47, 0x65, 0x74, 0x44, 0x65, 0x70, 0x6c, 0x6f,
	0x79, 0x6d, 0x65, 0x6e, 0x74, 0x52, 0x65, 0x61, 0x63, 0x68, 0x61, 0x62, 0x69, 0x6c, 0x69, 0x74,
	0x79, 0x52, 0x65, 0x71, 0x75, 0x65, 0x73, 0x74, 0x1a, 0x42, 0x2e, 0x74, 0x65, 0x6d, 0x70, 0x6f,
	0x72, 0x61, 0x6c, 0x2e, 0x61, 0x70, 0x69, 0x2e, 0x77, 0x6f, 0x72, 0x6b, 0x66, 0x6c, 0x6f, 0x77,
	0x73, 0x65, 0x72, 0x76, 0x69, 0x63, 0x65, 0x2e, 0x76, 0x31, 0x2e, 0x47, 0x65, 0x74, 0x44, 0x65,
	0x70, 0x6c, 0x6f, 0x79, 0x6d, 0x65, 0x6e, 0x74, 0x52, 0x65, 0x61, 0x63, 0x68, 0x61, 0x62, 0x69,
	0x6c, 0x69, 0x74, 0x79, 0x52, 0x65, 0x73, 0x70, 0x6f, 0x6e, 0x73, 0x65, 0x22, 0xd2, 0x01, 0x82,
	0xd3, 0xe4, 0x93, 0x02, 0xcb, 0x01, 0x5a, 0x68, 0x12, 0x66, 0x2f, 0x61, 0x70, 0x69, 0x2f, 0x76,
	0x31, 0x2f, 0x6e, 0x61, 0x6d, 0x65, 0x73, 0x70, 0x61, 0x63, 0x65, 0x73, 0x2f, 0x7b, 0x6e, 0x61,
	0x6d, 0x65, 0x73, 0x70, 0x61, 0x63, 0x65, 0x7d, 0x2f, 0x64, 0x65, 0x70, 0x6c, 0x6f, 0x79, 0x6d,
	0x65, 0x6e, 0x74, 0x73, 0x2f, 0x7b, 0x64, 0x65, 0x70, 0x6c, 0x6f, 0x79, 0x6d, 0x65, 0x6e, 0x74,
	0x2e, 0x73, 0x65, 0x72, 0x69, 0x65, 0x73, 0x5f, 0x6e, 0x61, 0x6d, 0x65, 0x7d, 0x2f, 0x7b, 0x64,
	0x65, 0x70, 0x6c, 0x6f, 0x79, 0x6d, 0x65, 0x6e, 0x74, 0x2e, 0x62, 0x75, 0x69, 0x6c, 0x64, 0x5f,
	0x69, 0x64, 0x7d, 0x2f, 0x72, 0x65, 0x61, 0x63, 0x68, 0x61, 0x62, 0x69, 0x6c, 0x69, 0x74, 0x79,
	0x12, 0x5f, 0x2f, 0x6e, 0x61, 0x6d, 0x65, 0x73, 0x70, 0x61, 0x63, 0x65, 0x73, 0x2f, 0x7b, 0x6e,
	0x61, 0x6d, 0x65, 0x73, 0x70, 0x61, 0x63, 0x65, 0x7d, 0x2f, 0x64, 0x65, 0x70, 0x6c, 0x6f, 0x79,
	0x6d, 0x65, 0x6e, 0x74, 0x73, 0x2f, 0x7b, 0x64, 0x65, 0x70, 0x6c, 0x6f, 0x79, 0x6d, 0x65, 0x6e,
	0x74, 0x2e, 0x73, 0x65, 0x72, 0x69, 0x65, 0x73, 0x5f, 0x6e, 0x61, 0x6d, 0x65, 0x7d, 0x2f, 0x7b,
	0x64, 0x65, 0x70, 0x6c, 0x6f, 0x79, 0x6d, 0x65, 0x6e, 0x74, 0x2e, 0x62, 0x75, 0x69, 0x6c, 0x64,
	0x5f, 0x69, 0x64, 0x7d, 0x2f, 0x72, 0x65, 0x61, 0x63, 0x68, 0x61, 0x62, 0x69, 0x6c, 0x69, 0x74,
	0x79, 0x12, 0x99, 0x02, 0x0a, 0x14, 0x47, 0x65, 0x74, 0x43, 0x75, 0x72, 0x72, 0x65, 0x6e, 0x74,
	0x44, 0x65, 0x70, 0x6c, 0x6f, 0x79, 0x6d, 0x65, 0x6e, 0x74, 0x12, 0x3c, 0x2e, 0x74, 0x65, 0x6d,
	0x70, 0x6f, 0x72, 0x61, 0x6c, 0x2e, 0x61, 0x70, 0x69, 0x2e, 0x77, 0x6f, 0x72, 0x6b, 0x66, 0x6c,
	0x6f, 0x77, 0x73, 0x65, 0x72, 0x76, 0x69, 0x63, 0x65, 0x2e, 0x76, 0x31, 0x2e, 0x47, 0x65, 0x74,
	0x43, 0x75, 0x72, 0x72, 0x65, 0x6e, 0x74, 0x44, 0x65, 0x70, 0x6c, 0x6f, 0x79, 0x6d, 0x65, 0x6e,
	0x74, 0x52, 0x65, 0x71, 0x75, 0x65, 0x73, 0x74, 0x1a, 0x3d, 0x2e, 0x74, 0x65, 0x6d, 0x70, 0x6f,
	0x72, 0x61, 0x6c, 0x2e, 0x61, 0x70, 0x69, 0x2e, 0x77, 0x6f, 0x72, 0x6b, 0x66, 0x6c, 0x6f, 0x77,
	0x73, 0x65, 0x72, 0x76, 0x69, 0x63, 0x65, 0x2e, 0x76, 0x31, 0x2e, 0x47, 0x65, 0x74, 0x43, 0x75,
	0x72, 0x72, 0x65, 0x6e, 0x74, 0x44, 0x65, 0x70, 0x6c, 0x6f, 0x79, 0x6d, 0x65, 0x6e, 0x74, 0x52,
	0x65, 0x73, 0x70, 0x6f, 0x6e, 0x73, 0x65, 0x22, 0x83, 0x01, 0x82, 0xd3, 0xe4, 0x93, 0x02, 0x7d,
	0x5a, 0x41, 0x12, 0x3f, 0x2f, 0x61, 0x70, 0x69, 0x2f, 0x76, 0x31, 0x2f, 0x6e, 0x61, 0x6d, 0x65,
	0x73, 0x70, 0x61, 0x63, 0x65, 0x73, 0x2f, 0x7b, 0x6e, 0x61, 0x6d, 0x65, 0x73, 0x70, 0x61, 0x63,
	0x65, 0x7d, 0x2f, 0x63, 0x75, 0x72, 0x72, 0x65, 0x6e, 0x74, 0x2d, 0x64, 0x65, 0x70, 0x6c, 0x6f,
	0x79, 0x6d, 0x65, 0x6e, 0x74, 0x2f, 0x7b, 0x73, 0x65, 0x72, 0x69, 0x65, 0x73, 0x5f, 0x6e, 0x61,
	0x6d, 0x65, 0x7d, 0x12, 0x38, 0x2f, 0x6e, 0x61, 0x6d, 0x65, 0x73, 0x70, 0x61, 0x63, 0x65, 0x73,
	0x2f, 0x7b, 0x6e, 0x61, 0x6d, 0x65, 0x73, 0x70, 0x61, 0x63, 0x65, 0x7d, 0x2f, 0x63, 0x75, 0x72,
	0x72, 0x65, 0x6e, 0x74, 0x2d, 0x64, 0x65, 0x70, 0x6c, 0x6f, 0x79, 0x6d, 0x65, 0x6e, 0x74, 0x2f,
	0x7b, 0x73, 0x65, 0x72, 0x69, 0x65, 0x73, 0x5f, 0x6e, 0x61, 0x6d, 0x65, 0x7d, 0x12, 0xb6, 0x02,
	0x0a, 0x14, 0x53, 0x65, 0x74, 0x43, 0x75, 0x72, 0x72, 0x65, 0x6e, 0x74, 0x44, 0x65, 0x70, 0x6c,
	0x6f, 0x79, 0x6d, 0x65, 0x6e, 0x74, 0x12, 0x3c, 0x2e, 0x74, 0x65, 0x6d, 0x70, 0x6f, 0x72, 0x61,
	0x6c, 0x2e, 0x61, 0x70, 0x69, 0x2e, 0x77, 0x6f, 0x72, 0x6b, 0x66, 0x6c, 0x6f, 0x77, 0x73, 0x65,
	0x72, 0x76, 0x69, 0x63, 0x65, 0x2e, 0x76, 0x31, 0x2e, 0x53, 0x65, 0x74, 0x43, 0x75, 0x72, 0x72,
	0x65, 0x6e, 0x74, 0x44, 0x65, 0x70, 0x6c, 0x6f, 0x79, 0x6d, 0x65, 0x6e, 0x74, 0x52, 0x65, 0x71,
	0x75, 0x65, 0x73, 0x74, 0x1a, 0x3d, 0x2e, 0x74, 0x65, 0x6d, 0x70, 0x6f, 0x72, 0x61, 0x6c, 0x2e,
	0x61, 0x70, 0x69, 0x2e, 0x77, 0x6f, 0x72, 0x6b, 0x66, 0x6c, 0x6f, 0x77, 0x73, 0x65, 0x72, 0x76,
	0x69, 0x63, 0x65, 0x2e, 0x76, 0x31, 0x2e, 0x53, 0x65, 0x74, 0x43, 0x75, 0x72, 0x72, 0x65, 0x6e,
	0x74, 0x44, 0x65, 0x70, 0x6c, 0x6f, 0x79, 0x6d, 0x65, 0x6e, 0x74, 0x52, 0x65, 0x73, 0x70, 0x6f,
	0x6e, 0x73, 0x65, 0x22, 0xa0, 0x01, 0x82, 0xd3, 0xe4, 0x93, 0x02, 0x99, 0x01, 0x3a, 0x01, 0x2a,
	0x5a, 0x4f, 0x3a, 0x01, 0x2a, 0x22, 0x4a, 0x2f, 0x61, 0x70, 0x69, 0x2f, 0x76, 0x31, 0x2f, 0x6e,
	0x61, 0x6d, 0x65, 0x73, 0x70, 0x61, 0x63, 0x65, 0x73, 0x2f, 0x7b, 0x6e, 0x61, 0x6d, 0x65, 0x73,
	0x70, 0x61, 0x63, 0x65, 0x7d, 0x2f, 0x63, 0x75, 0x72, 0x72, 0x65, 0x6e, 0x74, 0x2d, 0x64, 0x65,
	0x70, 0x6c, 0x6f, 0x79, 0x6d, 0x65, 0x6e, 0x74, 0x2f, 0x7b, 0x64, 0x65, 0x70, 0x6c, 0x6f, 0x79,
	0x6d, 0x65, 0x6e, 0x74, 0x2e, 0x73, 0x65, 0x72, 0x69, 0x65, 0x73, 0x5f, 0x6e, 0x61, 0x6d, 0x65,
	0x7d, 0x22, 0x43, 0x2f, 0x6e, 0x61, 0x6d, 0x65, 0x73, 0x70, 0x61, 0x63, 0x65, 0x73, 0x2f, 0x7b,
	0x6e, 0x61, 0x6d, 0x65, 0x73, 0x70, 0x61, 0x63, 0x65, 0x7d, 0x2f, 0x63, 0x75, 0x72, 0x72, 0x65,
	0x6e, 0x74, 0x2d, 0x64, 0x65, 0x70, 0x6c, 0x6f, 0x79, 0x6d, 0x65, 0x6e, 0x74, 0x2f, 0x7b, 0x64,
	0x65, 0x70, 0x6c, 0x6f, 0x79, 0x6d, 0x65, 0x6e, 0x74, 0x2e, 0x73, 0x65, 0x72, 0x69, 0x65, 0x73,
	0x5f, 0x6e, 0x61, 0x6d, 0x65, 0x7d, 0x12, 0xb0, 0x03, 0x0a, 0x21, 0x53, 0x65, 0x74, 0x57, 0x6f,
	0x72, 0x6b, 0x65, 0x72, 0x44, 0x65, 0x70, 0x6c, 0x6f, 0x79, 0x6d, 0x65, 0x6e, 0x74, 0x43, 0x75,
	0x72, 0x72, 0x65, 0x6e, 0x74, 0x56, 0x65, 0x72, 0x73, 0x69, 0x6f, 0x6e, 0x12, 0x49, 0x2e, 0x74,
	0x65, 0x6d, 0x70, 0x6f, 0x72, 0x61, 0x6c, 0x2e, 0x61, 0x70, 0x69, 0x2e, 0x77, 0x6f, 0x72, 0x6b,
	0x66, 0x6c, 0x6f, 0x77, 0x73, 0x65, 0x72, 0x76, 0x69, 0x63, 0x65, 0x2e, 0x76, 0x31, 0x2e, 0x53,
	0x65, 0x74, 0x57, 0x6f, 0x72, 0x6b, 0x65, 0x72, 0x44, 0x65, 0x70, 0x6c, 0x6f, 0x79, 0x6d, 0x65,
	0x6e, 0x74, 0x43, 0x75, 0x72, 0x72, 0x65, 0x6e, 0x74, 0x56, 0x65, 0x72, 0x73, 0x69, 0x6f, 0x6e,
	0x52, 0x65, 0x71, 0x75, 0x65, 0x73, 0x74, 0x1a, 0x4a, 0x2e, 0x74, 0x65, 0x6d, 0x70, 0x6f, 0x72,
	0x61, 0x6c, 0x2e, 0x61, 0x70, 0x69, 0x2e, 0x77, 0x6f, 0x72, 0x6b, 0x66, 0x6c, 0x6f, 0x77, 0x73,
	0x65, 0x72, 0x76, 0x69, 0x63, 0x65, 0x2e, 0x76, 0x31, 0x2e, 0x53, 0x65, 0x74, 0x57, 0x6f, 0x72,
	0x6b, 0x65, 0x72, 0x44, 0x65, 0x70, 0x6c, 0x6f, 0x79, 0x6d, 0x65, 0x6e, 0x74, 0x43, 0x75, 0x72,
	0x72, 0x65, 0x6e, 0x74, 0x56, 0x65, 0x72, 0x73, 0x69, 0x6f, 0x6e, 0x52, 0x65, 0x73, 0x70, 0x6f,
	0x6e, 0x73, 0x65, 0x22, 0xf3, 0x01, 0x8a, 0x9d, 0xcc, 0x1b, 0x34, 0x0a, 0x14, 0x74, 0x65, 0x6d,
	0x70, 0x6f, 0x72, 0x61, 0x6c, 0x2d, 0x72, 0x65, 0x73, 0x6f, 0x75, 0x72, 0x63, 0x65, 0x2d, 0x69,
	0x64, 0x12, 0x1c, 0x64, 0x65, 0x70, 0x6c, 0x6f, 0x79, 0x6d, 0x65, 0x6e, 0x74, 0x3a, 0x7b, 0x64,
	0x65, 0x70, 0x6c, 0x6f, 0x79, 0x6d, 0x65, 0x6e, 0x74, 0x5f, 0x6e, 0x61, 0x6d, 0x65, 0x7d, 0x82,
	0xd3, 0xe4, 0x93, 0x02, 0xb3, 0x01, 0x3a, 0x01, 0x2a, 0x5a, 0x5c, 0x3a, 0x01, 0x2a, 0x22, 0x57,
	0x2f, 0x61, 0x70, 0x69, 0x2f, 0x76, 0x31, 0x2f, 0x6e, 0x61, 0x6d, 0x65, 0x73, 0x70, 0x61, 0x63,
	0x65, 0x73, 0x2f, 0x7b, 0x6e, 0x61, 0x6d, 0x65, 0x73, 0x70, 0x61, 0x63, 0x65, 0x7d, 0x2f, 0x77,
	0x6f, 0x72, 0x6b, 0x65, 0x72, 0x2d, 0x64, 0x65, 0x70, 0x6c, 0x6f, 0x79, 0x6d, 0x65, 0x6e, 0x74,
	0x73, 0x2f, 0x7b, 0x64, 0x65, 0x70, 0x6c, 0x6f, 0x79, 0x6d, 0x65, 0x6e, 0x74, 0x5f, 0x6e, 0x61,
	0x6d, 0x65, 0x7d, 0x2f, 0x73, 0x65, 0x74, 0x2d, 0x63, 0x75, 0x72, 0x72, 0x65, 0x6e, 0x74, 0x2d,
	0x76, 0x65, 0x72, 0x73, 0x69, 0x6f, 0x6e, 0x22, 0x50, 0x2f, 0x6e, 0x61, 0x6d, 0x65, 0x73, 0x70,
	0x61, 0x63, 0x65, 0x73, 0x2f, 0x7b, 0x6e, 0x61, 0x6d, 0x65, 0x73, 0x70, 0x61, 0x63, 0x65, 0x7d,
	0x2f, 0x77, 0x6f, 0x72, 0x6b, 0x65, 0x72, 0x2d, 0x64, 0x65, 0x70, 0x6c, 0x6f, 0x79, 0x6d, 0x65,
	0x6e, 0x74, 0x73, 0x2f, 0x7b, 0x64, 0x65, 0x70, 0x6c, 0x6f, 0x79, 0x6d, 0x65, 0x6e, 0x74, 0x5f,
	0x6e, 0x61, 0x6d, 0x65, 0x7d, 0x2f, 0x73, 0x65, 0x74, 0x2d, 0x63, 0x75, 0x72, 0x72, 0x65, 0x6e,
	0x74, 0x2d, 0x76, 0x65, 0x72, 0x73, 0x69, 0x6f, 0x6e, 0x12, 0xe7, 0x02, 0x0a, 0x18, 0x44, 0x65,
	0x73, 0x63, 0x72, 0x69, 0x62, 0x65, 0x57, 0x6f, 0x72, 0x6b, 0x65, 0x72, 0x44, 0x65, 0x70, 0x6c,
	0x6f, 0x79, 0x6d, 0x65, 0x6e, 0x74, 0x12, 0x40, 0x2e, 0x74, 0x65, 0x6d, 0x70, 0x6f, 0x72, 0x61,
	0x6c, 0x2e, 0x61, 0x70, 0x69, 0x2e, 0x77, 0x6f, 0x72, 0x6b, 0x66, 0x6c, 0x6f, 0x77, 0x73, 0x65,
	0x72, 0x76, 0x69, 0x63, 0x65, 0x2e, 0x76, 0x31, 0x2e, 0x44, 0x65, 0x73, 0x63, 0x72, 0x69, 0x62,
	0x65, 0x57, 0x6f, 0x72, 0x6b, 0x65, 0x72, 0x44, 0x65, 0x70, 0x6c, 0x6f, 0x79, 0x6d, 0x65, 0x6e,
	0x74, 0x52, 0x65, 0x71, 0x75, 0x65, 0x73, 0x74, 0x1a, 0x41, 0x2e, 0x74, 0x65, 0x6d, 0x70, 0x6f,
	0x72, 0x61, 0x6c, 0x2e, 0x61, 0x70, 0x69, 0x2e, 0x77, 0x6f, 0x72, 0x6b, 0x66, 0x6c, 0x6f, 0x77,
	0x73, 0x65, 0x72, 0x76, 0x69, 0x63, 0x65, 0x2e, 0x76, 0x31, 0x2e, 0x44, 0x65, 0x73, 0x63, 0x72,
	0x69, 0x62, 0x65, 0x57, 0x6f, 0x72, 0x6b, 0x65, 0x72, 0x44, 0x65, 0x70, 0x6c, 0x6f, 0x79, 0x6d,
	0x65, 0x6e, 0x74, 0x52, 0x65, 0x73, 0x70, 0x6f, 0x6e, 0x73, 0x65, 0x22, 0xc5, 0x01, 0x8a, 0x9d,
	0xcc, 0x1b, 0x34, 0x0a, 0x14, 0x74, 0x65, 0x6d, 0x70, 0x6f, 0x72, 0x61, 0x6c, 0x2d, 0x72, 0x65,
	0x73, 0x6f, 0x75, 0x72, 0x63, 0x65, 0x2d, 0x69, 0x64, 0x12, 0x1c, 0x64, 0x65, 0x70, 0x6c, 0x6f,
	0x79, 0x6d, 0x65, 0x6e, 0x74, 0x3a, 0x7b, 0x64, 0x65, 0x70, 0x6c, 0x6f, 0x79, 0x6d, 0x65, 0x6e,
	0x74, 0x5f, 0x6e, 0x61, 0x6d, 0x65, 0x7d, 0x82, 0xd3, 0xe4, 0x93, 0x02, 0x85, 0x01, 0x5a, 0x45,
	0x12, 0x43, 0x2f, 0x61, 0x70, 0x69, 0x2f, 0x76, 0x31, 0x2f, 0x6e, 0x61, 0x6d, 0x65, 0x73, 0x70,
	0x61, 0x63, 0x65, 0x73, 0x2f, 0x7b, 0x6e, 0x61, 0x6d, 0x65, 0x73, 0x70, 0x61, 0x63, 0x65, 0x7d,
	0x2f, 0x77, 0x6f, 0x72, 0x6b, 0x65, 0x72, 0x2d, 0x64, 0x65, 0x70, 0x6c, 0x6f, 0x79, 0x6d, 0x65,
	0x6e, 0x74, 0x73, 0x2f, 0x7b, 0x64, 0x65, 0x70, 0x6c, 0x6f, 0x79, 0x6d, 0x65, 0x6e, 0x74, 0x5f,
	0x6e, 0x61, 0x6d, 0x65, 0x7d, 0x12, 0x3c, 0x2f, 0x6e, 0x61, 0x6d, 0x65, 0x73, 0x70, 0x61, 0x63,
	0x65, 0x73, 0x2f, 0x7b, 0x6e, 0x61, 0x6d, 0x65, 0x73, 0x70, 0x61, 0x63, 0x65, 0x7d, 0x2f, 0x77,
	0x6f, 0x72, 0x6b, 0x65, 0x72, 0x2d, 0x64, 0x65, 0x70, 0x6c, 0x6f, 0x79, 0x6d, 0x65, 0x6e, 0x74,
	0x73, 0x2f, 0x7b, 0x64, 0x65, 0x70, 0x6c, 0x6f, 0x79, 0x6d, 0x65, 0x6e, 0x74, 0x5f, 0x6e, 0x61,
	0x6d, 0x65, 0x7d, 0x12, 0xe1, 0x02, 0x0a, 0x16, 0x44, 0x65, 0x6c, 0x65, 0x74, 0x65, 0x57, 0x6f,
	0x72, 0x6b, 0x65, 0x72, 0x44, 0x65, 0x70, 0x6c, 0x6f, 0x79, 0x6d, 0x65, 0x6e, 0x74, 0x12, 0x3e,
	0x2e, 0x74, 0x65, 0x6d, 0x70, 0x6f, 0x72, 0x61, 0x6c, 0x2e, 0x61, 0x70, 0x69, 0x2e, 0x77, 0x6f,
	0x72, 0x6b, 0x66, 0x6c, 0x6f, 0x77, 0x73, 0x65, 0x72, 0x76, 0x69, 0x63, 0x65, 0x2e, 0x76, 0x31,
	0x2e, 0x44, 0x65, 0x6c, 0x65, 0x74, 0x65, 0x57, 0x6f, 0x72, 0x6b, 0x65, 0x72, 0x44, 0x65, 0x70,
	0x6c, 0x6f, 0x79, 0x6d, 0x65, 0x6e, 0x74, 0x52, 0x65, 0x71, 0x75, 0x65, 0x73, 0x74, 0x1a, 0x3f,
	0x2e, 0x74, 0x65, 0x6d, 0x70, 0x6f, 0x72, 0x61, 0x6c, 0x2e, 0x61, 0x70, 0x69, 0x2e, 0x77, 0x6f,
	0x72, 0x6b, 0x66, 0x6c, 0x6f, 0x77, 0x73, 0x65, 0x72, 0x76, 0x69, 0x63, 0x65, 0x2e, 0x76, 0x31,
	0x2e, 0x44, 0x65, 0x6c, 0x65, 0x74, 0x65, 0x57, 0x6f, 0x72, 0x6b, 0x65, 0x72, 0x44, 0x65, 0x70,
	0x6c, 0x6f, 0x79, 0x6d, 0x65, 0x6e, 0x74, 0x52, 0x65, 0x73, 0x70, 0x6f, 0x6e, 0x73, 0x65, 0x22,
	0xc5, 0x01, 0x8a, 0x9d, 0xcc, 0x1b, 0x34, 0x0a, 0x14, 0x74, 0x65, 0x6d, 0x70, 0x6f, 0x72, 0x61,
	0x6c, 0x2d, 0x72, 0x65, 0x73, 0x6f, 0x75, 0x72, 0x63, 0x65, 0x2d, 0x69, 0x64, 0x12, 0x1c, 0x64,
	0x65, 0x70, 0x6c, 0x6f, 0x79, 0x6d, 0x65, 0x6e, 0x74, 0x3a, 0x7b, 0x64, 0x65, 0x70, 0x6c, 0x6f,
	0x79, 0x6d, 0x65, 0x6e, 0x74, 0x5f, 0x6e, 0x61, 0x6d, 0x65, 0x7d, 0x82, 0xd3, 0xe4, 0x93, 0x02,
	0x85, 0x01, 0x5a, 0x45, 0x2a, 0x43, 0x2f, 0x61, 0x70, 0x69, 0x2f, 0x76, 0x31, 0x2f, 0x6e, 0x61,
	0x6d, 0x65, 0x73, 0x70, 0x61, 0x63, 0x65, 0x73, 0x2f, 0x7b, 0x6e, 0x61, 0x6d, 0x65, 0x73, 0x70,
	0x61, 0x63, 0x65, 0x7d, 0x2f, 0x77, 0x6f, 0x72, 0x6b, 0x65, 0x72, 0x2d, 0x64, 0x65, 0x70, 0x6c,
	0x6f, 0x79, 0x6d, 0x65, 0x6e, 0x74, 0x73, 0x2f, 0x7b, 0x64, 0x65, 0x70, 0x6c, 0x6f, 0x79, 0x6d,
	0x65, 0x6e, 0x74, 0x5f, 0x6e, 0x61, 0x6d, 0x65, 0x7d, 0x2a, 0x3c, 0x2f, 0x6e, 0x61, 0x6d, 0x65,
	0x73, 0x70, 0x61, 0x63, 0x65, 0x73, 0x2f, 0x7b, 0x6e, 0x61, 0x6d, 0x65, 0x73, 0x70, 0x61, 0x63,
	0x65, 0x7d, 0x2f, 0x77, 0x6f, 0x72, 0x6b, 0x65, 0x72, 0x2d, 0x64, 0x65, 0x70, 0x6c, 0x6f, 0x79,
	0x6d, 0x65, 0x6e, 0x74, 0x73, 0x2f, 0x7b, 0x64, 0x65, 0x70, 0x6c, 0x6f, 0x79, 0x6d, 0x65, 0x6e,
	0x74, 0x5f, 0x6e, 0x61, 0x6d, 0x65, 0x7d, 0x12, 0xfb, 0x03, 0x0a, 0x1d, 0x44, 0x65, 0x6c, 0x65,
	0x74, 0x65, 0x57, 0x6f, 0x72, 0x6b, 0x65, 0x72, 0x44, 0x65, 0x70, 0x6c, 0x6f, 0x79, 0x6d, 0x65,
	0x6e, 0x74, 0x56, 0x65, 0x72, 0x73, 0x69, 0x6f, 0x6e, 0x12, 0x45, 0x2e, 0x74, 0x65, 0x6d, 0x70,
	0x6f, 0x72, 0x61, 0x6c, 0x2e, 0x61, 0x70, 0x69, 0x2e, 0x77, 0x6f, 0x72, 0x6b, 0x66, 0x6c, 0x6f,
	0x77, 0x73, 0x65, 0x72, 0x76, 0x69, 0x63, 0x65, 0x2e, 0x76, 0x31, 0x2e, 0x44, 0x65, 0x6c, 0x65,
	0x74, 0x65, 0x57, 0x6f, 0x72, 0x6b, 0x65, 0x72, 0x44, 0x65, 0x70, 0x6c, 0x6f, 0x79, 0x6d, 0x65,
	0x6e, 0x74, 0x56, 0x65, 0x72, 0x73, 0x69, 0x6f, 0x6e, 0x52, 0x65, 0x71, 0x75, 0x65, 0x73, 0x74,
	0x1a, 0x46, 0x2e, 0x74, 0x65, 0x6d, 0x70, 0x6f, 0x72, 0x61, 0x6c, 0x2e, 0x61, 0x70, 0x69, 0x2e,
	0x77, 0x6f, 0x72, 0x6b, 0x66, 0x6c, 0x6f, 0x77, 0x73, 0x65, 0x72, 0x76, 0x69, 0x63, 0x65, 0x2e,
	0x76, 0x31, 0x2e, 0x44, 0x65, 0x6c, 0x65, 0x74, 0x65, 0x57, 0x6f, 0x72, 0x6b, 0x65, 0x72, 0x44,
	0x65, 0x70, 0x6c, 0x6f, 0x79, 0x6d, 0x65, 0x6e, 0x74, 0x56, 0x65, 0x72, 0x73, 0x69, 0x6f, 0x6e,
	0x52, 0x65, 0x73, 0x70, 0x6f, 0x6e, 0x73, 0x65, 0x22, 0xca, 0x02, 0x8a, 0x9d, 0xcc, 0x1b, 0x47,
	0x0a, 0x14, 0x74, 0x65, 0x6d, 0x70, 0x6f, 0x72, 0x61, 0x6c, 0x2d, 0x72, 0x65, 0x73, 0x6f, 0x75,
	0x72, 0x63, 0x65, 0x2d, 0x69, 0x64, 0x12, 0x2f, 0x64, 0x65, 0x70, 0x6c, 0x6f, 0x79, 0x6d, 0x65,
	0x6e, 0x74, 0x3a, 0x7b, 0x64, 0x65, 0x70, 0x6c, 0x6f, 0x79, 0x6d, 0x65, 0x6e, 0x74, 0x5f, 0x76,
	0x65, 0x72, 0x73, 0x69, 0x6f, 0x6e, 0x2e, 0x64, 0x65, 0x70, 0x6c, 0x6f, 0x79, 0x6d, 0x65, 0x6e,
	0x74, 0x5f, 0x6e, 0x61, 0x6d, 0x65, 0x7d, 0x82, 0xd3, 0xe4, 0x93, 0x02, 0xf7, 0x01, 0x5a, 0x7e,
	0x2a, 0x7c, 0x2f, 0x61, 0x70, 0x69, 0x2f, 0x76, 0x31, 0x2f, 0x6e, 0x61, 0x6d, 0x65, 0x73, 0x70,
	0x61, 0x63, 0x65, 0x73, 0x2f, 0x7b, 0x6e, 0x61, 0x6d, 0x65, 0x73, 0x70, 0x61, 0x63, 0x65, 0x7d,
	0x2f, 0x77, 0x6f, 0x72, 0x6b, 0x65, 0x72, 0x2d, 0x64, 0x65, 0x70, 0x6c, 0x6f, 0x79, 0x6d, 0x65,
	0x6e, 0x74, 0x2d, 0x76, 0x65, 0x72, 0x73, 0x69, 0x6f, 0x6e, 0x73, 0x2f, 0x7b, 0x64, 0x65, 0x70,
	0x6c, 0x6f, 0x79, 0x6d, 0x65, 0x6e, 0x74, 0x5f, 0x76, 0x65, 0x72, 0x73, 0x69, 0x6f, 0x6e, 0x2e,
	0x64, 0x65, 0x70, 0x6c, 0x6f, 0x79, 0x6d, 0x65, 0x6e, 0x74, 0x5f, 0x6e, 0x61, 0x6d, 0x65, 0x7d,
	0x2f, 0x7b, 0x64, 0x65, 0x70, 0x6c, 0x6f, 0x79, 0x6d, 0x65, 0x6e, 0x74, 0x5f, 0x76, 0x65, 0x72,
	0x73, 0x69, 0x6f, 0x6e, 0x2e, 0x62, 0x75, 0x69, 0x6c, 0x64, 0x5f, 0x69, 0x64, 0x7d, 0x2a, 0x75,
	0x2f, 0x6e, 0x61, 0x6d, 0x65, 0x73, 0x70, 0x61, 0x63, 0x65, 0x73, 0x2f, 0x7b, 0x6e, 0x61, 0x6d,
	0x65, 0x73, 0x70, 0x61, 0x63, 0x65, 0x7d, 0x2f, 0x77, 0x6f, 0x72, 0x6b, 0x65, 0x72, 0x2d, 0x64,
	0x65, 0x70, 0x6c, 0x6f, 0x79, 0x6d, 0x65, 0x6e, 0x74, 0x2d, 0x76, 0x65, 0x72, 0x73, 0x69, 0x6f,
	0x6e, 0x73, 0x2f, 0x7b, 0x64, 0x65, 0x70, 0x6c, 0x6f, 0x79, 0x6d, 0x65, 0x6e, 0x74, 0x5f, 0x76,
	0x65, 0x72, 0x73, 0x69, 0x6f, 0x6e, 0x2e, 0x64, 0x65, 0x70, 0x6c, 0x6f, 0x79, 0x6d, 0x65, 0x6e,
	0x74, 0x5f, 0x6e, 0x61, 0x6d, 0x65, 0x7d, 0x2f, 0x7b, 0x64, 0x65, 0x70, 0x6c, 0x6f, 0x79, 0x6d,
	0x65, 0x6e, 0x74, 0x5f, 0x76, 0x65, 0x72, 0x73, 0x69, 0x6f, 0x6e, 0x2e, 0x62, 0x75, 0x69, 0x6c,
	0x64, 0x5f, 0x69, 0x64, 0x7d, 0x12, 0xb0, 0x03, 0x0a, 0x21, 0x53, 0x65, 0x74, 0x57, 0x6f, 0x72,
	0x6b, 0x65, 0x72, 0x44, 0x65, 0x70, 0x6c, 0x6f, 0x79, 0x6d, 0x65, 0x6e, 0x74, 0x52, 0x61, 0x6d,
	0x70, 0x69, 0x6e, 0x67, 0x56, 0x65, 0x72, 0x73, 0x69, 0x6f, 0x6e, 0x12, 0x49, 0x2e, 0x74, 0x65,
	0x6d, 0x70, 0x6f, 0x72, 0x61, 0x6c, 0x2e, 0x61, 0x70, 0x69, 0x2e, 0x77, 0x6f, 0x72, 0x6b, 0x66,
	0x6c, 0x6f, 0x77, 0x73, 0x65, 0x72, 0x76, 0x69, 0x63, 0x65, 0x2e, 0x76, 0x31, 0x2e, 0x53, 0x65,
	0x74, 0x57, 0x6f, 0x72, 0x6b, 0x65, 0x72, 0x44, 0x65, 0x70, 0x6c, 0x6f, 0x79, 0x6d, 0x65, 0x6e,
	0x74, 0x52, 0x61, 0x6d, 0x70, 0x69, 0x6e, 0x67, 0x56, 0x65, 0x72, 0x73, 0x69, 0x6f, 0x6e, 0x52,
	0x65, 0x71, 0x75, 0x65, 0x73, 0x74, 0x1a, 0x4a, 0x2e, 0x74, 0x65, 0x6d, 0x70, 0x6f, 0x72, 0x61,
	0x6c, 0x2e, 0x61, 0x70, 0x69, 0x2e, 0x77, 0x6f, 0x72, 0x6b, 0x66, 0x6c, 0x6f, 0x77, 0x73, 0x65,
	0x72, 0x76, 0x69, 0x63, 0x65, 0x2e, 0x76, 0x31, 0x2e, 0x53, 0x65, 0x74, 0x57, 0x6f, 0x72, 0x6b,
	0x65, 0x72, 0x44, 0x65, 0x70, 0x6c, 0x6f, 0x79, 0x6d, 0x65, 0x6e, 0x74, 0x52, 0x61, 0x6d, 0x70,
	0x69, 0x6e, 0x67, 0x56, 0x65, 0x72, 0x73, 0x69, 0x6f, 0x6e, 0x52, 0x65, 0x73, 0x70, 0x6f, 0x6e,
	0x73, 0x65, 0x22, 0xf3, 0x01, 0x8a, 0x9d, 0xcc, 0x1b, 0x34, 0x0a, 0x14, 0x74, 0x65, 0x6d, 0x70,
	0x6f, 0x72, 0x61, 0x6c, 0x2d, 0x72, 0x65, 0x73, 0x6f, 0x75, 0x72, 0x63, 0x65, 0x2d, 0x69, 0x64,
	0x12, 0x1c, 0x64, 0x65, 0x70, 0x6c, 0x6f, 0x79, 0x6d, 0x65, 0x6e, 0x74, 0x3a, 0x7b, 0x64, 0x65,
	0x70, 0x6c, 0x6f, 0x79, 0x6d, 0x65, 0x6e, 0x74, 0x5f, 0x6e, 0x61, 0x6d, 0x65, 0x7d, 0x82, 0xd3,
	0xe4, 0x93, 0x02, 0xb3, 0x01, 0x3a, 0x01, 0x2a, 0x5a, 0x5c, 0x3a, 0x01, 0x2a, 0x22, 0x57, 0x2f,
	0x61, 0x70, 0x69, 0x2f, 0x76, 0x31, 0x2f, 0x6e, 0x61, 0x6d, 0x65, 0x73, 0x70, 0x61, 0x63, 0x65,
	0x73, 0x2f, 0x7b, 0x6e, 0x61, 0x6d, 0x65, 0x73, 0x70, 0x61, 0x63, 0x65, 0x7d, 0x2f, 0x77, 0x6f,
	0x72, 0x6b, 0x65, 0x72, 0x2d, 0x64, 0x65, 0x70, 0x6c, 0x6f, 0x79, 0x6d, 0x65, 0x6e, 0x74, 0x73,
	0x2f, 0x7b, 0x64, 0x65, 0x70, 0x6c, 0x6f, 0x79, 0x6d, 0x65, 0x6e, 0x74, 0x5f, 0x6e, 0x61, 0x6d,
	0x65, 0x7d, 0x2f, 0x73, 0x65, 0x74, 0x2d, 0x72, 0x61, 0x6d, 0x70, 0x69, 0x6e, 0x67, 0x2d, 0x76,
	0x65, 0x72, 0x73, 0x69, 0x6f, 0x6e, 0x22, 0x50, 0x2f, 0x6e, 0x61, 0x6d, 0x65, 0x73, 0x70, 0x61,
	0x63, 0x65, 0x73, 0x2f, 0x7b, 0x6e, 0x61, 0x6d, 0x65, 0x73, 0x70, 0x61, 0x63, 0x65, 0x7d, 0x2f,
	0x77, 0x6f, 0x72, 0x6b, 0x65, 0x72, 0x2d, 0x64, 0x65, 0x70, 0x6c, 0x6f, 0x79, 0x6d, 0x65, 0x6e,
	0x74, 0x73, 0x2f, 0x7b, 0x64, 0x65, 0x70, 0x6c, 0x6f, 0x79, 0x6d, 0x65, 0x6e, 0x74, 0x5f, 0x6e,
	0x61, 0x6d, 0x65, 0x7d, 0x2f, 0x73, 0x65, 0x74, 0x2d, 0x72, 0x61, 0x6d, 0x70, 0x69, 0x6e, 0x67,
	0x2d, 0x76, 0x65, 0x72, 0x73, 0x69, 0x6f, 0x6e, 0x12, 0xff, 0x01, 0x0a, 0x15, 0x4c, 0x69, 0x73,
	0x74, 0x57, 0x6f, 0x72, 0x6b, 0x65, 0x72, 0x44, 0x65, 0x70, 0x6c, 0x6f, 0x79, 0x6d, 0x65, 0x6e,
	0x74, 0x73, 0x12, 0x3d, 0x2e, 0x74, 0x65, 0x6d, 0x70, 0x6f, 0x72, 0x61, 0x6c, 0x2e, 0x61, 0x70,
	0x69, 0x2e, 0x77, 0x6f, 0x72, 0x6b, 0x66, 0x6c, 0x6f, 0x77, 0x73, 0x65, 0x72, 0x76, 0x69, 0x63,
	0x65, 0x2e, 0x76, 0x31, 0x2e, 0x4c, 0x69, 0x73, 0x74, 0x57, 0x6f, 0x72, 0x6b, 0x65, 0x72, 0x44,
	0x65, 0x70, 0x6c, 0x6f, 0x79, 0x6d, 0x65, 0x6e, 0x74, 0x73, 0x52, 0x65, 0x71, 0x75, 0x65, 0x73,
	0x74, 0x1a, 0x3e, 0x2e, 0x74, 0x65, 0x6d, 0x70, 0x6f, 0x72, 0x61, 0x6c, 0x2e, 0x61, 0x70, 0x69,
	0x2e, 0x77, 0x6f, 0x72, 0x6b, 0x66, 0x6c, 0x6f, 0x77, 0x73, 0x65, 0x72, 0x76, 0x69, 0x63, 0x65,
	0x2e, 0x76, 0x31, 0x2e, 0x4c, 0x69, 0x73, 0x74, 0x57, 0x6f, 0x72, 0x6b, 0x65, 0x72, 0x44, 0x65,
	0x70, 0x6c, 0x6f, 0x79, 0x6d, 0x65, 0x6e, 0x74, 0x73, 0x52, 0x65, 0x73, 0x70, 0x6f, 0x6e, 0x73,
	0x65, 0x22, 0x67, 0x82, 0xd3, 0xe4, 0x93, 0x02, 0x61, 0x5a, 0x33, 0x12, 0x31, 0x2f, 0x61, 0x70,
	0x69, 0x2f, 0x76, 0x31, 0x2f, 0x6e, 0x61, 0x6d, 0x65, 0x73, 0x70, 0x61, 0x63, 0x65, 0x73, 0x2f,
	0x7b, 0x6e, 0x61, 0x6d, 0x65, 0x73, 0x70, 0x61, 0x63, 0x65, 0x7d, 0x2f, 0x77, 0x6f, 0x72, 0x6b,
	0x65, 0x72, 0x2d, 0x64, 0x65, 0x70, 0x6c, 0x6f, 0x79, 0x6d, 0x65, 0x6e, 0x74, 0x73, 0x12, 0x2a,
	0x2f, 0x6e, 0x61, 0x6d, 0x65, 0x73, 0x70, 0x61, 0x63, 0x65, 0x73, 0x2f, 0x7b, 0x6e, 0x61, 0x6d,
	0x65, 0x73, 0x70, 0x61, 0x63, 0x65, 0x7d, 0x2f, 0x77, 0x6f, 0x72, 0x6b, 0x65, 0x72, 0x2d, 0x64,
	0x65, 0x70, 0x6c, 0x6f, 0x79, 0x6d, 0x65, 0x6e, 0x74, 0x73, 0x12, 0xae, 0x02, 0x0a, 0x16, 0x43,
	0x72, 0x65, 0x61, 0x74, 0x65, 0x57, 0x6f, 0x72, 0x6b, 0x65, 0x72, 0x44, 0x65, 0x70, 0x6c, 0x6f,
	0x79, 0x6d, 0x65, 0x6e, 0x74, 0x12, 0x3e, 0x2e, 0x74, 0x65, 0x6d, 0x70, 0x6f, 0x72, 0x61, 0x6c,
	0x2e, 0x61, 0x70, 0x69, 0x2e, 0x77, 0x6f, 0x72, 0x6b, 0x66, 0x6c, 0x6f, 0x77, 0x73, 0x65, 0x72,
	0x76, 0x69, 0x63, 0x65, 0x2e, 0x76, 0x31, 0x2e, 0x43, 0x72, 0x65, 0x61, 0x74, 0x65, 0x57, 0x6f,
	0x72, 0x6b, 0x65, 0x72, 0x44, 0x65, 0x70, 0x6c, 0x6f, 0x79, 0x6d, 0x65, 0x6e, 0x74, 0x52, 0x65,
	0x71, 0x75, 0x65, 0x73, 0x74, 0x1a, 0x3f, 0x2e, 0x74, 0x65, 0x6d, 0x70, 0x6f, 0x72, 0x61, 0x6c,
	0x2e, 0x61, 0x70, 0x69, 0x2e, 0x77, 0x6f, 0x72, 0x6b, 0x66, 0x6c, 0x6f, 0x77, 0x73, 0x65, 0x72,
	0x76, 0x69, 0x63, 0x65, 0x2e, 0x76, 0x31, 0x2e, 0x43, 0x72, 0x65, 0x61, 0x74, 0x65, 0x57, 0x6f,
	0x72, 0x6b, 0x65, 0x72, 0x44, 0x65, 0x70, 0x6c, 0x6f, 0x79, 0x6d, 0x65, 0x6e, 0x74, 0x52, 0x65,
	0x73, 0x70, 0x6f, 0x6e, 0x73, 0x65, 0x22, 0x92, 0x01, 0x82, 0xd3, 0xe4, 0x93, 0x02, 0x8b, 0x01,
	0x3a, 0x01, 0x2a, 0x5a, 0x48, 0x3a, 0x01, 0x2a, 0x22, 0x43, 0x2f, 0x61, 0x70, 0x69, 0x2f, 0x76,
	0x31, 0x2f, 0x6e, 0x61, 0x6d, 0x65, 0x73, 0x70, 0x61, 0x63, 0x65, 0x73, 0x2f, 0x7b, 0x6e, 0x61,
	0x6d, 0x65, 0x73, 0x70, 0x61, 0x63, 0x65, 0x7d, 0x2f, 0x77, 0x6f, 0x72, 0x6b, 0x65, 0x72, 0x2d,
	0x64, 0x65, 0x70, 0x6c, 0x6f, 0x79, 0x6d, 0x65, 0x6e, 0x74, 0x73, 0x2f, 0x7b, 0x64, 0x65, 0x70,
	0x6c, 0x6f, 0x79, 0x6d, 0x65, 0x6e, 0x74, 0x5f, 0x6e, 0x61, 0x6d, 0x65, 0x7d, 0x22, 0x3c, 0x2f,
	0x6e, 0x61, 0x6d, 0x65, 0x73, 0x70, 0x61, 0x63, 0x65, 0x73, 0x2f, 0x7b, 0x6e, 0x61, 0x6d, 0x65,
	0x73, 0x70, 0x61, 0x63, 0x65, 0x7d, 0x2f, 0x77, 0x6f, 0x72, 0x6b, 0x65, 0x72, 0x2d, 0x64, 0x65,
	0x70, 0x6c, 0x6f, 0x79, 0x6d, 0x65, 0x6e, 0x74, 0x73, 0x2f, 0x7b, 0x64, 0x65, 0x70, 0x6c, 0x6f,
	0x79, 0x6d, 0x65, 0x6e, 0x74, 0x5f, 0x6e, 0x61, 0x6d, 0x65, 0x7d, 0x12, 0xf9, 0x02, 0x0a, 0x1d,
	0x43, 0x72, 0x65, 0x61, 0x74, 0x65, 0x57, 0x6f, 0x72, 0x6b, 0x65, 0x72, 0x44, 0x65, 0x70, 0x6c,
	0x6f, 0x79, 0x6d, 0x65, 0x6e, 0x74, 0x56, 0x65, 0x72, 0x73, 0x69, 0x6f, 0x6e, 0x12, 0x45, 0x2e,
	0x74, 0x65, 0x6d, 0x70, 0x6f, 0x72, 0x61, 0x6c, 0x2e, 0x61, 0x70, 0x69, 0x2e, 0x77, 0x6f, 0x72,
	0x6b, 0x66, 0x6c, 0x6f, 0x77, 0x73, 0x65, 0x72, 0x76, 0x69, 0x63, 0x65, 0x2e, 0x76, 0x31, 0x2e,
	0x43, 0x72, 0x65, 0x61, 0x74, 0x65, 0x57, 0x6f, 0x72, 0x6b, 0x65, 0x72, 0x44, 0x65, 0x70, 0x6c,
	0x6f, 0x79, 0x6d, 0x65, 0x6e, 0x74, 0x56, 0x65, 0x72, 0x73, 0x69, 0x6f, 0x6e, 0x52, 0x65, 0x71,
	0x75, 0x65, 0x73, 0x74, 0x1a, 0x46, 0x2e, 0x74, 0x65, 0x6d, 0x70, 0x6f, 0x72, 0x61, 0x6c, 0x2e,
	0x61, 0x70, 0x69, 0x2e, 0x77, 0x6f, 0x72, 0x6b, 0x66, 0x6c, 0x6f, 0x77, 0x73, 0x65, 0x72, 0x76,
	0x69, 0x63, 0x65, 0x2e, 0x76, 0x31, 0x2e, 0x43, 0x72, 0x65, 0x61, 0x74, 0x65, 0x57, 0x6f, 0x72,
	0x6b, 0x65, 0x72, 0x44, 0x65, 0x70, 0x6c, 0x6f, 0x79, 0x6d, 0x65, 0x6e, 0x74, 0x56, 0x65, 0x72,
	0x73, 0x69, 0x6f, 0x6e, 0x52, 0x65, 0x73, 0x70, 0x6f, 0x6e, 0x73, 0x65, 0x22, 0xc8, 0x01, 0x82,
	0xd3, 0xe4, 0x93, 0x02, 0xc1, 0x01, 0x3a, 0x01, 0x2a, 0x5a, 0x63, 0x3a, 0x01, 0x2a, 0x22, 0x5e,
	0x2f, 0x61, 0x70, 0x69, 0x2f, 0x76, 0x31, 0x2f, 0x6e, 0x61, 0x6d, 0x65, 0x73, 0x70, 0x61, 0x63,
	0x65, 0x73, 0x2f, 0x7b, 0x6e, 0x61, 0x6d, 0x65, 0x73, 0x70, 0x61, 0x63, 0x65, 0x7d, 0x2f, 0x77,
	0x6f, 0x72, 0x6b, 0x65, 0x72, 0x2d, 0x64, 0x65, 0x70, 0x6c, 0x6f, 0x79, 0x6d, 0x65, 0x6e, 0x74,
	0x2d, 0x76, 0x65, 0x72, 0x73, 0x69, 0x6f, 0x6e, 0x73, 0x2f, 0x7b, 0x64, 0x65, 0x70, 0x6c, 0x6f,
	0x79, 0x6d, 0x65, 0x6e, 0x74, 0x5f, 0x76, 0x65, 0x72, 0x73, 0x69, 0x6f, 0x6e, 0x2e, 0x64, 0x65,
	0x70, 0x6c, 0x6f, 0x79, 0x6d, 0x65, 0x6e, 0x74, 0x5f, 0x6e, 0x61, 0x6d, 0x65, 0x7d, 0x22, 0x57,
	0x2f, 0x6e, 0x61, 0x6d, 0x65, 0x73, 0x70, 0x61, 0x63, 0x65, 0x73, 0x2f, 0x7b, 0x6e, 0x61, 0x6d,
	0x65, 0x73, 0x70, 0x61, 0x63, 0x65, 0x7d, 0x2f, 0x77, 0x6f, 0x72, 0x6b, 0x65, 0x72, 0x2d, 0x64,
	0x65, 0x70, 0x6c, 0x6f, 0x79, 0x6d, 0x65, 0x6e, 0x74, 0x2d, 0x76, 0x65, 0x72, 0x73, 0x69, 0x6f,
	0x6e, 0x73, 0x2f, 0x7b, 0x64, 0x65, 0x70, 0x6c, 0x6f, 0x79, 0x6d, 0x65, 0x6e, 0x74, 0x5f, 0x76,
	0x65, 0x72, 0x73, 0x69, 0x6f, 0x6e, 0x2e, 0x64, 0x65, 0x70, 0x6c, 0x6f, 0x79, 0x6d, 0x65, 0x6e,
	0x74, 0x5f, 0x6e, 0x61, 0x6d, 0x65, 0x7d, 0x12, 0x8b, 0x04, 0x0a, 0x2a, 0x55, 0x70, 0x64, 0x61,
	0x74, 0x65, 0x57, 0x6f, 0x72, 0x6b, 0x65, 0x72, 0x44, 0x65, 0x70, 0x6c, 0x6f, 0x79, 0x6d, 0x65,
	0x6e, 0x74, 0x56, 0x65, 0x72, 0x73, 0x69, 0x6f, 0x6e, 0x43, 0x6f, 0x6d, 0x70, 0x75, 0x74, 0x65,
	0x43, 0x6f, 0x6e, 0x66, 0x69, 0x67, 0x12, 0x52, 0x2e, 0x74, 0x65, 0x6d, 0x70, 0x6f, 0x72, 0x61,
	0x6c, 0x2e, 0x61, 0x70, 0x69, 0x2e, 0x77, 0x6f, 0x72, 0x6b, 0x66, 0x6c, 0x6f, 0x77, 0x73, 0x65,
	0x72, 0x76, 0x69, 0x63, 0x65, 0x2e, 0x76, 0x31, 0x2e, 0x55, 0x70, 0x64, 0x61, 0x74, 0x65, 0x57,
	0x6f, 0x72, 0x6b, 0x65, 0x72, 0x44, 0x65, 0x70, 0x6c, 0x6f, 0x79, 0x6d, 0x65, 0x6e, 0x74, 0x56,
	0x65, 0x72, 0x73, 0x69, 0x6f, 0x6e, 0x43, 0x6f, 0x6d, 0x70, 0x75, 0x74, 0x65, 0x43, 0x6f, 0x6e,
	0x66, 0x69, 0x67, 0x52, 0x65, 0x71, 0x75, 0x65, 0x73, 0x74, 0x1a, 0x53, 0x2e, 0x74, 0x65, 0x6d,
	0x70, 0x6f, 0x72, 0x61, 0x6c, 0x2e, 0x61, 0x70, 0x69, 0x2e, 0x77, 0x6f, 0x72, 0x6b, 0x66, 0x6c,
	0x6f, 0x77, 0x73, 0x65, 0x72, 0x76, 0x69, 0x63, 0x65, 0x2e, 0x76, 0x31, 0x2e, 0x55, 0x70, 0x64,
	0x61, 0x74, 0x65, 0x57, 0x6f, 0x72, 0x6b, 0x65, 0x72, 0x44, 0x65, 0x70, 0x6c, 0x6f, 0x79, 0x6d,
	0x65, 0x6e, 0x74, 0x56, 0x65, 0x72, 0x73, 0x69, 0x6f, 0x6e, 0x43, 0x6f, 0x6d, 0x70, 0x75, 0x74,
	0x65, 0x43, 0x6f, 0x6e, 0x66, 0x69, 0x67, 0x52, 0x65, 0x73, 0x70, 0x6f, 0x6e, 0x73, 0x65, 0x22,
	0xb3, 0x02, 0x82, 0xd3, 0xe4, 0x93, 0x02, 0xac, 0x02, 0x3a, 0x01, 0x2a, 0x5a, 0x98, 0x01, 0x3a,
	0x01, 0x2a, 0x22, 0x92, 0x01, 0x2f, 0x61, 0x70, 0x69, 0x2f, 0x76, 0x31, 0x2f, 0x6e, 0x61, 0x6d,
	0x65, 0x73, 0x70, 0x61, 0x63, 0x65, 0x73, 0x2f, 0x7b, 0x6e, 0x61, 0x6d, 0x65, 0x73, 0x70, 0x61,
	0x63, 0x65, 0x7d, 0x2f, 0x77, 0x6f, 0x72, 0x6b, 0x65, 0x72, 0x2d, 0x64, 0x65, 0x70, 0x6c, 0x6f,
	0x79, 0x6d, 0x65, 0x6e, 0x74, 0x2d, 0x76, 0x65, 0x72, 0x73, 0x69, 0x6f, 0x6e, 0x73, 0x2f, 0x7b,
	0x64, 0x65, 0x70, 0x6c, 0x6f, 0x79, 0x6d, 0x65, 0x6e, 0x74, 0x5f, 0x76, 0x65, 0x72, 0x73, 0x69,
	0x6f, 0x6e, 0x2e, 0x64, 0x65, 0x70, 0x6c, 0x6f, 0x79, 0x6d, 0x65, 0x6e, 0x74, 0x5f, 0x6e, 0x61,
	0x6d, 0x65, 0x7d, 0x2f, 0x7b, 0x64, 0x65, 0x70, 0x6c, 0x6f, 0x79, 0x6d, 0x65, 0x6e, 0x74, 0x5f,
	0x76, 0x65, 0x72, 0x73, 0x69, 0x6f, 0x6e, 0x2e, 0x62, 0x75, 0x69, 0x6c, 0x64, 0x5f, 0x69, 0x64,
	0x7d, 0x2f, 0x75, 0x70, 0x64, 0x61, 0x74, 0x65, 0x2d, 0x63, 0x6f, 0x6d, 0x70, 0x75, 0x74, 0x65,
	0x2d, 0x63, 0x6f, 0x6e, 0x66, 0x69, 0x67, 0x22, 0x8b, 0x01, 0x2f, 0x6e, 0x61, 0x6d, 0x65, 0x73,
	0x70, 0x61, 0x63, 0x65, 0x73, 0x2f, 0x7b, 0x6e, 0x61, 0x6d, 0x65, 0x73, 0x70, 0x61, 0x63, 0x65,
	0x7d, 0x2f, 0x77, 0x6f, 0x72, 0x6b, 0x65, 0x72, 0x2d, 0x64, 0x65, 0x70, 0x6c, 0x6f, 0x79, 0x6d,
	0x65, 0x6e, 0x74, 0x2d, 0x76, 0x65, 0x72, 0x73, 0x69, 0x6f, 0x6e, 0x73, 0x2f, 0x7b, 0x64, 0x65,
	0x70, 0x6c, 0x6f, 0x79, 0x6d, 0x65, 0x6e, 0x74, 0x5f, 0x76, 0x65, 0x72, 0x73, 0x69, 0x6f, 0x6e,
	0x2e, 0x64, 0x65, 0x70, 0x6c, 0x6f, 0x79, 0x6d, 0x65, 0x6e, 0x74, 0x5f, 0x6e, 0x61, 0x6d, 0x65,
	0x7d, 0x2f, 0x7b, 0x64, 0x65, 0x70, 0x6c, 0x6f, 0x79, 0x6d, 0x65, 0x6e, 0x74, 0x5f, 0x76, 0x65,
	0x72, 0x73, 0x69, 0x6f, 0x6e, 0x2e, 0x62, 0x75, 0x69, 0x6c, 0x64, 0x5f, 0x69, 0x64, 0x7d, 0x2f,
	0x75, 0x70, 0x64, 0x61, 0x74, 0x65, 0x2d, 0x63, 0x6f, 0x6d, 0x70, 0x75, 0x74, 0x65, 0x2d, 0x63,
	0x6f, 0x6e, 0x66, 0x69, 0x67, 0x12, 0x95, 0x04, 0x0a, 0x2c, 0x56, 0x61, 0x6c, 0x69, 0x64, 0x61,
	0x74, 0x65, 0x57, 0x6f, 0x72, 0x6b, 0x65, 0x72, 0x44, 0x65, 0x70, 0x6c, 0x6f, 0x79, 0x6d, 0x65,
	0x6e, 0x74, 0x56, 0x65, 0x72, 0x73, 0x69, 0x6f, 0x6e, 0x43, 0x6f, 0x6d, 0x70, 0x75, 0x74, 0x65,
	0x43, 0x6f, 0x6e, 0x66, 0x69, 0x67, 0x12, 0x54, 0x2e, 0x74, 0x65, 0x6d, 0x70, 0x6f, 0x72, 0x61,
	0x6c, 0x2e, 0x61, 0x70, 0x69, 0x2e, 0x77, 0x6f, 0x72, 0x6b, 0x66, 0x6c, 0x6f, 0x77, 0x73, 0x65,
	0x72, 0x76, 0x69, 0x63, 0x65, 0x2e, 0x76, 0x31, 0x2e, 0x56, 0x61, 0x6c, 0x69, 0x64, 0x61, 0x74,
	0x65, 0x57, 0x6f, 0x72, 0x6b, 0x65, 0x72, 0x44, 0x65, 0x70, 0x6c, 0x6f, 0x79, 0x6d, 0x65, 0x6e,
	0x74, 0x56, 0x65, 0x72, 0x73, 0x69, 0x6f, 0x6e, 0x43, 0x6f, 0x6d, 0x70, 0x75, 0x74, 0x65, 0x43,
	0x6f, 0x6e, 0x66, 0x69, 0x67, 0x52, 0x65, 0x71, 0x75, 0x65, 0x73, 0x74, 0x1a, 0x55, 0x2e, 0x74,
	0x65, 0x6d, 0x70, 0x6f, 0x72, 0x61, 0x6c, 0x2e, 0x61, 0x70, 0x69, 0x2e, 0x77, 0x6f, 0x72, 0x6b,
	0x66, 0x6c, 0x6f, 0x77, 0x73, 0x65, 0x72, 0x76, 0x69, 0x63, 0x65, 0x2e, 0x76, 0x31, 0x2e, 0x56,
	0x61, 0x6c, 0x69, 0x64, 0x61, 0x74, 0x65, 0x57, 0x6f, 0x72, 0x6b, 0x65, 0x72, 0x44, 0x65, 0x70,
	0x6c, 0x6f, 0x79, 0x6d, 0x65, 0x6e, 0x74, 0x56, 0x65, 0x72, 0x73, 0x69, 0x6f, 0x6e, 0x43, 0x6f,
	0x6d, 0x70, 0x75, 0x74, 0x65, 0x43, 0x6f, 0x6e, 0x66, 0x69, 0x67, 0x52, 0x65, 0x73, 0x70, 0x6f,
	0x6e, 0x73, 0x65, 0x22, 0xb7, 0x02, 0x82, 0xd3, 0xe4, 0x93, 0x02, 0xb0, 0x02, 0x3a, 0x01, 0x2a,
	0x5a, 0x9a, 0x01, 0x3a, 0x01, 0x2a, 0x22, 0x94, 0x01, 0x2f, 0x61, 0x70, 0x69, 0x2f, 0x76, 0x31,
	0x2f, 0x6e, 0x61, 0x6d, 0x65, 0x73, 0x70, 0x61, 0x63, 0x65, 0x73, 0x2f, 0x7b, 0x6e, 0x61, 0x6d,
	0x65, 0x73, 0x70, 0x61, 0x63, 0x65, 0x7d, 0x2f, 0x77, 0x6f, 0x72, 0x6b, 0x65, 0x72, 0x2d, 0x64,
	0x65, 0x70, 0x6c, 0x6f, 0x79, 0x6d, 0x65, 0x6e, 0x74, 0x2d, 0x76, 0x65, 0x72, 0x73, 0x69, 0x6f,
	0x6e, 0x73, 0x2f, 0x7b, 0x64, 0x65, 0x70, 0x6c, 0x6f, 0x79, 0x6d, 0x65, 0x6e, 0x74, 0x5f, 0x76,
	0x65, 0x72, 0x73, 0x69, 0x6f, 0x6e, 0x2e, 0x64, 0x65, 0x70, 0x6c, 0x6f, 0x79, 0x6d, 0x65, 0x6e,
	0x74, 0x5f, 0x6e, 0x61, 0x6d, 0x65, 0x7d, 0x2f, 0x7b, 0x64, 0x65, 0x70, 0x6c, 0x6f, 0x79, 0x6d,
	0x65, 0x6e, 0x74, 0x5f, 0x76, 0x65, 0x72, 0x73, 0x69, 0x6f, 0x6e, 0x2e, 0x62, 0x75, 0x69, 0x6c,
	0x64, 0x5f, 0x69, 0x64, 0x7d, 0x2f, 0x76, 0x61, 0x6c, 0x69, 0x64, 0x61, 0x74, 0x65, 0x2d, 0x63,
	0x6f, 0x6d, 0x70, 0x75, 0x74, 0x65, 0x2d, 0x63, 0x6f, 0x6e, 0x66, 0x69, 0x67, 0x22, 0x8d, 0x01,
	0x2f, 0x6e, 0x61, 0x6d, 0x65, 0x73, 0x70, 0x61, 0x63, 0x65, 0x73, 0x2f, 0x7b, 0x6e, 0x61, 0x6d,
	0x65, 0x73, 0x70, 0x61, 0x63, 0x65, 0x7d, 0x2f, 0x77, 0x6f, 0x72, 0x6b, 0x65, 0x72, 0x2d, 0x64,
	0x65, 0x70, 0x6c, 0x6f, 0x79, 0x6d, 0x65, 0x6e, 0x74, 0x2d, 0x76, 0x65, 0x72, 0x73, 0x69, 0x6f,
	0x6e, 0x73, 0x2f, 0x7b, 0x64, 0x65, 0x70, 0x6c, 0x6f, 0x79, 0x6d, 0x65, 0x6e, 0x74, 0x5f, 0x76,
	0x65, 0x72, 0x73, 0x69, 0x6f, 0x6e, 0x2e, 0x64, 0x65, 0x70, 0x6c, 0x6f, 0x79, 0x6d, 0x65, 0x6e,
	0x74, 0x5f, 0x6e, 0x61, 0x6d, 0x65, 0x7d, 0x2f, 0x7b, 0x64, 0x65, 0x70, 0x6c, 0x6f, 0x79, 0x6d,
	0x65, 0x6e, 0x74, 0x5f, 0x76, 0x65, 0x72, 0x73, 0x69, 0x6f, 0x6e, 0x2e, 0x62, 0x75, 0x69, 0x6c,
	0x64, 0x5f, 0x69, 0x64, 0x7d, 0x2f, 0x76, 0x61, 0x6c, 0x69, 0x64, 0x61, 0x74, 0x65, 0x2d, 0x63,
	0x6f, 0x6d, 0x70, 0x75, 0x74, 0x65, 0x2d, 0x63, 0x6f, 0x6e, 0x66, 0x69, 0x67, 0x12, 0xbc, 0x04,
	0x0a, 0x25, 0x55, 0x70, 0x64, 0x61, 0x74, 0x65, 0x57, 0x6f, 0x72, 0x6b, 0x65, 0x72, 0x44, 0x65,
	0x70, 0x6c, 0x6f, 0x79, 0x6d, 0x65, 0x6e, 0x74, 0x56, 0x65, 0x72, 0x73, 0x69, 0x6f, 0x6e, 0x4d,
	0x65, 0x74, 0x61, 0x64, 0x61, 0x74, 0x61, 0x12, 0x4d, 0x2e, 0x74, 0x65, 0x6d, 0x70, 0x6f, 0x72,
	0x61, 0x6c, 0x2e, 0x61, 0x70, 0x69, 0x2e, 0x77, 0x6f, 0x72, 0x6b, 0x66, 0x6c, 0x6f, 0x77, 0x73,
	0x65, 0x72, 0x76, 0x69, 0x63, 0x65, 0x2e, 0x76, 0x31, 0x2e, 0x55, 0x70, 0x64, 0x61, 0x74, 0x65,
	0x57, 0x6f, 0x72, 0x6b, 0x65, 0x72, 0x44, 0x65, 0x70, 0x6c, 0x6f, 0x79, 0x6d, 0x65, 0x6e, 0x74,
	0x56, 0x65, 0x72, 0x73, 0x69, 0x6f, 0x6e, 0x4d, 0x65, 0x74, 0x61, 0x64, 0x61, 0x74, 0x61, 0x52,
	0x65, 0x71, 0x75, 0x65, 0x73, 0x74, 0x1a, 0x4e, 0x2e, 0x74, 0x65, 0x6d, 0x70, 0x6f, 0x72, 0x61,
	0x6c, 0x2e, 0x61, 0x70, 0x69, 0x2e, 0x77, 0x6f, 0x72, 0x6b, 0x66, 0x6c, 0x6f, 0x77, 0x73, 0x65,
	0x72, 0x76, 0x69, 0x63, 0x65, 0x2e, 0x76, 0x31, 0x2e, 0x55, 0x70, 0x64, 0x61, 0x74, 0x65, 0x57,
	0x6f, 0x72, 0x6b, 0x65, 0x72, 0x44, 0x65, 0x70, 0x6c, 0x6f, 0x79, 0x6d, 0x65, 0x6e, 0x74, 0x56,
	0x65, 0x72, 0x73, 0x69, 0x6f, 0x6e, 0x4d, 0x65, 0x74, 0x61, 0x64, 0x61, 0x74, 0x61, 0x52, 0x65,
	0x73, 0x70, 0x6f, 0x6e, 0x73, 0x65, 0x22, 0xf3, 0x02, 0x8a, 0x9d, 0xcc, 0x1b, 0x47, 0x0a, 0x14,
	0x74, 0x65, 0x6d, 0x70, 0x6f, 0x72, 0x61, 0x6c, 0x2d, 0x72, 0x65, 0x73, 0x6f, 0x75, 0x72, 0x63,
	0x65, 0x2d, 0x69, 0x64, 0x12, 0x2f, 0x64, 0x65, 0x70, 0x6c, 0x6f, 0x79, 0x6d, 0x65, 0x6e, 0x74,
	0x3a, 0x7b, 0x64, 0x65, 0x70, 0x6c, 0x6f, 0x79, 0x6d, 0x65, 0x6e, 0x74, 0x5f, 0x76, 0x65, 0x72,
	0x73, 0x69, 0x6f, 0x6e, 0x2e, 0x64, 0x65, 0x70, 0x6c, 0x6f, 0x79, 0x6d, 0x65, 0x6e, 0x74, 0x5f,
	0x6e, 0x61, 0x6d, 0x65, 0x7d, 0x82, 0xd3, 0xe4, 0x93, 0x02, 0xa0, 0x02, 0x3a, 0x01, 0x2a, 0x5a,
	0x92, 0x01, 0x3a, 0x01, 0x2a, 0x22, 0x8c, 0x01, 0x2f, 0x61, 0x70, 0x69, 0x2f, 0x76, 0x31, 0x2f,
	0x6e, 0x61, 0x6d, 0x65, 0x73, 0x70, 0x61, 0x63, 0x65, 0x73, 0x2f, 0x7b, 0x6e, 0x61, 0x6d, 0x65,
	0x73, 0x70, 0x61, 0x63, 0x65, 0x7d, 0x2f, 0x77, 0x6f, 0x72, 0x6b, 0x65, 0x72, 0x2d, 0x64, 0x65,
	0x70, 0x6c, 0x6f, 0x79, 0x6d, 0x65, 0x6e, 0x74, 0x2d, 0x76, 0x65, 0x72, 0x73, 0x69, 0x6f, 0x6e,
	0x73, 0x2f, 0x7b, 0x64, 0x65, 0x70, 0x6c, 0x6f, 0x79, 0x6d, 0x65, 0x6e, 0x74, 0x5f, 0x76, 0x65,
	0x72, 0x73, 0x69, 0x6f, 0x6e, 0x2e, 0x64, 0x65, 0x70, 0x6c, 0x6f, 0x79, 0x6d, 0x65, 0x6e, 0x74,
	0x5f, 0x6e, 0x61, 0x6d, 0x65, 0x7d, 0x2f, 0x7b, 0x64, 0x65, 0x70, 0x6c, 0x6f, 0x79, 0x6d, 0x65,
	0x6e, 0x74, 0x5f, 0x76, 0x65, 0x72, 0x73, 0x69, 0x6f, 0x6e, 0x2e, 0x62, 0x75, 0x69, 0x6c, 0x64,
	0x5f, 0x69, 0x64, 0x7d, 0x2f, 0x75, 0x70, 0x64, 0x61, 0x74, 0x65, 0x2d, 0x6d, 0x65, 0x74, 0x61,
	0x64, 0x61, 0x74, 0x61, 0x22, 0x85, 0x01, 0x2f, 0x6e, 0x61, 0x6d, 0x65, 0x73, 0x70, 0x61, 0x63,
	0x65, 0x73, 0x2f, 0x7b, 0x6e, 0x61, 0x6d, 0x65, 0x73, 0x70, 0x61, 0x63, 0x65, 0x7d, 0x2f, 0x77,
	0x6f, 0x72, 0x6b, 0x65, 0x72, 0x2d, 0x64, 0x65, 0x70, 0x6c, 0x6f, 0x79, 0x6d, 0x65, 0x6e, 0x74,
	0x2d, 0x76, 0x65, 0x72, 0x73, 0x69, 0x6f, 0x6e, 0x73, 0x2f, 0x7b, 0x64, 0x65, 0x70, 0x6c, 0x6f,
	0x79, 0x6d, 0x65, 0x6e, 0x74, 0x5f, 0x76, 0x65, 0x72, 0x73, 0x69, 0x6f, 0x6e, 0x2e, 0x64, 0x65,
	0x70, 0x6c, 0x6f, 0x79, 0x6d, 0x65, 0x6e, 0x74, 0x5f, 0x6e, 0x61, 0x6d, 0x65, 0x7d, 0x2f, 0x7b,
	0x64, 0x65, 0x70, 0x6c, 0x6f, 0x79, 0x6d, 0x65, 0x6e, 0x74, 0x5f, 0x76, 0x65, 0x72, 0x73, 0x69,
	0x6f, 0x6e, 0x2e, 0x62, 0x75, 0x69, 0x6c, 0x64, 0x5f, 0x69, 0x64, 0x7d, 0x2f, 0x75, 0x70, 0x64,
	0x61, 0x74, 0x65, 0x2d, 0x6d, 0x65, 0x74, 0x61, 0x64, 0x61, 0x74, 0x61, 0x12, 0x8b, 0x03, 0x0a,
	0x1a, 0x53, 0x65, 0x74, 0x57, 0x6f, 0x72, 0x6b, 0x65, 0x72, 0x44, 0x65, 0x70, 0x6c, 0x6f, 0x79,
	0x6d, 0x65, 0x6e, 0x74, 0x4d, 0x61, 0x6e, 0x61, 0x67, 0x65, 0x72, 0x12, 0x42, 0x2e, 0x74, 0x65,
	0x6d, 0x70, 0x6f, 0x72, 0x61, 0x6c, 0x2e, 0x61, 0x70, 0x69, 0x2e, 0x77, 0x6f, 0x72, 0x6b, 0x66,
	0x6c, 0x6f, 0x77, 0x73, 0x65, 0x72, 0x76, 0x69, 0x63, 0x65, 0x2e, 0x76, 0x31, 0x2e, 0x53, 0x65,
	0x74, 0x57, 0x6f, 0x72, 0x6b, 0x65, 0x72, 0x44, 0x65, 0x70, 0x6c, 0x6f, 0x79, 0x6d, 0x65, 0x6e,
	0x74, 0x4d, 0x61, 0x6e, 0x61, 0x67, 0x65, 0x72, 0x52, 0x65, 0x71, 0x75, 0x65, 0x73, 0x74, 0x1a,
	0x43, 0x2e, 0x74, 0x65, 0x6d, 0x70, 0x6f, 0x72, 0x61, 0x6c, 0x2e, 0x61, 0x70, 0x69, 0x2e, 0x77,
	0x6f, 0x72, 0x6b, 0x66, 0x6c, 0x6f, 0x77, 0x73, 0x65, 0x72, 0x76, 0x69, 0x63, 0x65, 0x2e, 0x76,
	0x31, 0x2e, 0x53, 0x65, 0x74, 0x57, 0x6f, 0x72, 0x6b, 0x65, 0x72, 0x44, 0x65, 0x70, 0x6c, 0x6f,
	0x79, 0x6d, 0x65, 0x6e, 0x74, 0x4d, 0x61, 0x6e, 0x61, 0x67, 0x65, 0x72, 0x52, 0x65, 0x73, 0x70,
	0x6f, 0x6e, 0x73, 0x65, 0x22, 0xe3, 0x01, 0x8a, 0x9d, 0xcc, 0x1b, 0x34, 0x0a, 0x14, 0x74, 0x65,
	0x6d, 0x70, 0x6f, 0x72, 0x61, 0x6c, 0x2d, 0x72, 0x65, 0x73, 0x6f, 0x75, 0x72, 0x63, 0x65, 0x2d,
	0x69, 0x64, 0x12, 0x1c, 0x64, 0x65, 0x70, 0x6c, 0x6f, 0x79, 0x6d, 0x65, 0x6e, 0x74, 0x3a, 0x7b,
	0x64, 0x65, 0x70, 0x6c, 0x6f, 0x79, 0x6d, 0x65, 0x6e, 0x74, 0x5f, 0x6e, 0x61, 0x6d, 0x65, 0x7d,
	0x82, 0xd3, 0xe4, 0x93, 0x02, 0xa3, 0x01, 0x3a, 0x01, 0x2a, 0x5a, 0x54, 0x3a, 0x01, 0x2a, 0x22,
	0x4f, 0x2f, 0x61, 0x70, 0x69, 0x2f, 0x76, 0x31, 0x2f, 0x6e, 0x61, 0x6d, 0x65, 0x73, 0x70, 0x61,
	0x63, 0x65, 0x73, 0x2f, 0x7b, 0x6e, 0x61, 0x6d, 0x65, 0x73, 0x70, 0x61, 0x63, 0x65, 0x7d, 0x2f,
	0x77, 0x6f, 0x72, 0x6b, 0x65, 0x72, 0x2d, 0x64, 0x65, 0x70, 0x6c, 0x6f, 0x79, 0x6d, 0x65, 0x6e,
	0x74, 0x73, 0x2f, 0x7b, 0x64, 0x65, 0x70, 0x6c, 0x6f, 0x79, 0x6d, 0x65, 0x6e, 0x74, 0x5f, 0x6e,
	0x61, 0x6d, 0x65, 0x7d, 0x2f, 0x73, 0x65, 0x74, 0x2d, 0x6d, 0x61, 0x6e, 0x61, 0x67, 0x65, 0x72,
	0x22, 0x48, 0x2f, 0x6e, 0x61, 0x6d, 0x65, 0x73, 0x70, 0x61, 0x63, 0x65, 0x73, 0x2f, 0x7b, 0x6e,
	0x61, 0x6d, 0x65, 0x73, 0x70, 0x61, 0x63, 0x65, 0x7d, 0x2f, 0x77, 0x6f, 0x72, 0x6b, 0x65, 0x72,
	0x2d, 0x64, 0x65, 0x70, 0x6c, 0x6f, 0x79, 0x6d, 0x65, 0x6e, 0x74, 0x73, 0x2f, 0x7b, 0x64, 0x65,
	0x70, 0x6c, 0x6f, 0x79, 0x6d, 0x65, 0x6e, 0x74, 0x5f, 0x6e, 0x61, 0x6d, 0x65, 0x7d, 0x2f, 0x73,
	0x65, 0x74, 0x2d, 0x6d, 0x61, 0x6e, 0x61, 0x67, 0x65, 0x72, 0x12, 0xbb, 0x03, 0x0a, 0x17, 0x55,
	0x70, 0x64, 0x61, 0x74, 0x65, 0x57, 0x6f, 0x72, 0x6b, 0x66, 0x6c, 0x6f, 0x77, 0x45, 0x78, 0x65,
	0x63, 0x75, 0x74, 0x69, 0x6f, 0x6e, 0x12, 0x3f, 0x2e, 0x74, 0x65, 0x6d, 0x70, 0x6f, 0x72, 0x61,
	0x6c, 0x2e, 0x61, 0x70, 0x69, 0x2e, 0x77, 0x6f, 0x72, 0x6b, 0x66, 0x6c, 0x6f, 0x77, 0x73, 0x65,
	0x72, 0x76, 0x69, 0x63, 0x65, 0x2e, 0x76, 0x31, 0x2e, 0x55, 0x70, 0x64, 0x61, 0x74, 0x65, 0x57,
	0x6f, 0x72, 0x6b, 0x66, 0x6c, 0x6f, 0x77, 0x45, 0x78, 0x65, 0x63, 0x75, 0x74, 0x69, 0x6f, 0x6e,
	0x52, 0x65, 0x71, 0x75, 0x65, 0x73, 0x74, 0x1a, 0x40, 0x2e, 0x74, 0x65, 0x6d, 0x70, 0x6f, 0x72,
	0x61, 0x6c, 0x2e, 0x61, 0x70, 0x69, 0x2e, 0x77, 0x6f, 0x72, 0x6b, 0x66, 0x6c, 0x6f, 0x77, 0x73,
	0x65, 0x72, 0x76, 0x69, 0x63, 0x65, 0x2e, 0x76, 0x31, 0x2e, 0x55, 0x70, 0x64, 0x61, 0x74, 0x65,
	0x57, 0x6f, 0x72, 0x6b, 0x66, 0x6c, 0x6f, 0x77, 0x45, 0x78, 0x65, 0x63, 0x75, 0x74, 0x69, 0x6f,
	0x6e, 0x52, 0x65, 0x73, 0x70, 0x6f, 0x6e, 0x73, 0x65, 0x22, 0x9c, 0x02, 0x8a, 0x9d, 0xcc, 0x1b,
	0x41, 0x0a, 0x14, 0x74, 0x65, 0x6d, 0x70, 0x6f, 0x72, 0x61, 0x6c, 0x2d, 0x72, 0x65, 0x73, 0x6f,
	0x75, 0x72, 0x63, 0x65, 0x2d, 0x69, 0x64, 0x12, 0x29, 0x77, 0x6f, 0x72, 0x6b, 0x66, 0x6c, 0x6f,
	0x77, 0x3a, 0x7b, 0x77, 0x6f, 0x72, 0x6b, 0x66, 0x6c, 0x6f, 0x77, 0x5f, 0x65, 0x78, 0x65, 0x63,
	0x75, 0x74, 0x69, 0x6f, 0x6e, 0x2e, 0x77, 0x6f, 0x72, 0x6b, 0x66, 0x6c, 0x6f, 0x77, 0x5f, 0x69,
	0x64, 0x7d, 0x82, 0xd3, 0xe4, 0x93, 0x02, 0xcf, 0x01, 0x3a, 0x01, 0x2a, 0x5a, 0x6a, 0x3a, 0x01,
	0x2a, 0x22, 0x65, 0x2f, 0x61, 0x70, 0x69, 0x2f, 0x76, 0x31, 0x2f, 0x6e, 0x61, 0x6d, 0x65, 0x73,
	0x70, 0x61, 0x63, 0x65, 0x73, 0x2f, 0x7b, 0x6e, 0x61, 0x6d, 0x65, 0x73, 0x70, 0x61, 0x63, 0x65,
	0x7d, 0x2f, 0x77, 0x6f, 0x72, 0x6b, 0x66, 0x6c, 0x6f, 0x77, 0x73, 0x2f, 0x7b, 0x77, 0x6f, 0x72,
	0x6b, 0x66, 0x6c, 0x6f, 0x77, 0x5f, 0x65, 0x78, 0x65, 0x63, 0x75, 0x74, 0x69, 0x6f, 0x6e, 0x2e,
	0x77, 0x6f, 0x72, 0x6b, 0x66, 0x6c, 0x6f, 0x77, 0x5f, 0x69, 0x64, 0x7d, 0x2f, 0x75, 0x70, 0x64,
	0x61, 0x74, 0x65, 0x2f, 0x7b, 0x72, 0x65, 0x71, 0x75, 0x65, 0x73, 0x74, 0x2e, 0x69, 0x6e, 0x70,
	0x75, 0x74, 0x2e, 0x6e, 0x61, 0x6d, 0x65, 0x7d, 0x22, 0x5e, 0x2f, 0x6e, 0x61, 0x6d, 0x65, 0x73,
	0x70, 0x61, 0x63, 0x65, 0x73, 0x2f, 0x7b, 0x6e, 0x61, 0x6d, 0x65, 0x73, 0x70, 0x61, 0x63, 0x65,
	0x7d, 0x2f, 0x77, 0x6f, 0x72, 0x6b, 0x66, 0x6c, 0x6f, 0x77, 0x73, 0x2f, 0x7b, 0x77, 0x6f, 0x72,
	0x6b, 0x66, 0x6c, 0x6f, 0x77, 0x5f, 0x65, 0x78, 0x65, 0x63, 0x75, 0x74, 0x69, 0x6f, 0x6e, 0x2e,
	0x77, 0x6f, 0x72, 0x6b, 0x66, 0x6c, 0x6f, 0x77, 0x5f, 0x69, 0x64, 0x7d, 0x2f, 0x75, 0x70, 0x64,
	0x61, 0x74, 0x65, 0x2f, 0x7b, 0x72, 0x65, 0x71, 0x75, 0x65, 0x73, 0x74, 0x2e, 0x69, 0x6e, 0x70,
	0x75, 0x74, 0x2e, 0x6e, 0x61, 0x6d, 0x65, 0x7d, 0x12, 0xfb, 0x01, 0x0a, 0x1b, 0x50, 0x6f, 0x6c,
	0x6c, 0x57, 0x6f, 0x72, 0x6b, 0x66, 0x6c, 0x6f, 0x77, 0x45, 0x78, 0x65, 0x63, 0x75, 0x74, 0x69,
	0x6f, 0x6e, 0x55, 0x70, 0x64, 0x61, 0x74, 0x65, 0x12, 0x43, 0x2e, 0x74, 0x65, 0x6d, 0x70, 0x6f,
	0x72, 0x61, 0x6c, 0x2e, 0x61, 0x70, 0x69, 0x2e, 0x77, 0x6f, 0x72, 0x6b, 0x66, 0x6c, 0x6f, 0x77,
	0x73, 0x65, 0x72, 0x76, 0x69, 0x63, 0x65, 0x2e, 0x76, 0x31, 0x2e, 0x50, 0x6f, 0x6c, 0x6c, 0x57,
	0x6f, 0x72, 0x6b, 0x66, 0x6c, 0x6f, 0x77, 0x45, 0x78, 0x65, 0x63, 0x75, 0x74, 0x69, 0x6f, 0x6e,
	0x55, 0x70, 0x64, 0x61, 0x74, 0x65, 0x52, 0x65, 0x71, 0x75, 0x65, 0x73, 0x74, 0x1a, 0x44, 0x2e,
	0x74, 0x65, 0x6d, 0x70, 0x6f, 0x72, 0x61, 0x6c, 0x2e, 0x61, 0x70, 0x69, 0x2e, 0x77, 0x6f, 0x72,
	0x6b, 0x66, 0x6c, 0x6f, 0x77, 0x73, 0x65, 0x72, 0x76, 0x69, 0x63, 0x65, 0x2e, 0x76, 0x31, 0x2e,
	0x50, 0x6f, 0x6c, 0x6c, 0x57, 0x6f, 0x72, 0x6b, 0x66, 0x6c, 0x6f, 0x77, 0x45, 0x78, 0x65, 0x63,
	0x75, 0x74, 0x69, 0x6f, 0x6e, 0x55, 0x70, 0x64, 0x61, 0x74, 0x65, 0x52, 0x65, 0x73, 0x70, 0x6f,
	0x6e, 0x73, 0x65, 0x22, 0x51, 0x8a, 0x9d, 0xcc, 0x1b, 0x4c, 0x0a, 0x14, 0x74, 0x65, 0x6d, 0x70,
	0x6f, 0x72, 0x61, 0x6c, 0x2d, 0x72, 0x65, 0x73, 0x6f, 0x75, 0x72, 0x63, 0x65, 0x2d, 0x69, 0x64,
	0x12, 0x34, 0x77, 0x6f, 0x72, 0x6b, 0x66, 0x6c, 0x6f, 0x77, 0x3a, 0x7b, 0x75, 0x70, 0x64, 0x61,
	0x74, 0x65, 0x5f, 0x72, 0x65, 0x66, 0x2e, 0x77, 0x6f, 0x72, 0x6b, 0x66, 0x6c, 0x6f, 0x77, 0x5f,
	0x65, 0x78, 0x65, 0x63, 0x75, 0x74, 0x69, 0x6f, 0x6e, 0x2e, 0x77, 0x6f, 0x72, 0x6b, 0x66, 0x6c,
	0x6f, 0x77, 0x5f, 0x69, 0x64, 0x7d, 0x12, 0xb9, 0x02, 0x0a, 0x13, 0x53, 0x74, 0x61, 0x72, 0x74,
	0x42, 0x61, 0x74, 0x63, 0x68, 0x4f, 0x70, 0x65, 0x72, 0x61, 0x74, 0x69, 0x6f, 0x6e, 0x12, 0x3b,
	0x2e, 0x74, 0x65, 0x6d, 0x70, 0x6f, 0x72, 0x61, 0x6c, 0x2e, 0x61, 0x70, 0x69, 0x2e, 0x77, 0x6f,
	0x72, 0x6b, 0x66, 0x6c, 0x6f, 0x77, 0x73, 0x65, 0x72, 0x76, 0x69, 0x63, 0x65, 0x2e, 0x76, 0x31,
	0x2e, 0x53, 0x74, 0x61, 0x72, 0x74, 0x42, 0x61, 0x74, 0x63, 0x68, 0x4f, 0x70, 0x65, 0x72, 0x61,
	0x74, 0x69, 0x6f, 0x6e, 0x52, 0x65, 0x71, 0x75, 0x65, 0x73, 0x74, 0x1a, 0x3c, 0x2e, 0x74, 0x65,
	0x6d, 0x70, 0x6f, 0x72, 0x61, 0x6c, 0x2e, 0x61, 0x70, 0x69, 0x2e, 0x77, 0x6f, 0x72, 0x6b, 0x66,
	0x6c, 0x6f, 0x77, 0x73, 0x65, 0x72, 0x76, 0x69, 0x63, 0x65, 0x2e, 0x76, 0x31, 0x2e, 0x53, 0x74,
	0x61, 0x72, 0x74, 0x42, 0x61, 0x74, 0x63, 0x68, 0x4f, 0x70, 0x65, 0x72, 0x61, 0x74, 0x69, 0x6f,
	0x6e, 0x52, 0x65, 0x73, 0x70, 0x6f, 0x6e, 0x73, 0x65, 0x22, 0xa6, 0x01, 0x8a, 0x9d, 0xcc, 0x1b,
	0x26, 0x0a, 0x14, 0x74, 0x65, 0x6d, 0x70, 0x6f, 0x72, 0x61, 0x6c, 0x2d, 0x72, 0x65, 0x73, 0x6f,
	0x75, 0x72, 0x63, 0x65, 0x2d, 0x69, 0x64, 0x12, 0x0e, 0x62, 0x61, 0x74, 0x63, 0x68, 0x3a, 0x7b,
	0x6a, 0x6f, 0x62, 0x5f, 0x69, 0x64, 0x7d, 0x82, 0xd3, 0xe4, 0x93, 0x02, 0x75, 0x3a, 0x01, 0x2a,
	0x5a, 0x3d, 0x3a, 0x01, 0x2a, 0x22, 0x38, 0x2f, 0x61, 0x70, 0x69, 0x2f, 0x76, 0x31, 0x2f, 0x6e,
	0x61, 0x6d, 0x65, 0x73, 0x70, 0x61, 0x63, 0x65, 0x73, 0x2f, 0x7b, 0x6e, 0x61, 0x6d, 0x65, 0x73,
	0x70, 0x61, 0x63, 0x65, 0x7d, 0x2f, 0x62, 0x61, 0x74, 0x63, 0x68, 0x2d, 0x6f, 0x70, 0x65, 0x72,
	0x61, 0x74, 0x69, 0x6f, 0x6e, 0x73, 0x2f, 0x7b, 0x6a, 0x6f, 0x62, 0x5f, 0x69, 0x64, 0x7d, 0x22,
	0x31, 0x2f, 0x6e, 0x61, 0x6d, 0x65, 0x73, 0x70, 0x61, 0x63, 0x65, 0x73, 0x2f, 0x7b, 0x6e, 0x61,
	0x6d, 0x65, 0x73, 0x70, 0x61, 0x63, 0x65, 0x7d, 0x2f, 0x62, 0x61, 0x74, 0x63, 0x68, 0x2d, 0x6f,
	0x70, 0x65, 0x72, 0x61, 0x74, 0x69, 0x6f, 0x6e, 0x73, 0x2f, 0x7b, 0x6a, 0x6f, 0x62, 0x5f, 0x69,
	0x64, 0x7d, 0x12, 0xc0, 0x02, 0x0a, 0x12, 0x53, 0x74, 0x6f, 0x70, 0x42, 0x61, 0x74, 0x63, 0x68,
	0x4f, 0x70, 0x65, 0x72, 0x61, 0x74, 0x69, 0x6f, 0x6e, 0x12, 0x3a, 0x2e, 0x74, 0x65, 0x6d, 0x70,
	0x6f, 0x72, 0x61, 0x6c, 0x2e, 0x61, 0x70, 0x69, 0x2e, 0x77, 0x6f, 0x72, 0x6b, 0x66, 0x6c, 0x6f,
	0x77, 0x73, 0x65, 0x72, 0x76, 0x69, 0x63, 0x65, 0x2e, 0x76, 0x31, 0x2e, 0x53, 0x74, 0x6f, 0x70,
	0x42, 0x61, 0x74, 0x63, 0x68, 0x4f, 0x70, 0x65, 0x72, 0x61, 0x74, 0x69, 0x6f, 0x6e, 0x52, 0x65,
	0x71, 0x75, 0x65, 0x73, 0x74, 0x1a, 0x3b, 0x2e, 0x74, 0x65, 0x6d, 0x70, 0x6f, 0x72, 0x61, 0x6c,
	0x2e, 0x61, 0x70, 0x69, 0x2e, 0x77, 0x6f, 0x72, 0x6b, 0x66, 0x6c, 0x6f, 0x77, 0x73, 0x65, 0x72,
	0x76, 0x69, 0x63, 0x65, 0x2e, 0x76, 0x31, 0x2e, 0x53, 0x74, 0x6f, 0x70, 0x42, 0x61, 0x74, 0x63,
	0x68, 0x4f, 0x70, 0x65, 0x72, 0x61, 0x74, 0x69, 0x6f, 0x6e, 0x52, 0x65, 0x73, 0x70, 0x6f, 0x6e,
	0x73, 0x65, 0x22, 0xb0, 0x01, 0x8a, 0x9d, 0xcc, 0x1b, 0x26, 0x0a, 0x14, 0x74, 0x65, 0x6d, 0x70,
	0x6f, 0x72, 0x61, 0x6c, 0x2d, 0x72, 0x65, 0x73, 0x6f, 0x75, 0x72, 0x63, 0x65, 0x2d, 0x69, 0x64,
	0x12, 0x0e, 0x62, 0x61, 0x74, 0x63, 0x68, 0x3a, 0x7b, 0x6a, 0x6f, 0x62, 0x5f, 0x69, 0x64, 0x7d,
	0x82, 0xd3, 0xe4, 0x93, 0x02, 0x7f, 0x3a, 0x01, 0x2a, 0x5a, 0x42, 0x3a, 0x01, 0x2a, 0x22, 0x3d,
	0x2f, 0x61, 0x70, 0x69, 0x2f, 0x76, 0x31, 0x2f, 0x6e, 0x61, 0x6d, 0x65, 0x73, 0x70, 0x61, 0x63,
	0x65, 0x73, 0x2f, 0x7b, 0x6e, 0x61, 0x6d, 0x65, 0x73, 0x70, 0x61, 0x63, 0x65, 0x7d, 0x2f, 0x62,
	0x61, 0x74, 0x63, 0x68, 0x2d, 0x6f, 0x70, 0x65, 0x72, 0x61, 0x74, 0x69, 0x6f, 0x6e, 0x73, 0x2f,
	0x7b, 0x6a, 0x6f, 0x62, 0x5f, 0x69, 0x64, 0x7d, 0x2f, 0x73, 0x74, 0x6f, 0x70, 0x22, 0x36, 0x2f,
	0x6e, 0x61, 0x6d, 0x65, 0x73, 0x70, 0x61, 0x63, 0x65, 0x73, 0x2f, 0x7b, 0x6e, 0x61, 0x6d, 0x65,
	0x73, 0x70, 0x61, 0x63, 0x65, 0x7d, 0x2f, 0x62, 0x61, 0x74, 0x63, 0x68, 0x2d, 0x6f, 0x70, 0x65,
	0x72, 0x61, 0x74, 0x69, 0x6f, 0x6e, 0x73, 0x2f, 0x7b, 0x6a, 0x6f, 0x62, 0x5f, 0x69, 0x64, 0x7d,
	0x2f, 0x73, 0x74, 0x6f, 0x70, 0x12, 0xbc, 0x02, 0x0a, 0x16, 0x44, 0x65, 0x73, 0x63, 0x72, 0x69,
	0x62, 0x65, 0x42, 0x61, 0x74, 0x63, 0x68, 0x4f, 0x70, 0x65, 0x72, 0x61, 0x74, 0x69, 0x6f, 0x6e,
	0x12, 0x3e, 0x2e, 0x74, 0x65, 0x6d, 0x70, 0x6f, 0x72, 0x61, 0x6c, 0x2e, 0x61, 0x70, 0x69, 0x2e,
	0x77, 0x6f, 0x72, 0x6b, 0x66, 0x6c, 0x6f, 0x77, 0x73, 0x65, 0x72, 0x76, 0x69, 0x63, 0x65, 0x2e,
	0x76, 0x31, 0x2e, 0x44, 0x65, 0x73, 0x63, 0x72, 0x69, 0x62, 0x65, 0x42, 0x61, 0x74, 0x63, 0x68,
	0x4f, 0x70, 0x65, 0x72, 0x61, 0x74, 0x69, 0x6f, 0x6e, 0x52, 0x65, 0x71, 0x75, 0x65, 0x73, 0x74,
	0x1a, 0x3f, 0x2e, 0x74, 0x65, 0x6d, 0x70, 0x6f, 0x72, 0x61, 0x6c, 0x2e, 0x61, 0x70, 0x69, 0x2e,
	0x77, 0x6f, 0x72, 0x6b, 0x66, 0x6c, 0x6f, 0x77, 0x73, 0x65, 0x72, 0x76, 0x69, 0x63, 0x65, 0x2e,
	0x76, 0x31, 0x2e, 0x44, 0x65, 0x73, 0x63, 0x72, 0x69, 0x62, 0x65, 0x42, 0x61, 0x74, 0x63, 0x68,
	0x4f, 0x70, 0x65, 0x72, 0x61, 0x74, 0x69, 0x6f, 0x6e, 0x52, 0x65, 0x73, 0x70, 0x6f, 0x6e, 0x73,
	0x65, 0x22, 0xa0, 0x01, 0x8a, 0x9d, 0xcc, 0x1b, 0x26, 0x0a, 0x14, 0x74, 0x65, 0x6d, 0x70, 0x6f,
	0x72, 0x61, 0x6c, 0x2d, 0x72, 0x65, 0x73, 0x6f, 0x75, 0x72, 0x63, 0x65, 0x2d, 0x69, 0x64, 0x12,
	0x0e, 0x62, 0x61, 0x74, 0x63, 0x68, 0x3a, 0x7b, 0x6a, 0x6f, 0x62, 0x5f, 0x69, 0x64, 0x7d, 0x82,
	0xd3, 0xe4, 0x93, 0x02, 0x6f, 0x5a, 0x3a, 0x12, 0x38, 0x2f, 0x61, 0x70, 0x69, 0x2f, 0x76, 0x31,
	0x2f, 0x6e, 0x61, 0x6d, 0x65, 0x73, 0x70, 0x61, 0x63, 0x65, 0x73, 0x2f, 0x7b, 0x6e, 0x61, 0x6d,
	0x65, 0x73, 0x70, 0x61, 0x63, 0x65, 0x7d, 0x2f, 0x62, 0x61, 0x74, 0x63, 0x68, 0x2d, 0x6f, 0x70,
	0x65, 0x72, 0x61, 0x74, 0x69, 0x6f, 0x6e, 0x73, 0x2f, 0x7b, 0x6a, 0x6f, 0x62, 0x5f, 0x69, 0x64,
	0x7d, 0x12, 0x31, 0x2f, 0x6e, 0x61, 0x6d, 0x65, 0x73, 0x70, 0x61, 0x63, 0x65, 0x73, 0x2f, 0x7b,
	0x6e, 0x61, 0x6d, 0x65, 0x73, 0x70, 0x61, 0x63, 0x65, 0x7d, 0x2f, 0x62, 0x61, 0x74, 0x63, 0x68,
	0x2d, 0x6f, 0x70, 0x65, 0x72, 0x61, 0x74, 0x69, 0x6f, 0x6e, 0x73, 0x2f, 0x7b, 0x6a, 0x6f, 0x62,
	0x5f, 0x69, 0x64, 0x7d, 0x12, 0xf5, 0x01, 0x0a, 0x13, 0x4c, 0x69, 0x73, 0x74, 0x42, 0x61, 0x74,
	0x63, 0x68, 0x4f, 0x70, 0x65, 0x72, 0x61, 0x74, 0x69, 0x6f, 0x6e, 0x73, 0x12, 0x3b, 0x2e, 0x74,
	0x65, 0x6d, 0x70, 0x6f, 0x72, 0x61, 0x6c, 0x2e, 0x61, 0x70, 0x69, 0x2e, 0x77, 0x6f, 0x72, 0x6b,
	0x66, 0x6c, 0x6f, 0x77, 0x73, 0x65, 0x72, 0x76, 0x69, 0x63, 0x65, 0x2e, 0x76, 0x31, 0x2e, 0x4c,
	0x69, 0x73, 0x74, 0x42, 0x61, 0x74, 0x63, 0x68, 0x4f, 0x70, 0x65, 0x72, 0x61, 0x74, 0x69, 0x6f,
	0x6e, 0x73, 0x52, 0x65, 0x71, 0x75, 0x65, 0x73, 0x74, 0x1a, 0x3c, 0x2e, 0x74, 0x65, 0x6d, 0x70,
	0x6f, 0x72, 0x61, 0x6c, 0x2e, 0x61, 0x70, 0x69, 0x2e, 0x77, 0x6f, 0x72, 0x6b, 0x66, 0x6c, 0x6f,
	0x77, 0x73, 0x65, 0x72, 0x76, 0x69, 0x63, 0x65, 0x2e, 0x76, 0x31, 0x2e, 0x4c, 0x69, 0x73, 0x74,
	0x42, 0x61, 0x74, 0x63, 0x68, 0x4f, 0x70, 0x65, 0x72, 0x61, 0x74, 0x69, 0x6f, 0x6e, 0x73, 0x52,
	0x65, 0x73, 0x70, 0x6f, 0x6e, 0x73, 0x65, 0x22, 0x63, 0x82, 0xd3, 0xe4, 0x93, 0x02, 0x5d, 0x5a,
	0x31, 0x12, 0x2f, 0x2f, 0x61, 0x70, 0x69, 0x2f, 0x76, 0x31, 0x2f, 0x6e, 0x61, 0x6d, 0x65, 0x73,
	0x70, 0x61, 0x63, 0x65, 0x73, 0x2f, 0x7b, 0x6e, 0x61, 0x6d, 0x65, 0x73, 0x70, 0x61, 0x63, 0x65,
	0x7d, 0x2f, 0x62, 0x61, 0x74, 0x63, 0x68, 0x2d, 0x6f, 0x70, 0x65, 0x72, 0x61, 0x74, 0x69, 0x6f,
	0x6e, 0x73, 0x12, 0x28, 0x2f, 0x6e, 0x61, 0x6d, 0x65, 0x73, 0x70, 0x61, 0x63, 0x65, 0x73, 0x2f,
	0x7b, 0x6e, 0x61, 0x6d, 0x65, 0x73, 0x70, 0x61, 0x63, 0x65, 0x7d, 0x2f, 0x62, 0x61, 0x74, 0x63,
	0x68, 0x2d, 0x6f, 0x70, 0x65, 0x72, 0x61, 0x74, 0x69, 0x6f, 0x6e, 0x73, 0x12, 0xc4, 0x01, 0x0a,
	0x12, 0x50, 0x6f, 0x6c, 0x6c, 0x4e, 0x65, 0x78, 0x75, 0x73, 0x54, 0x61, 0x73, 0x6b, 0x51, 0x75,
	0x65, 0x75, 0x65, 0x12, 0x3a, 0x2e, 0x74, 0x65, 0x6d, 0x70, 0x6f, 0x72, 0x61, 0x6c, 0x2e, 0x61,
	0x70, 0x69, 0x2e, 0x77, 0x6f, 0x72, 0x6b, 0x66, 0x6c, 0x6f, 0x77, 0x73, 0x65, 0x72, 0x76, 0x69,
	0x63, 0x65, 0x2e, 0x76, 0x31, 0x2e, 0x50, 0x6f, 0x6c, 0x6c, 0x4e, 0x65, 0x78, 0x75, 0x73, 0x54,
	0x61, 0x73, 0x6b, 0x51, 0x75, 0x65, 0x75, 0x65, 0x52, 0x65, 0x71, 0x75, 0x65, 0x73, 0x74, 0x1a,
	0x3b, 0x2e, 0x74, 0x65, 0x6d, 0x70, 0x6f, 0x72, 0x61, 0x6c, 0x2e, 0x61, 0x70, 0x69, 0x2e, 0x77,
	0x6f, 0x72, 0x6b, 0x66, 0x6c, 0x6f, 0x77, 0x73, 0x65, 0x72, 0x76, 0x69, 0x63, 0x65, 0x2e, 0x76,
	0x31, 0x2e, 0x50, 0x6f, 0x6c, 0x6c, 0x4e, 0x65, 0x78, 0x75, 0x73, 0x54, 0x61, 0x73, 0x6b, 0x51,
	0x75, 0x65, 0x75, 0x65, 0x52, 0x65, 0x73, 0x70, 0x6f, 0x6e, 0x73, 0x65, 0x22, 0x35, 0x8a, 0x9d,
	0xcc, 0x1b, 0x30, 0x0a, 0x14, 0x74, 0x65, 0x6d, 0x70, 0x6f, 0x72, 0x61, 0x6c, 0x2d, 0x72, 0x65,
	0x73, 0x6f, 0x75, 0x72, 0x63, 0x65, 0x2d, 0x69, 0x64, 0x12, 0x18, 0x70, 0x6f, 0x6c, 0x6c, 0x65,
	0x72, 0x3a, 0x7b, 0x70, 0x6f, 0x6c, 0x6c, 0x65, 0x72, 0x5f, 0x67, 0x72, 0x6f, 0x75, 0x70, 0x5f,
	0x69, 0x64, 0x7d, 0x12, 0xd9, 0x01, 0x0a, 0x19, 0x52, 0x65, 0x73, 0x70, 0x6f, 0x6e, 0x64, 0x4e,
	0x65, 0x78, 0x75, 0x73, 0x54, 0x61, 0x73, 0x6b, 0x43, 0x6f, 0x6d, 0x70, 0x6c, 0x65, 0x74, 0x65,
	0x64, 0x12, 0x41, 0x2e, 0x74, 0x65, 0x6d, 0x70, 0x6f, 0x72, 0x61, 0x6c, 0x2e, 0x61, 0x70, 0x69,
	0x2e, 0x77, 0x6f, 0x72, 0x6b, 0x66, 0x6c, 0x6f, 0x77, 0x73, 0x65, 0x72, 0x76, 0x69, 0x63, 0x65,
	0x2e, 0x76, 0x31, 0x2e, 0x52, 0x65, 0x73, 0x70, 0x6f, 0x6e, 0x64, 0x4e, 0x65, 0x78, 0x75, 0x73,
	0x54, 0x61, 0x73, 0x6b, 0x43, 0x6f, 0x6d, 0x70, 0x6c, 0x65, 0x74, 0x65, 0x64, 0x52, 0x65, 0x71,
	0x75, 0x65, 0x73, 0x74, 0x1a, 0x42, 0x2e, 0x74, 0x65, 0x6d, 0x70, 0x6f, 0x72, 0x61, 0x6c, 0x2e,
	0x61, 0x70, 0x69, 0x2e, 0x77, 0x6f, 0x72, 0x6b, 0x66, 0x6c, 0x6f, 0x77, 0x73, 0x65, 0x72, 0x76,
	0x69, 0x63, 0x65, 0x2e, 0x76, 0x31, 0x2e, 0x52, 0x65, 0x73, 0x70, 0x6f, 0x6e, 0x64, 0x4e, 0x65,
	0x78, 0x75, 0x73, 0x54, 0x61, 0x73, 0x6b, 0x43, 0x6f, 0x6d, 0x70, 0x6c, 0x65, 0x74, 0x65, 0x64,
	0x52, 0x65, 0x73, 0x70, 0x6f, 0x6e, 0x73, 0x65, 0x22, 0x35, 0x8a, 0x9d, 0xcc, 0x1b, 0x30, 0x0a,
	0x14, 0x74, 0x65, 0x6d, 0x70, 0x6f, 0x72, 0x61, 0x6c, 0x2d, 0x72, 0x65, 0x73, 0x6f, 0x75, 0x72,
	0x63, 0x65, 0x2d, 0x69, 0x64, 0x12, 0x18, 0x70, 0x6f, 0x6c, 0x6c, 0x65, 0x72, 0x3a, 0x7b, 0x70,
	0x6f, 0x6c, 0x6c, 0x65, 0x72, 0x5f, 0x67, 0x72, 0x6f, 0x75, 0x70, 0x5f, 0x69, 0x64, 0x7d, 0x12,
	0xd0, 0x01, 0x0a, 0x16, 0x52, 0x65, 0x73, 0x70, 0x6f, 0x6e, 0x64, 0x4e, 0x65, 0x78, 0x75, 0x73,
	0x54, 0x61, 0x73, 0x6b, 0x46, 0x61, 0x69, 0x6c, 0x65, 0x64, 0x12, 0x3e, 0x2e, 0x74, 0x65, 0x6d,
	0x70, 0x6f, 0x72, 0x61, 0x6c, 0x2e, 0x61, 0x70, 0x69, 0x2e, 0x77, 0x6f, 0x72, 0x6b, 0x66, 0x6c,
	0x6f, 0x77, 0x73, 0x65, 0x72, 0x76, 0x69, 0x63, 0x65, 0x2e, 0x76, 0x31, 0x2e, 0x52, 0x65, 0x73,
	0x70, 0x6f, 0x6e, 0x64, 0x4e, 0x65, 0x78, 0x75, 0x73, 0x54, 0x61, 0x73, 0x6b, 0x46, 0x61, 0x69,
	0x6c, 0x65, 0x64, 0x52, 0x65, 0x71, 0x75, 0x65, 0x73, 0x74, 0x1a, 0x3f, 0x2e, 0x74, 0x65, 0x6d,
	0x70, 0x6f, 0x72, 0x61, 0x6c, 0x2e, 0x61, 0x70, 0x69, 0x2e, 0x77, 0x6f, 0x72, 0x6b, 0x66, 0x6c,
	0x6f, 0x77, 0x73, 0x65, 0x72, 0x76, 0x69, 0x63, 0x65, 0x2e, 0x76, 0x31, 0x2e, 0x52, 0x65, 0x73,
	0x70, 0x6f, 0x6e, 0x64, 0x4e, 0x65, 0x78, 0x75, 0x73, 0x54, 0x61, 0x73, 0x6b, 0x46, 0x61, 0x69,
	0x6c, 0x65, 0x64, 0x52, 0x65, 0x73, 0x70, 0x6f, 0x6e, 0x73, 0x65, 0x22, 0x35, 0x8a, 0x9d, 0xcc,
	0x1b, 0x30, 0x0a, 0x14, 0x74, 0x65, 0x6d, 0x70, 0x6f, 0x72, 0x61, 0x6c, 0x2d, 0x72, 0x65, 0x73,
	0x6f, 0x75, 0x72, 0x63, 0x65, 0x2d, 0x69, 0x64, 0x12, 0x18, 0x70, 0x6f, 0x6c, 0x6c, 0x65, 0x72,
	0x3a, 0x7b, 0x70, 0x6f, 0x6c, 0x6c, 0x65, 0x72, 0x5f, 0x67, 0x72, 0x6f, 0x75, 0x70, 0x5f, 0x69,
	0x64, 0x7d, 0x12, 0xe8, 0x02, 0x0a, 0x15, 0x55, 0x70, 0x64, 0x61, 0x74, 0x65, 0x41, 0x63, 0x74,
	0x69, 0x76, 0x69, 0x74, 0x79, 0x4f, 0x70, 0x74, 0x69, 0x6f, 0x6e, 0x73, 0x12, 0x3d, 0x2e, 0x74,
	0x65, 0x6d, 0x70, 0x6f, 0x72, 0x61, 0x6c, 0x2e, 0x61, 0x70, 0x69, 0x2e, 0x77, 0x6f, 0x72, 0x6b,
	0x66, 0x6c, 0x6f, 0x77, 0x73, 0x65, 0x72, 0x76, 0x69, 0x63, 0x65, 0x2e, 0x76, 0x31, 0x2e, 0x55,
	0x70, 0x64, 0x61, 0x74, 0x65, 0x41, 0x63, 0x74, 0x69, 0x76, 0x69, 0x74, 0x79, 0x4f, 0x70, 0x74,
	0x69, 0x6f, 0x6e, 0x73, 0x52, 0x65, 0x71, 0x75, 0x65, 0x73, 0x74, 0x1a, 0x3e, 0x2e, 0x74, 0x65,
	0x6d, 0x70, 0x6f, 0x72, 0x61, 0x6c, 0x2e, 0x61, 0x70, 0x69, 0x2e, 0x77, 0x6f, 0x72, 0x6b, 0x66,
	0x6c, 0x6f, 0x77, 0x73, 0x65, 0x72, 0x76, 0x69, 0x63, 0x65, 0x2e, 0x76, 0x31, 0x2e, 0x55, 0x70,
	0x64, 0x61, 0x74, 0x65, 0x41, 0x63, 0x74, 0x69, 0x76, 0x69, 0x74, 0x79, 0x4f, 0x70, 0x74, 0x69,
	0x6f, 0x6e, 0x73, 0x52, 0x65, 0x73, 0x70, 0x6f, 0x6e, 0x73, 0x65, 0x22, 0xcf, 0x01, 0x8a, 0x9d,
	0xcc, 0x1b, 0x38, 0x0a, 0x14, 0x74, 0x65, 0x6d, 0x70, 0x6f, 0x72, 0x61, 0x6c, 0x2d, 0x72, 0x65,
	0x73, 0x6f, 0x75, 0x72, 0x63, 0x65, 0x2d, 0x69, 0x64, 0x12, 0x20, 0x77, 0x6f, 0x72, 0x6b, 0x66,
	0x6c, 0x6f, 0x77, 0x3a, 0x7b, 0x65, 0x78, 0x65, 0x63, 0x75, 0x74, 0x69, 0x6f, 0x6e, 0x2e, 0x77,
	0x6f, 0x72, 0x6b, 0x66, 0x6c, 0x6f, 0x77, 0x5f, 0x69, 0x64, 0x7d, 0x82, 0xd3, 0xe4, 0x93, 0x02,
	0x8b, 0x01, 0x3a, 0x01, 0x2a, 0x5a, 0x48, 0x3a, 0x01, 0x2a, 0x22, 0x43, 0x2f, 0x61, 0x70, 0x69,
	0x2f, 0x76, 0x31, 0x2f, 0x6e, 0x61, 0x6d, 0x65, 0x73, 0x70, 0x61, 0x63, 0x65, 0x73, 0x2f, 0x7b,
	0x6e, 0x61, 0x6d, 0x65, 0x73, 0x70, 0x61, 0x63, 0x65, 0x7d, 0x2f, 0x61, 0x63, 0x74, 0x69, 0x76,
	0x69, 0x74, 0x69, 0x65, 0x73, 0x2d, 0x64, 0x65, 0x70, 0x72, 0x65, 0x63, 0x61, 0x74, 0x65, 0x64,
	0x2f, 0x75, 0x70, 0x64, 0x61, 0x74, 0x65, 0x2d, 0x6f, 0x70, 0x74, 0x69, 0x6f, 0x6e, 0x73, 0x22,
	0x3c, 0x2f, 0x6e, 0x61, 0x6d, 0x65, 0x73, 0x70, 0x61, 0x63, 0x65, 0x73, 0x2f, 0x7b, 0x6e, 0x61,
	0x6d, 0x65, 0x73, 0x70, 0x61, 0x63, 0x65, 0x7d, 0x2f, 0x61, 0x63, 0x74, 0x69, 0x76, 0x69, 0x74,
	0x69, 0x65, 0x73, 0x2d, 0x64, 0x65, 0x70, 0x72, 0x65, 0x63, 0x61, 0x74, 0x65, 0x64, 0x2f, 0x75,
	0x70, 0x64, 0x61, 0x74, 0x65, 0x2d, 0x6f, 0x70, 0x74, 0x69, 0x6f, 0x6e, 0x73, 0x12, 0xb6, 0x03,
	0x0a, 0x1e, 0x55, 0x70, 0x64, 0x61, 0x74, 0x65, 0x57, 0x6f, 0x72, 0x6b, 0x66, 0x6c, 0x6f, 0x77,
	0x45, 0x78, 0x65, 0x63, 0x75, 0x74, 0x69, 0x6f, 0x6e, 0x4f, 0x70, 0x74, 0x69, 0x6f, 0x6e, 0x73,
	0x12, 0x46, 0x2e, 0x74, 0x65, 0x6d, 0x70, 0x6f, 0x72, 0x61, 0x6c, 0x2e, 0x61, 0x70, 0x69, 0x2e,
	0x77, 0x6f, 0x72, 0x6b, 0x66, 0x6c, 0x6f, 0x77, 0x73, 0x65, 0x72, 0x76, 0x69, 0x63, 0x65, 0x2e,
	0x76, 0x31, 0x2e, 0x55, 0x70, 0x64, 0x61, 0x74, 0x65, 0x57, 0x6f, 0x72, 0x6b, 0x66, 0x6c, 0x6f,
	0x77, 0x45, 0x78, 0x65, 0x63, 0x75, 0x74, 0x69, 0x6f, 0x6e, 0x4f, 0x70, 0x74, 0x69, 0x6f, 0x6e,
	0x73, 0x52, 0x65, 0x71, 0x75, 0x65, 0x73, 0x74, 0x1a, 0x47, 0x2e, 0x74, 0x65, 0x6d, 0x70, 0x6f,
	0x72, 0x61, 0x6c, 0x2e, 0x61, 0x70, 0x69, 0x2e, 0x77, 0x6f, 0x72, 0x6b, 0x66, 0x6c, 0x6f, 0x77,
	0x73, 0x65, 0x72, 0x76, 0x69, 0x63, 0x65, 0x2e, 0x76, 0x31, 0x2e, 0x55, 0x70, 0x64, 0x61, 0x74,
	0x65, 0x57, 0x6f, 0x72, 0x6b, 0x66, 0x6c, 0x6f, 0x77, 0x45, 0x78, 0x65, 0x63, 0x75, 0x74, 0x69,
	0x6f, 0x6e, 0x4f, 0x70, 0x74, 0x69, 0x6f, 0x6e, 0x73, 0x52, 0x65, 0x73, 0x70, 0x6f, 0x6e, 0x73,
	0x65, 0x22, 0x82, 0x02, 0x8a, 0x9d, 0xcc, 0x1b, 0x41, 0x0a, 0x14, 0x74, 0x65, 0x6d, 0x70, 0x6f,
	0x72, 0x61, 0x6c, 0x2d, 0x72, 0x65, 0x73, 0x6f, 0x75, 0x72, 0x63, 0x65, 0x2d, 0x69, 0x64, 0x12,
	0x29, 0x77, 0x6f, 0x72, 0x6b, 0x66, 0x6c, 0x6f, 0x77, 0x3a, 0x7b, 0x77, 0x6f, 0x72, 0x6b, 0x66,
	0x6c, 0x6f, 0x77, 0x5f, 0x65, 0x78, 0x65, 0x63, 0x75, 0x74, 0x69, 0x6f, 0x6e, 0x2e, 0x77, 0x6f,
	0x72, 0x6b, 0x66, 0x6c, 0x6f, 0x77, 0x5f, 0x69, 0x64, 0x7d, 0x82, 0xd3, 0xe4, 0x93, 0x02, 0xb5,
	0x01, 0x3a, 0x01, 0x2a, 0x5a, 0x5d, 0x3a, 0x01, 0x2a, 0x22, 0x58, 0x2f, 0x61, 0x70, 0x69, 0x2f,
	0x76, 0x31, 0x2f, 0x6e, 0x61, 0x6d, 0x65, 0x73, 0x70, 0x61, 0x63, 0x65, 0x73, 0x2f, 0x7b, 0x6e,
	0x61, 0x6d, 0x65, 0x73, 0x70, 0x61, 0x63, 0x65, 0x7d, 0x2f, 0x77, 0x6f, 0x72, 0x6b, 0x66, 0x6c,
	0x6f, 0x77, 0x73, 0x2f, 0x7b, 0x77, 0x6f, 0x72, 0x6b, 0x66, 0x6c, 0x6f, 0x77, 0x5f, 0x65, 0x78,
	0x65, 0x63, 0x75, 0x74, 0x69, 0x6f, 0x6e, 0x2e, 0x77, 0x6f, 0x72, 0x6b, 0x66, 0x6c, 0x6f, 0x77,
	0x5f, 0x69, 0x64, 0x7d, 0x2f, 0x75, 0x70, 0x64, 0x61, 0x74, 0x65, 0x2d, 0x6f, 0x70, 0x74, 0x69,
	0x6f, 0x6e, 0x73, 0x22, 0x51, 0x2f, 0x6e, 0x61, 0x6d, 0x65, 0x73, 0x70, 0x61, 0x63, 0x65, 0x73,
	0x2f, 0x7b, 0x6e, 0x61, 0x6d, 0x65, 0x73, 0x70, 0x61, 0x63, 0x65, 0x7d, 0x2f, 0x77, 0x6f, 0x72,
	0x6b, 0x66, 0x6c, 0x6f, 0x77, 0x73, 0x2f, 0x7b, 0x77, 0x6f, 0x72, 0x6b, 0x66, 0x6c, 0x6f, 0x77,
	0x5f, 0x65, 0x78, 0x65, 0x63, 0x75, 0x74, 0x69, 0x6f, 0x6e, 0x2e, 0x77, 0x6f, 0x72, 0x6b, 0x66,
	0x6c, 0x6f, 0x77, 0x5f, 0x69, 0x64, 0x7d, 0x2f, 0x75, 0x70, 0x64, 0x61, 0x74, 0x65, 0x2d, 0x6f,
	0x70, 0x74, 0x69, 0x6f, 0x6e, 0x73, 0x12, 0xbd, 0x02, 0x0a, 0x0d, 0x50, 0x61, 0x75, 0x73, 0x65,
	0x41, 0x63, 0x74, 0x69, 0x76, 0x69, 0x74, 0x79, 0x12, 0x35, 0x2e, 0x74, 0x65, 0x6d, 0x70, 0x6f,
	0x72, 0x61, 0x6c, 0x2e, 0x61, 0x70, 0x69, 0x2e, 0x77, 0x6f, 0x72, 0x6b, 0x66, 0x6c, 0x6f, 0x77,
	0x73, 0x65, 0x72, 0x76, 0x69, 0x63, 0x65, 0x2e, 0x76, 0x31, 0x2e, 0x50, 0x61, 0x75, 0x73, 0x65,
	0x41, 0x63, 0x74, 0x69, 0x76, 0x69, 0x74, 0x79, 0x52, 0x65, 0x71, 0x75, 0x65, 0x73, 0x74, 0x1a,
	0x36, 0x2e, 0x74, 0x65, 0x6d, 0x70, 0x6f, 0x72, 0x61, 0x6c, 0x2e, 0x61, 0x70, 0x69, 0x2e, 0x77,
	0x6f, 0x72, 0x6b, 0x66, 0x6c, 0x6f, 0x77, 0x73, 0x65, 0x72, 0x76, 0x69, 0x63, 0x65, 0x2e, 0x76,
	0x31, 0x2e, 0x50, 0x61, 0x75, 0x73, 0x65, 0x41, 0x63, 0x74, 0x69, 0x76, 0x69, 0x74, 0x79, 0x52,
	0x65, 0x73, 0x70, 0x6f, 0x6e, 0x73, 0x65, 0x22, 0xbc, 0x01, 0x8a, 0x9d, 0xcc, 0x1b, 0x38, 0x0a,
	0x14, 0x74, 0x65, 0x6d, 0x70, 0x6f, 0x72, 0x61, 0x6c, 0x2d, 0x72, 0x65, 0x73, 0x6f, 0x75, 0x72,
	0x63, 0x65, 0x2d, 0x69, 0x64, 0x12, 0x20, 0x77, 0x6f, 0x72, 0x6b, 0x66, 0x6c, 0x6f, 0x77, 0x3a,
	0x7b, 0x65, 0x78, 0x65, 0x63, 0x75, 0x74, 0x69, 0x6f, 0x6e, 0x2e, 0x77, 0x6f, 0x72, 0x6b, 0x66,
	0x6c, 0x6f, 0x77, 0x5f, 0x69, 0x64, 0x7d, 0x82, 0xd3, 0xe4, 0x93, 0x02, 0x79, 0x3a, 0x01, 0x2a,
	0x5a, 0x3f, 0x3a, 0x01, 0x2a, 0x22, 0x3a, 0x2f, 0x61, 0x70, 0x69, 0x2f, 0x76, 0x31, 0x2f, 0x6e,
	0x61, 0x6d, 0x65, 0x73, 0x70, 0x61, 0x63, 0x65, 0x73, 0x2f, 0x7b, 0x6e, 0x61, 0x6d, 0x65, 0x73,
	0x70, 0x61, 0x63, 0x65, 0x7d, 0x2f, 0x61, 0x63, 0x74, 0x69, 0x76, 0x69, 0x74, 0x69, 0x65, 0x73,
	0x2d, 0x64, 0x65, 0x70, 0x72, 0x65, 0x63, 0x61, 0x74, 0x65, 0x64, 0x2f, 0x70, 0x61, 0x75, 0x73,
	0x65, 0x22, 0x33, 0x2f, 0x6e, 0x61, 0x6d, 0x65, 0x73, 0x70, 0x61, 0x63, 0x65, 0x73, 0x2f, 0x7b,
	0x6e, 0x61, 0x6d, 0x65, 0x73, 0x70, 0x61, 0x63, 0x65, 0x7d, 0x2f, 0x61, 0x63, 0x74, 0x69, 0x76,
	0x69, 0x74, 0x69, 0x65, 0x73, 0x2d, 0x64, 0x65, 0x70, 0x72, 0x65, 0x63, 0x61, 0x74, 0x65, 0x64,
	0x2f, 0x70, 0x61, 0x75, 0x73, 0x65, 0x12, 0xc7, 0x02, 0x0a, 0x0f, 0x55, 0x6e, 0x70, 0x61, 0x75,
	0x73, 0x65, 0x41, 0x63, 0x74, 0x69, 0x76, 0x69, 0x74, 0x79, 0x12, 0x37, 0x2e, 0x74, 0x65, 0x6d,
	0x70, 0x6f, 0x72, 0x61, 0x6c, 0x2e, 0x61, 0x70, 0x69, 0x2e, 0x77, 0x6f, 0x72, 0x6b, 0x66, 0x6c,
	0x6f, 0x77, 0x73, 0x65, 0x72, 0x76, 0x69, 0x63, 0x65, 0x2e, 0x76, 0x31, 0x2e, 0x55, 0x6e, 0x70,
	0x61, 0x75, 0x73, 0x65, 0x41, 0x63, 0x74, 0x69, 0x76, 0x69, 0x74, 0x79, 0x52, 0x65, 0x71, 0x75,
	0x65, 0x73, 0x74, 0x1a, 0x38, 0x2e, 0x74, 0x65, 0x6d, 0x70, 0x6f, 0x72, 0x61, 0x6c, 0x2e, 0x61,
	0x70, 0x69, 0x2e, 0x77, 0x6f, 0x72, 0x6b, 0x66, 0x6c, 0x6f, 0x77, 0x73, 0x65, 0x72, 0x76, 0x69,
	0x63, 0x65, 0x2e, 0x76, 0x31, 0x2e, 0x55, 0x6e, 0x70, 0x61, 0x75, 0x73, 0x65, 0x41, 0x63, 0x74,
	0x69, 0x76, 0x69, 0x74, 0x79, 0x52, 0x65, 0x73, 0x70, 0x6f, 0x6e, 0x73, 0x65, 0x22, 0xc0, 0x01,
	0x8a, 0x9d, 0xcc, 0x1b, 0x38, 0x0a, 0x14, 0x74, 0x65, 0x6d, 0x70, 0x6f, 0x72, 0x61, 0x6c, 0x2d,
	0x72, 0x65, 0x73, 0x6f, 0x75, 0x72, 0x63, 0x65, 0x2d, 0x69, 0x64, 0x12, 0x20, 0x77, 0x6f, 0x72,
	0x6b, 0x66, 0x6c, 0x6f, 0x77, 0x3a, 0x7b, 0x65, 0x78, 0x65, 0x63, 0x75, 0x74, 0x69, 0x6f, 0x6e,
	0x2e, 0x77, 0x6f, 0x72, 0x6b, 0x66, 0x6c, 0x6f, 0x77, 0x5f, 0x69, 0x64, 0x7d, 0x82, 0xd3, 0xe4,
	0x93, 0x02, 0x7d, 0x3a, 0x01, 0x2a, 0x5a, 0x41, 0x3a, 0x01, 0x2a, 0x22, 0x3c, 0x2f, 0x61, 0x70,
	0x69, 0x2f, 0x76, 0x31, 0x2f, 0x6e, 0x61, 0x6d, 0x65, 0x73, 0x70, 0x61, 0x63, 0x65, 0x73, 0x2f,
	0x7b, 0x6e, 0x61, 0x6d, 0x65, 0x73, 0x70, 0x61, 0x63, 0x65, 0x7d, 0x2f, 0x61, 0x63, 0x74, 0x69,
	0x76, 0x69, 0x74, 0x69, 0x65, 0x73, 0x2d, 0x64, 0x65, 0x70, 0x72, 0x65, 0x63, 0x61, 0x74, 0x65,
	0x64, 0x2f, 0x75, 0x6e, 0x70, 0x61, 0x75, 0x73, 0x65, 0x22, 0x35, 0x2f, 0x6e, 0x61, 0x6d, 0x65,
	0x73, 0x70, 0x61, 0x63, 0x65, 0x73, 0x2f, 0x7b, 0x6e, 0x61, 0x6d, 0x65, 0x73, 0x70, 0x61, 0x63,
	0x65, 0x7d, 0x2f, 0x61, 0x63, 0x74, 0x69, 0x76, 0x69, 0x74, 0x69, 0x65, 0x73, 0x2d, 0x64, 0x65,
	0x70, 0x72, 0x65, 0x63, 0x61, 0x74, 0x65, 0x64, 0x2f, 0x75, 0x6e, 0x70, 0x61, 0x75, 0x73, 0x65,
	0x12, 0xbd, 0x02, 0x0a, 0x0d, 0x52, 0x65, 0x73, 0x65, 0x74, 0x41, 0x63, 0x74, 0x69, 0x76, 0x69,
	0x74, 0x79, 0x12, 0x35, 0x2e, 0x74, 0x65, 0x6d, 0x70, 0x6f, 0x72, 0x61, 0x6c, 0x2e, 0x61, 0x70,
	0x69, 0x2e, 0x77, 0x6f, 0x72, 0x6b, 0x66, 0x6c, 0x6f, 0x77, 0x73, 0x65, 0x72, 0x76, 0x69, 0x63,
	0x65, 0x2e, 0x76, 0x31, 0x2e, 0x52, 0x65, 0x73, 0x65, 0x74, 0x41, 0x63, 0x74, 0x69, 0x76, 0x69,
	0x74, 0x79, 0x52, 0x65, 0x71, 0x75, 0x65, 0x73, 0x74, 0x1a, 0x36, 0x2e, 0x74, 0x65, 0x6d, 0x70,
	0x6f, 0x72, 0x61, 0x6c, 0x2e, 0x61, 0x70, 0x69, 0x2e, 0x77, 0x6f, 0x72, 0x6b, 0x66, 0x6c, 0x6f,
	0x77, 0x73, 0x65, 0x72, 0x76, 0x69, 0x63, 0x65, 0x2e, 0x76, 0x31, 0x2e, 0x52, 0x65, 0x73, 0x65,
	0x74, 0x41, 0x63, 0x74, 0x69, 0x76, 0x69, 0x74, 0x79, 0x52, 0x65, 0x73, 0x70, 0x6f, 0x6e, 0x73,
	0x65, 0x22, 0xbc, 0x01, 0x8a, 0x9d, 0xcc, 0x1b, 0x38, 0x0a, 0x14, 0x74, 0x65, 0x6d, 0x70, 0x6f,
	0x72, 0x61, 0x6c, 0x2d, 0x72, 0x65, 0x73, 0x6f, 0x75, 0x72, 0x63, 0x65, 0x2d, 0x69, 0x64, 0x12,
	0x20, 0x77, 0x6f, 0x72, 0x6b, 0x66, 0x6c, 0x6f, 0x77, 0x3a, 0x7b, 0x65, 0x78, 0x65, 0x63, 0x75,
	0x74, 0x69, 0x6f, 0x6e, 0x2e, 0x77, 0x6f, 0x72, 0x6b, 0x66, 0x6c, 0x6f, 0x77, 0x5f, 0x69, 0x64,
	0x7d, 0x82, 0xd3, 0xe4, 0x93, 0x02, 0x79, 0x3a, 0x01, 0x2a, 0x5a, 0x3f, 0x3a, 0x01, 0x2a, 0x22,
	0x3a, 0x2f, 0x61, 0x70, 0x69, 0x2f, 0x76, 0x31, 0x2f, 0x6e, 0x61, 0x6d, 0x65, 0x73, 0x70, 0x61,
	0x63, 0x65, 0x73, 0x2f, 0x7b, 0x6e, 0x61, 0x6d, 0x65, 0x73, 0x70, 0x61, 0x63, 0x65, 0x7d, 0x2f,
	0x61, 0x63, 0x74, 0x69, 0x76, 0x69, 0x74, 0x69, 0x65, 0x73, 0x2d, 0x64, 0x65, 0x70, 0x72, 0x65,
	0x63, 0x61, 0x74, 0x65, 0x64, 0x2f, 0x72, 0x65, 0x73, 0x65, 0x74, 0x22, 0x33, 0x2f, 0x6e, 0x61,
	0x6d, 0x65, 0x73, 0x70, 0x61, 0x63, 0x65, 0x73, 0x2f, 0x7b, 0x6e, 0x61, 0x6d, 0x65, 0x73, 0x70,
	0x61, 0x63, 0x65, 0x7d, 0x2f, 0x61, 0x63, 0x74, 0x69, 0x76, 0x69, 0x74, 0x69, 0x65, 0x73, 0x2d,
	0x64, 0x65, 0x70, 0x72, 0x65, 0x63, 0x61, 0x74, 0x65, 0x64, 0x2f, 0x72, 0x65, 0x73, 0x65, 0x74,
	0x12, 0xf4, 0x01, 0x0a, 0x12, 0x43, 0x72, 0x65, 0x61, 0x74, 0x65, 0x57, 0x6f, 0x72, 0x6b, 0x66,
	0x6c, 0x6f, 0x77, 0x52, 0x75, 0x6c, 0x65, 0x12, 0x3a, 0x2e, 0x74, 0x65, 0x6d, 0x70, 0x6f, 0x72,
	0x61, 0x6c, 0x2e, 0x61, 0x70, 0x69, 0x2e, 0x77, 0x6f, 0x72, 0x6b, 0x66, 0x6c, 0x6f, 0x77, 0x73,
	0x65, 0x72, 0x76, 0x69, 0x63, 0x65, 0x2e, 0x76, 0x31, 0x2e, 0x43, 0x72, 0x65, 0x61, 0x74, 0x65,
	0x57, 0x6f, 0x72, 0x6b, 0x66, 0x6c, 0x6f, 0x77, 0x52, 0x75, 0x6c, 0x65, 0x52, 0x65, 0x71, 0x75,
	0x65, 0x73, 0x74, 0x1a, 0x3b, 0x2e, 0x74, 0x65, 0x6d, 0x70, 0x6f, 0x72, 0x61, 0x6c, 0x2e, 0x61,
	0x70, 0x69, 0x2e, 0x77, 0x6f, 0x72, 0x6b, 0x66, 0x6c, 0x6f, 0x77, 0x73, 0x65, 0x72, 0x76, 0x69,
	0x63, 0x65, 0x2e, 0x76, 0x31, 0x2e, 0x43, 0x72, 0x65, 0x61, 0x74, 0x65, 0x57, 0x6f, 0x72, 0x6b,
	0x66, 0x6c, 0x6f, 0x77, 0x52, 0x75, 0x6c, 0x65, 0x52, 0x65, 0x73, 0x70, 0x6f, 0x6e, 0x73, 0x65,
	0x22, 0x65, 0x82, 0xd3, 0xe4, 0x93, 0x02, 0x5f, 0x3a, 0x01, 0x2a, 0x5a, 0x32, 0x3a, 0x01, 0x2a,
	0x22, 0x2d, 0x2f, 0x61, 0x70, 0x69, 0x2f, 0x76, 0x31, 0x2f, 0x6e, 0x61, 0x6d, 0x65, 0x73, 0x70,
	0x61, 0x63, 0x65, 0x73, 0x2f, 0x7b, 0x6e, 0x61, 0x6d, 0x65, 0x73, 0x70, 0x61, 0x63, 0x65, 0x7d,
	0x2f, 0x77, 0x6f, 0x72, 0x6b, 0x66, 0x6c, 0x6f, 0x77, 0x2d, 0x72, 0x75, 0x6c, 0x65, 0x73, 0x22,
	0x26, 0x2f, 0x6e, 0x61, 0x6d, 0x65, 0x73, 0x70, 0x61, 0x63, 0x65, 0x73, 0x2f, 0x7b, 0x6e, 0x61,
	0x6d, 0x65, 0x73, 0x70, 0x61, 0x63, 0x65, 0x7d, 0x2f, 0x77, 0x6f, 0x72, 0x6b, 0x66, 0x6c, 0x6f,
	0x77, 0x2d, 0x72, 0x75, 0x6c, 0x65, 0x73, 0x12, 0x88, 0x02, 0x0a, 0x14, 0x44, 0x65, 0x73, 0x63,
	0x72, 0x69, 0x62, 0x65, 0x57, 0x6f, 0x72, 0x6b, 0x66, 0x6c, 0x6f, 0x77, 0x52, 0x75, 0x6c, 0x65,
	0x12, 0x3c, 0x2e, 0x74, 0x65, 0x6d, 0x70, 0x6f, 0x72, 0x61, 0x6c, 0x2e, 0x61, 0x70, 0x69, 0x2e,
	0x77, 0x6f, 0x72, 0x6b, 0x66, 0x6c, 0x6f, 0x77, 0x73, 0x65, 0x72, 0x76, 0x69, 0x63, 0x65, 0x2e,
	0x76, 0x31, 0x2e, 0x44, 0x65, 0x73, 0x63, 0x72, 0x69, 0x62, 0x65, 0x57, 0x6f, 0x72, 0x6b, 0x66,
	0x6c, 0x6f, 0x77, 0x52, 0x75, 0x6c, 0x65, 0x52, 0x65, 0x71, 0x75, 0x65, 0x73, 0x74, 0x1a, 0x3d,
	0x2e, 0x74, 0x65, 0x6d, 0x70, 0x6f, 0x72, 0x61, 0x6c, 0x2e, 0x61, 0x70, 0x69, 0x2e, 0x77, 0x6f,
	0x72, 0x6b, 0x66, 0x6c, 0x6f, 0x77, 0x73, 0x65, 0x72, 0x76, 0x69, 0x63, 0x65, 0x2e, 0x76, 0x31,
	0x2e, 0x44, 0x65, 0x73, 0x63, 0x72, 0x69, 0x62, 0x65, 0x57, 0x6f, 0x72, 0x6b, 0x66, 0x6c, 0x6f,
	0x77, 0x52, 0x75, 0x6c, 0x65, 0x52, 0x65, 0x73, 0x70, 0x6f, 0x6e, 0x73, 0x65, 0x22, 0x73, 0x82,
	0xd3, 0xe4, 0x93, 0x02, 0x6d, 0x5a, 0x39, 0x12, 0x37, 0x2f, 0x61, 0x70, 0x69, 0x2f, 0x76, 0x31,
	0x2f, 0x6e, 0x61, 0x6d, 0x65, 0x73, 0x70, 0x61, 0x63, 0x65, 0x73, 0x2f, 0x7b, 0x6e, 0x61, 0x6d,
	0x65, 0x73, 0x70, 0x61, 0x63, 0x65, 0x7d, 0x2f, 0x77, 0x6f, 0x72, 0x6b, 0x66, 0x6c, 0x6f, 0x77,
	0x2d, 0x72, 0x75, 0x6c, 0x65, 0x73, 0x2f, 0x7b, 0x72, 0x75, 0x6c, 0x65, 0x5f, 0x69, 0x64, 0x7d,
	0x12, 0x30, 0x2f, 0x6e, 0x61, 0x6d, 0x65, 0x73, 0x70, 0x61, 0x63, 0x65, 0x73, 0x2f, 0x7b, 0x6e,
	0x61, 0x6d, 0x65, 0x73, 0x70, 0x61, 0x63, 0x65, 0x7d, 0x2f, 0x77, 0x6f, 0x72, 0x6b, 0x66, 0x6c,
	0x6f, 0x77, 0x2d, 0x72, 0x75, 0x6c, 0x65, 0x73, 0x2f, 0x7b, 0x72, 0x75, 0x6c, 0x65, 0x5f, 0x69,
	0x64, 0x7d, 0x12, 0x82, 0x02, 0x0a, 0x12, 0x44, 0x65, 0x6c, 0x65, 0x74, 0x65, 0x57, 0x6f, 0x72,
	0x6b, 0x66, 0x6c, 0x6f, 0x77, 0x52, 0x75, 0x6c, 0x65, 0x12, 0x3a, 0x2e, 0x74, 0x65, 0x6d, 0x70,
	0x6f, 0x72, 0x61, 0x6c, 0x2e, 0x61, 0x70, 0x69, 0x2e, 0x77, 0x6f, 0x72, 0x6b, 0x66, 0x6c, 0x6f,
	0x77, 0x73, 0x65, 0x72, 0x76, 0x69, 0x63, 0x65, 0x2e, 0x76, 0x31, 0x2e, 0x44, 0x65, 0x6c, 0x65,
	0x74, 0x65, 0x57, 0x6f, 0x72, 0x6b, 0x66, 0x6c, 0x6f, 0x77, 0x52, 0x75, 0x6c, 0x65, 0x52, 0x65,
	0x71, 0x75, 0x65, 0x73, 0x74, 0x1a, 0x3b, 0x2e, 0x74, 0x65, 0x6d, 0x70, 0x6f, 0x72, 0x61, 0x6c,
	0x2e, 0x61, 0x70, 0x69, 0x2e, 0x77, 0x6f, 0x72, 0x6b, 0x66, 0x6c, 0x6f, 0x77, 0x73, 0x65, 0x72,
	0x76, 0x69, 0x63, 0x65, 0x2e, 0x76, 0x31, 0x2e, 0x44, 0x65, 0x6c, 0x65, 0x74, 0x65, 0x57, 0x6f,
	0x72, 0x6b, 0x66, 0x6c, 0x6f, 0x77, 0x52, 0x75, 0x6c, 0x65, 0x52, 0x65, 0x73, 0x70, 0x6f, 0x6e,
	0x73, 0x65, 0x22, 0x73, 0x82, 0xd3, 0xe4, 0x93, 0x02, 0x6d, 0x5a, 0x39, 0x2a, 0x37, 0x2f, 0x61,
	0x70, 0x69, 0x2f, 0x76, 0x31, 0x2f, 0x6e, 0x61, 0x6d, 0x65, 0x73, 0x70, 0x61, 0x63, 0x65, 0x73,
	0x2f, 0x7b, 0x6e, 0x61, 0x6d, 0x65, 0x73, 0x70, 0x61, 0x63, 0x65, 0x7d, 0x2f, 0x77, 0x6f, 0x72,
	0x6b, 0x66, 0x6c, 0x6f, 0x77, 0x2d, 0x72, 0x75, 0x6c, 0x65, 0x73, 0x2f, 0x7b, 0x72, 0x75, 0x6c,
	0x65, 0x5f, 0x69, 0x64, 0x7d, 0x2a, 0x30, 0x2f, 0x6e, 0x61, 0x6d, 0x65, 0x73, 0x70, 0x61, 0x63,
	0x65, 0x73, 0x2f, 0x7b, 0x6e, 0x61, 0x6d, 0x65, 0x73, 0x70, 0x61, 0x63, 0x65, 0x7d, 0x2f, 0x77,
	0x6f, 0x72, 0x6b, 0x66, 0x6c, 0x6f, 0x77, 0x2d, 0x72, 0x75, 0x6c, 0x65, 0x73, 0x2f, 0x7b, 0x72,
	0x75, 0x6c, 0x65, 0x5f, 0x69, 0x64, 0x7d, 0x12, 0xeb, 0x01, 0x0a, 0x11, 0x4c, 0x69, 0x73, 0x74,
	0x57, 0x6f, 0x72, 0x6b, 0x66, 0x6c, 0x6f, 0x77, 0x52, 0x75, 0x6c, 0x65, 0x73, 0x12, 0x39, 0x2e,
	0x74, 0x65, 0x6d, 0x70, 0x6f, 0x72, 0x61, 0x6c, 0x2e, 0x61, 0x70, 0x69, 0x2e, 0x77, 0x6f, 0x72,
	0x6b, 0x66, 0x6c, 0x6f, 0x77, 0x73, 0x65, 0x72, 0x76, 0x69, 0x63, 0x65, 0x2e, 0x76, 0x31, 0x2e,
	0x4c, 0x69, 0x73, 0x74, 0x57, 0x6f, 0x72, 0x6b, 0x66, 0x6c, 0x6f, 0x77, 0x52, 0x75, 0x6c, 0x65,
	0x73, 0x52, 0x65, 0x71, 0x75, 0x65, 0x73, 0x74, 0x1a, 0x3a, 0x2e, 0x74, 0x65, 0x6d, 0x70, 0x6f,
	0x72, 0x61, 0x6c, 0x2e, 0x61, 0x70, 0x69, 0x2e, 0x77, 0x6f, 0x72, 0x6b, 0x66, 0x6c, 0x6f, 0x77,
	0x73, 0x65, 0x72, 0x76, 0x69, 0x63, 0x65, 0x2e, 0x76, 0x31, 0x2e, 0x4c, 0x69, 0x73, 0x74, 0x57,
	0x6f, 0x72, 0x6b, 0x66, 0x6c, 0x6f, 0x77, 0x52, 0x75, 0x6c, 0x65, 0x73, 0x52, 0x65, 0x73, 0x70,
	0x6f, 0x6e, 0x73, 0x65, 0x22, 0x5f, 0x82, 0xd3, 0xe4, 0x93, 0x02, 0x59, 0x5a, 0x2f, 0x12, 0x2d,
	0x2f, 0x61, 0x70, 0x69, 0x2f, 0x76, 0x31, 0x2f, 0x6e, 0x61, 0x6d, 0x65, 0x73, 0x70, 0x61, 0x63,
	0x65, 0x73, 0x2f, 0x7b, 0x6e, 0x61, 0x6d, 0x65, 0x73, 0x70, 0x61, 0x63, 0x65, 0x7d, 0x2f, 0x77,
	0x6f, 0x72, 0x6b, 0x66, 0x6c, 0x6f, 0x77, 0x2d, 0x72, 0x75, 0x6c, 0x65, 0x73, 0x12, 0x26, 0x2f,
	0x6e, 0x61, 0x6d, 0x65, 0x73, 0x70, 0x61, 0x63, 0x65, 0x73, 0x2f, 0x7b, 0x6e, 0x61, 0x6d, 0x65,
	0x73, 0x70, 0x61, 0x63, 0x65, 0x7d, 0x2f, 0x77, 0x6f, 0x72, 0x6b, 0x66, 0x6c, 0x6f, 0x77, 0x2d,
	0x72, 0x75, 0x6c, 0x65, 0x73, 0x12, 0xf6, 0x02, 0x0a, 0x13, 0x54, 0x72, 0x69, 0x67, 0x67, 0x65,
	0x72, 0x57, 0x6f, 0x72, 0x6b, 0x66, 0x6c, 0x6f, 0x77, 0x52, 0x75, 0x6c, 0x65, 0x12, 0x3b, 0x2e,
	0x74, 0x65, 0x6d, 0x70, 0x6f, 0x72, 0x61, 0x6c, 0x2e, 0x61, 0x70, 0x69, 0x2e, 0x77, 0x6f, 0x72,
	0x6b, 0x66, 0x6c, 0x6f, 0x77, 0x73, 0x65, 0x72, 0x76, 0x69, 0x63, 0x65, 0x2e, 0x76, 0x31, 0x2e,
	0x54, 0x72, 0x69, 0x67, 0x67, 0x65, 0x72, 0x57, 0x6f, 0x72, 0x6b, 0x66, 0x6c, 0x6f, 0x77, 0x52,
	0x75, 0x6c, 0x65, 0x52, 0x65, 0x71, 0x75, 0x65, 0x73, 0x74, 0x1a, 0x3c, 0x2e, 0x74, 0x65, 0x6d,
	0x70, 0x6f, 0x72, 0x61, 0x6c, 0x2e, 0x61, 0x70, 0x69, 0x2e, 0x77, 0x6f, 0x72, 0x6b, 0x66, 0x6c,
	0x6f, 0x77, 0x73, 0x65, 0x72, 0x76, 0x69, 0x63, 0x65, 0x2e, 0x76, 0x31, 0x2e, 0x54, 0x72, 0x69,
	0x67, 0x67, 0x65, 0x72, 0x57, 0x6f, 0x72, 0x6b, 0x66, 0x6c, 0x6f, 0x77, 0x52, 0x75, 0x6c, 0x65,
	0x52, 0x65, 0x73, 0x70, 0x6f, 0x6e, 0x73, 0x65, 0x22, 0xe3, 0x01, 0x8a, 0x9d, 0xcc, 0x1b, 0x38,
	0x0a, 0x14, 0x74, 0x65, 0x6d, 0x70, 0x6f, 0x72, 0x61, 0x6c, 0x2d, 0x72, 0x65, 0x73, 0x6f, 0x75,
	0x72, 0x63, 0x65, 0x2d, 0x69, 0x64, 0x12, 0x20, 0x77, 0x6f, 0x72, 0x6b, 0x66, 0x6c, 0x6f, 0x77,
	0x3a, 0x7b, 0x65, 0x78, 0x65, 0x63, 0x75, 0x74, 0x69, 0x6f, 0x6e, 0x2e, 0x77, 0x6f, 0x72, 0x6b,
	0x66, 0x6c, 0x6f, 0x77, 0x5f, 0x69, 0x64, 0x7d, 0x82, 0xd3, 0xe4, 0x93, 0x02, 0x9f, 0x01, 0x3a,
	0x01, 0x2a, 0x5a, 0x52, 0x3a, 0x01, 0x2a, 0x22, 0x4d, 0x2f, 0x61, 0x70, 0x69, 0x2f, 0x76, 0x31,
	0x2f, 0x6e, 0x61, 0x6d, 0x65, 0x73, 0x70, 0x61, 0x63, 0x65, 0x73, 0x2f, 0x7b, 0x6e, 0x61, 0x6d,
	0x65, 0x73, 0x70, 0x61, 0x63, 0x65, 0x7d, 0x2f, 0x77, 0x6f, 0x72, 0x6b, 0x66, 0x6c, 0x6f, 0x77,
	0x73, 0x2f, 0x7b, 0x65, 0x78, 0x65, 0x63, 0x75, 0x74, 0x69, 0x6f, 0x6e, 0x2e, 0x77, 0x6f, 0x72,
	0x6b, 0x66, 0x6c, 0x6f, 0x77, 0x5f, 0x69, 0x64, 0x7d, 0x2f, 0x74, 0x72, 0x69, 0x67, 0x67, 0x65,
	0x72, 0x2d, 0x72, 0x75, 0x6c, 0x65, 0x22, 0x46, 0x2f, 0x6e, 0x61, 0x6d, 0x65, 0x73, 0x70, 0x61,
	0x63, 0x65, 0x73, 0x2f, 0x7b, 0x6e, 0x61, 0x6d, 0x65, 0x73, 0x70, 0x61, 0x63, 0x65, 0x7d, 0x2f,
	0x77, 0x6f, 0x72, 0x6b, 0x66, 0x6c, 0x6f, 0x77, 0x73, 0x2f, 0x7b, 0x65, 0x78, 0x65, 0x63, 0x75,
	0x74, 0x69, 0x6f, 0x6e, 0x2e, 0x77, 0x6f, 0x72, 0x6b, 0x66, 0x6c, 0x6f, 0x77, 0x5f, 0x69, 0x64,
	0x7d, 0x2f, 0x74, 0x72, 0x69, 0x67, 0x67, 0x65, 0x72, 0x2d, 0x72, 0x75, 0x6c, 0x65, 0x12, 0xae,
	0x02, 0x0a, 0x15, 0x52, 0x65, 0x63, 0x6f, 0x72, 0x64, 0x57, 0x6f, 0x72, 0x6b, 0x65, 0x72, 0x48,
	0x65, 0x61, 0x72, 0x74, 0x62, 0x65, 0x61, 0x74, 0x12, 0x3d, 0x2e, 0x74, 0x65, 0x6d, 0x70, 0x6f,
	0x72, 0x61, 0x6c, 0x2e, 0x61, 0x70, 0x69, 0x2e, 0x77, 0x6f, 0x72, 0x6b, 0x66, 0x6c, 0x6f, 0x77,
	0x73, 0x65, 0x72, 0x76, 0x69, 0x63, 0x65, 0x2e, 0x76, 0x31, 0x2e, 0x52, 0x65, 0x63, 0x6f, 0x72,
	0x64, 0x57, 0x6f, 0x72, 0x6b, 0x65, 0x72, 0x48, 0x65, 0x61, 0x72, 0x74, 0x62, 0x65, 0x61, 0x74,
	0x52, 0x65, 0x71, 0x75, 0x65, 0x73, 0x74, 0x1a, 0x3e, 0x2e, 0x74, 0x65, 0x6d, 0x70, 0x6f, 0x72,
	0x61, 0x6c, 0x2e, 0x61, 0x70, 0x69, 0x2e, 0x77, 0x6f, 0x72, 0x6b, 0x66, 0x6c, 0x6f, 0x77, 0x73,
	0x65, 0x72, 0x76, 0x69, 0x63, 0x65, 0x2e, 0x76, 0x31, 0x2e, 0x52, 0x65, 0x63, 0x6f, 0x72, 0x64,
	0x57, 0x6f, 0x72, 0x6b, 0x65, 0x72, 0x48, 0x65, 0x61, 0x72, 0x74, 0x62, 0x65, 0x61, 0x74, 0x52,
	0x65, 0x73, 0x70, 0x6f, 0x6e, 0x73, 0x65, 0x22, 0x95, 0x01, 0x8a, 0x9d, 0xcc, 0x1b, 0x25, 0x0a,
	0x14, 0x74, 0x65, 0x6d, 0x70, 0x6f, 0x72, 0x61, 0x6c, 0x2d, 0x72, 0x65, 0x73, 0x6f, 0x75, 0x72,
	0x63, 0x65, 0x2d, 0x69, 0x64, 0x12, 0x0d, 0x7b, 0x72, 0x65, 0x73, 0x6f, 0x75, 0x72, 0x63, 0x65,
	0x5f, 0x69, 0x64, 0x7d, 0x82, 0xd3, 0xe4, 0x93, 0x02, 0x65, 0x3a, 0x01, 0x2a, 0x5a, 0x35, 0x3a,
	0x01, 0x2a, 0x22, 0x30, 0x2f, 0x61, 0x70, 0x69, 0x2f, 0x76, 0x31, 0x2f, 0x6e, 0x61, 0x6d, 0x65,
	0x73, 0x70, 0x61, 0x63, 0x65, 0x73, 0x2f, 0x7b, 0x6e, 0x61, 0x6d, 0x65, 0x73, 0x70, 0x61, 0x63,
	0x65, 0x7d, 0x2f, 0x77, 0x6f, 0x72, 0x6b, 0x65, 0x72, 0x73, 0x2f, 0x68, 0x65, 0x61, 0x72, 0x74,
	0x62, 0x65, 0x61, 0x74, 0x22, 0x29, 0x2f, 0x6e, 0x61, 0x6d, 0x65, 0x73, 0x70, 0x61, 0x63, 0x65,
	0x73, 0x2f, 0x7b, 0x6e, 0x61, 0x6d, 0x65, 0x73, 0x70, 0x61, 0x63, 0x65, 0x7d, 0x2f, 0x77, 0x6f,
	0x72, 0x6b, 0x65, 0x72, 0x73, 0x2f, 0x68, 0x65, 0x61, 0x72, 0x74, 0x62, 0x65, 0x61, 0x74, 0x12,
	0xcb, 0x01, 0x0a, 0x0b, 0x4c, 0x69, 0x73, 0x74, 0x57, 0x6f, 0x72, 0x6b, 0x65, 0x72, 0x73, 0x12,
	0x33, 0x2e, 0x74, 0x65, 0x6d, 0x70, 0x6f, 0x72, 0x61, 0x6c, 0x2e, 0x61, 0x70, 0x69, 0x2e, 0x77,
	0x6f, 0x72, 0x6b, 0x66, 0x6c, 0x6f, 0x77, 0x73, 0x65, 0x72, 0x76, 0x69, 0x63, 0x65, 0x2e, 0x76,
	0x31, 0x2e, 0x4c, 0x69, 0x73, 0x74, 0x57, 0x6f, 0x72, 0x6b, 0x65, 0x72, 0x73, 0x52, 0x65, 0x71,
	0x75, 0x65, 0x73, 0x74, 0x1a, 0x34, 0x2e, 0x74, 0x65, 0x6d, 0x70, 0x6f, 0x72, 0x61, 0x6c, 0x2e,
	0x61, 0x70, 0x69, 0x2e, 0x77, 0x6f, 0x72, 0x6b, 0x66, 0x6c, 0x6f, 0x77, 0x73, 0x65, 0x72, 0x76,
	0x69, 0x63, 0x65, 0x2e, 0x76, 0x31, 0x2e, 0x4c, 0x69, 0x73, 0x74, 0x57, 0x6f, 0x72, 0x6b, 0x65,
	0x72, 0x73, 0x52, 0x65, 0x73, 0x70, 0x6f, 0x6e, 0x73, 0x65, 0x22, 0x51, 0x82, 0xd3, 0xe4, 0x93,
	0x02, 0x4b, 0x5a, 0x28, 0x12, 0x26, 0x2f, 0x61, 0x70, 0x69, 0x2f, 0x76, 0x31, 0x2f, 0x6e, 0x61,
	0x6d, 0x65, 0x73, 0x70, 0x61, 0x63, 0x65, 0x73, 0x2f, 0x7b, 0x6e, 0x61, 0x6d, 0x65, 0x73, 0x70,
	0x61, 0x63, 0x65, 0x7d, 0x2f, 0x77, 0x6f, 0x72, 0x6b, 0x65, 0x72, 0x73, 0x12, 0x1f, 0x2f, 0x6e,
	0x61, 0x6d, 0x65, 0x73, 0x70, 0x61, 0x63, 0x65, 0x73, 0x2f, 0x7b, 0x6e, 0x61, 0x6d, 0x65, 0x73,
	0x70, 0x61, 0x63, 0x65, 0x7d, 0x2f, 0x77, 0x6f, 0x72, 0x6b, 0x65, 0x72, 0x73, 0x12, 0xd8, 0x01,
	0x0a, 0x0c, 0x43, 0x6f, 0x75, 0x6e, 0x74, 0x57, 0x6f, 0x72, 0x6b, 0x65, 0x72, 0x73, 0x12, 0x34,
	0x2e, 0x74, 0x65, 0x6d, 0x70, 0x6f, 0x72, 0x61, 0x6c, 0x2e, 0x61, 0x70, 0x69, 0x2e, 0x77, 0x6f,
	0x72, 0x6b, 0x66, 0x6c, 0x6f, 0x77, 0x73, 0x65, 0x72, 0x76, 0x69, 0x63, 0x65, 0x2e, 0x76, 0x31,
	0x2e, 0x43, 0x6f, 0x75, 0x6e, 0x74, 0x57, 0x6f, 0x72, 0x6b, 0x65, 0x72, 0x73, 0x52, 0x65, 0x71,
	0x75, 0x65, 0x73, 0x74, 0x1a, 0x35, 0x2e, 0x74, 0x65, 0x6d, 0x70, 0x6f, 0x72, 0x61, 0x6c, 0x2e,
	0x61, 0x70, 0x69, 0x2e, 0x77, 0x6f, 0x72, 0x6b, 0x66, 0x6c, 0x6f, 0x77, 0x73, 0x65, 0x72, 0x76,
	0x69, 0x63, 0x65, 0x2e, 0x76, 0x31, 0x2e, 0x43, 0x6f, 0x75, 0x6e, 0x74, 0x57, 0x6f, 0x72, 0x6b,
	0x65, 0x72, 0x73, 0x52, 0x65, 0x73, 0x70, 0x6f, 0x6e, 0x73, 0x65, 0x22, 0x5b, 0x82, 0xd3, 0xe4,
	0x93, 0x02, 0x55, 0x5a, 0x2d, 0x12, 0x2b, 0x2f, 0x61, 0x70, 0x69, 0x2f, 0x76, 0x31, 0x2f, 0x6e,
	0x61, 0x6d, 0x65, 0x73, 0x70, 0x61, 0x63, 0x65, 0x73, 0x2f, 0x7b, 0x6e, 0x61, 0x6d, 0x65, 0x73,
	0x70, 0x61, 0x63, 0x65, 0x7d, 0x2f, 0x77, 0x6f, 0x72, 0x6b, 0x65, 0x72, 0x2d, 0x63, 0x6f, 0x75,
	0x6e, 0x74, 0x12, 0x24, 0x2f, 0x6e, 0x61, 0x6d, 0x65, 0x73, 0x70, 0x61, 0x63, 0x65, 0x73, 0x2f,
	0x7b, 0x6e, 0x61, 0x6d, 0x65, 0x73, 0x70, 0x61, 0x63, 0x65, 0x7d, 0x2f, 0x77, 0x6f, 0x72, 0x6b,
	0x65, 0x72, 0x2d, 0x63, 0x6f, 0x75, 0x6e, 0x74, 0x12, 0xe2, 0x02, 0x0a, 0x15, 0x55, 0x70, 0x64,
	0x61, 0x74, 0x65, 0x54, 0x61, 0x73, 0x6b, 0x51, 0x75, 0x65, 0x75, 0x65, 0x43, 0x6f, 0x6e, 0x66,
	0x69, 0x67, 0x12, 0x3d, 0x2e, 0x74, 0x65, 0x6d, 0x70, 0x6f, 0x72, 0x61, 0x6c, 0x2e, 0x61, 0x70,
	0x69, 0x2e, 0x77, 0x6f, 0x72, 0x6b, 0x66, 0x6c, 0x6f, 0x77, 0x73, 0x65, 0x72, 0x76, 0x69, 0x63,
	0x65, 0x2e, 0x76, 0x31, 0x2e, 0x55, 0x70, 0x64, 0x61, 0x74, 0x65, 0x54, 0x61, 0x73, 0x6b, 0x51,
	0x75, 0x65, 0x75, 0x65, 0x43, 0x6f, 0x6e, 0x66, 0x69, 0x67, 0x52, 0x65, 0x71, 0x75, 0x65, 0x73,
	0x74, 0x1a, 0x3e, 0x2e, 0x74, 0x65, 0x6d, 0x70, 0x6f, 0x72, 0x61, 0x6c, 0x2e, 0x61, 0x70, 0x69,
	0x2e, 0x77, 0x6f, 0x72, 0x6b, 0x66, 0x6c, 0x6f, 0x77, 0x73, 0x65, 0x72, 0x76, 0x69, 0x63, 0x65,
	0x2e, 0x76, 0x31, 0x2e, 0x55, 0x70, 0x64, 0x61, 0x74, 0x65, 0x54, 0x61, 0x73, 0x6b, 0x51, 0x75,
	0x65, 0x75, 0x65, 0x43, 0x6f, 0x6e, 0x66, 0x69, 0x67, 0x52, 0x65, 0x73, 0x70, 0x6f, 0x6e, 0x73,
	0x65, 0x22, 0xc9, 0x01, 0x8a, 0x9d, 0xcc, 0x1b, 0x2e, 0x0a, 0x14, 0x74, 0x65, 0x6d, 0x70, 0x6f,
	0x72, 0x61, 0x6c, 0x2d, 0x72, 0x65, 0x73, 0x6f, 0x75, 0x72, 0x63, 0x65, 0x2d, 0x69, 0x64, 0x12,
	0x16, 0x74, 0x61, 0x73, 0x6b, 0x71, 0x75, 0x65, 0x75, 0x65, 0x3a, 0x7b, 0x74, 0x61, 0x73, 0x6b,
	0x5f, 0x71, 0x75, 0x65, 0x75, 0x65, 0x7d, 0x82, 0xd3, 0xe4, 0x93, 0x02, 0x8f, 0x01, 0x3a, 0x01,
	0x2a, 0x5a, 0x4a, 0x3a, 0x01, 0x2a, 0x22, 0x45, 0x2f, 0x61, 0x70, 0x69, 0x2f, 0x76, 0x31, 0x2f,
	0x6e, 0x61, 0x6d, 0x65, 0x73, 0x70, 0x61, 0x63, 0x65, 0x73, 0x2f, 0x7b, 0x6e, 0x61, 0x6d, 0x65,
	0x73, 0x70, 0x61, 0x63, 0x65, 0x7d, 0x2f, 0x74, 0x61, 0x73, 0x6b, 0x2d, 0x71, 0x75, 0x65, 0x75,
	0x65, 0x73, 0x2f, 0x7b, 0x74, 0x61, 0x73, 0x6b, 0x5f, 0x71, 0x75, 0x65, 0x75, 0x65, 0x7d, 0x2f,
	0x75, 0x70, 0x64, 0x61, 0x74, 0x65, 0x2d, 0x63, 0x6f, 0x6e, 0x66, 0x69, 0x67, 0x22, 0x3e, 0x2f,
	0x6e, 0x61, 0x6d, 0x65, 0x73, 0x70, 0x61, 0x63, 0x65, 0x73, 0x2f, 0x7b, 0x6e, 0x61, 0x6d, 0x65,
	0x73, 0x70, 0x61, 0x63, 0x65, 0x7d, 0x2f, 0x74, 0x61, 0x73, 0x6b, 0x2d, 0x71, 0x75, 0x65, 0x75,
	0x65, 0x73, 0x2f, 0x7b, 0x74, 0x61, 0x73, 0x6b, 0x5f, 0x71, 0x75, 0x65, 0x75, 0x65, 0x7d, 0x2f,
	0x75, 0x70, 0x64, 0x61, 0x74, 0x65, 0x2d, 0x63, 0x6f, 0x6e, 0x66, 0x69, 0x67, 0x12, 0xa8, 0x02,
	0x0a, 0x11, 0x46, 0x65, 0x74, 0x63, 0x68, 0x57, 0x6f, 0x72, 0x6b, 0x65, 0x72, 0x43, 0x6f, 0x6e,
	0x66, 0x69, 0x67, 0x12, 0x39, 0x2e, 0x74, 0x65, 0x6d, 0x70, 0x6f, 0x72, 0x61, 0x6c, 0x2e, 0x61,
	0x70, 0x69, 0x2e, 0x77, 0x6f, 0x72, 0x6b, 0x66, 0x6c, 0x6f, 0x77, 0x73, 0x65, 0x72, 0x76, 0x69,
	0x63, 0x65, 0x2e, 0x76, 0x31, 0x2e, 0x46, 0x65, 0x74, 0x63, 0x68, 0x57, 0x6f, 0x72, 0x6b, 0x65,
	0x72, 0x43, 0x6f, 0x6e, 0x66, 0x69, 0x67, 0x52, 0x65, 0x71, 0x75, 0x65, 0x73, 0x74, 0x1a, 0x3a,
	0x2e, 0x74, 0x65, 0x6d, 0x70, 0x6f, 0x72, 0x61, 0x6c, 0x2e, 0x61, 0x70, 0x69, 0x2e, 0x77, 0x6f,
	0x72, 0x6b, 0x66, 0x6c, 0x6f, 0x77, 0x73, 0x65, 0x72, 0x76, 0x69, 0x63, 0x65, 0x2e, 0x76, 0x31,
	0x2e, 0x46, 0x65, 0x74, 0x63, 0x68, 0x57, 0x6f, 0x72, 0x6b, 0x65, 0x72, 0x43, 0x6f, 0x6e, 0x66,
	0x69, 0x67, 0x52, 0x65, 0x73, 0x70, 0x6f, 0x6e, 0x73, 0x65, 0x22, 0x9b, 0x01, 0x8a, 0x9d, 0xcc,
	0x1b, 0x25, 0x0a, 0x14, 0x74, 0x65, 0x6d, 0x70, 0x6f, 0x72, 0x61, 0x6c, 0x2d, 0x72, 0x65, 0x73,
	0x6f, 0x75, 0x72, 0x63, 0x65, 0x2d, 0x69, 0x64, 0x12, 0x0d, 0x7b, 0x72, 0x65, 0x73, 0x6f, 0x75,
	0x72, 0x63, 0x65, 0x5f, 0x69, 0x64, 0x7d, 0x82, 0xd3, 0xe4, 0x93, 0x02, 0x6b, 0x3a, 0x01, 0x2a,
	0x5a, 0x38, 0x3a, 0x01, 0x2a, 0x22, 0x33, 0x2f, 0x61, 0x70, 0x69, 0x2f, 0x76, 0x31, 0x2f, 0x6e,
	0x61, 0x6d, 0x65, 0x73, 0x70, 0x61, 0x63, 0x65, 0x73, 0x2f, 0x7b, 0x6e, 0x61, 0x6d, 0x65, 0x73,
	0x70, 0x61, 0x63, 0x65, 0x7d, 0x2f, 0x77, 0x6f, 0x72, 0x6b, 0x65, 0x72, 0x73, 0x2f, 0x66, 0x65,
	0x74, 0x63, 0x68, 0x2d, 0x63, 0x6f, 0x6e, 0x66, 0x69, 0x67, 0x22, 0x2c, 0x2f, 0x6e, 0x61, 0x6d,
	0x65, 0x73, 0x70, 0x61, 0x63, 0x65, 0x73, 0x2f, 0x7b, 0x6e, 0x61, 0x6d, 0x65, 0x73, 0x70, 0x61,
	0x63, 0x65, 0x7d, 0x2f, 0x77, 0x6f, 0x72, 0x6b, 0x65, 0x72, 0x73, 0x2f, 0x66, 0x65, 0x74, 0x63,
	0x68, 0x2d, 0x63, 0x6f, 0x6e, 0x66, 0x69, 0x67, 0x12, 0xad, 0x02, 0x0a, 0x12, 0x55, 0x70, 0x64,
	0x61, 0x74, 0x65, 0x57, 0x6f, 0x72, 0x6b, 0x65, 0x72, 0x43, 0x6f, 0x6e, 0x66, 0x69, 0x67, 0x12,
	0x3a, 0x2e, 0x74, 0x65, 0x6d, 0x70, 0x6f, 0x72, 0x61, 0x6c, 0x2e, 0x61, 0x70, 0x69, 0x2e, 0x77,
	0x6f, 0x72, 0x6b, 0x66, 0x6c, 0x6f, 0x77, 0x73, 0x65, 0x72, 0x76, 0x69, 0x63, 0x65, 0x2e, 0x76,
	0x31, 0x2e, 0x55, 0x70, 0x64, 0x61, 0x74, 0x65, 0x57, 0x6f, 0x72, 0x6b, 0x65, 0x72, 0x43, 0x6f,
	0x6e, 0x66, 0x69, 0x67, 0x52, 0x65, 0x71, 0x75, 0x65, 0x73, 0x74, 0x1a, 0x3b, 0x2e, 0x74, 0x65,
	0x6d, 0x70, 0x6f, 0x72, 0x61, 0x6c, 0x2e, 0x61, 0x70, 0x69, 0x2e, 0x77, 0x6f, 0x72, 0x6b, 0x66,
	0x6c, 0x6f, 0x77, 0x73, 0x65, 0x72, 0x76, 0x69, 0x63, 0x65, 0x2e, 0x76, 0x31, 0x2e, 0x55, 0x70,
	0x64, 0x61, 0x74, 0x65, 0x57, 0x6f, 0x72, 0x6b, 0x65, 0x72, 0x43, 0x6f, 0x6e, 0x66, 0x69, 0x67,
	0x52, 0x65, 0x73, 0x70, 0x6f, 0x6e, 0x73, 0x65, 0x22, 0x9d, 0x01, 0x8a, 0x9d, 0xcc, 0x1b, 0x25,
	0x0a, 0x14, 0x74, 0x65, 0x6d, 0x70, 0x6f, 0x72, 0x61, 0x6c, 0x2d, 0x72, 0x65, 0x73, 0x6f, 0x75,
	0x72, 0x63, 0x65, 0x2d, 0x69, 0x64, 0x12, 0x0d, 0x7b, 0x72, 0x65, 0x73, 0x6f, 0x75, 0x72, 0x63,
	0x65, 0x5f, 0x69, 0x64, 0x7d, 0x82, 0xd3, 0xe4, 0x93, 0x02, 0x6d, 0x3a, 0x01, 0x2a, 0x5a, 0x39,
	0x3a, 0x01, 0x2a, 0x22, 0x34, 0x2f, 0x61, 0x70, 0x69, 0x2f, 0x76, 0x31, 0x2f, 0x6e, 0x61, 0x6d,
	0x65, 0x73, 0x70, 0x61, 0x63, 0x65, 0x73, 0x2f, 0x7b, 0x6e, 0x61, 0x6d, 0x65, 0x73, 0x70, 0x61,
	0x63, 0x65, 0x7d, 0x2f, 0x77, 0x6f, 0x72, 0x6b, 0x65, 0x72, 0x73, 0x2f, 0x75, 0x70, 0x64, 0x61,
	0x74, 0x65, 0x2d, 0x63, 0x6f, 0x6e, 0x66, 0x69, 0x67, 0x22, 0x2d, 0x2f, 0x6e, 0x61, 0x6d, 0x65,
	0x73, 0x70, 0x61, 0x63, 0x65, 0x73, 0x2f, 0x7b, 0x6e, 0x61, 0x6d, 0x65, 0x73, 0x70, 0x61, 0x63,
	0x65, 0x7d, 0x2f, 0x77, 0x6f, 0x72, 0x6b, 0x65, 0x72, 0x73, 0x2f, 0x75, 0x70, 0x64, 0x61, 0x74,
	0x65, 0x2d, 0x63, 0x6f, 0x6e, 0x66, 0x69, 0x67, 0x12, 0xcd, 0x02, 0x0a, 0x0e, 0x44, 0x65, 0x73,
	0x63, 0x72, 0x69, 0x62, 0x65, 0x57, 0x6f, 0x72, 0x6b, 0x65, 0x72, 0x12, 0x36, 0x2e, 0x74, 0x65,
	0x6d, 0x70, 0x6f, 0x72, 0x61, 0x6c, 0x2e, 0x61, 0x70, 0x69, 0x2e, 0x77, 0x6f, 0x72, 0x6b, 0x66,
	0x6c, 0x6f, 0x77, 0x73, 0x65, 0x72, 0x76, 0x69, 0x63, 0x65, 0x2e, 0x76, 0x31, 0x2e, 0x44, 0x65,
	0x73, 0x63, 0x72, 0x69, 0x62, 0x65, 0x57, 0x6f, 0x72, 0x6b, 0x65, 0x72, 0x52, 0x65, 0x71, 0x75,
	0x65, 0x73, 0x74, 0x1a, 0x37, 0x2e, 0x74, 0x65, 0x6d, 0x70, 0x6f, 0x72, 0x61, 0x6c, 0x2e, 0x61,
	0x70, 0x69, 0x2e, 0x77, 0x6f, 0x72, 0x6b, 0x66, 0x6c, 0x6f, 0x77, 0x73, 0x65, 0x72, 0x76, 0x69,
	0x63, 0x65, 0x2e, 0x76, 0x31, 0x2e, 0x44, 0x65, 0x73, 0x63, 0x72, 0x69, 0x62, 0x65, 0x57, 0x6f,
	0x72, 0x6b, 0x65, 0x72, 0x52, 0x65, 0x73, 0x70, 0x6f, 0x6e, 0x73, 0x65, 0x22, 0xc9, 0x01, 0x8a,
	0x9d, 0xcc, 0x1b, 0x34, 0x0a, 0x14, 0x74, 0x65, 0x6d, 0x70, 0x6f, 0x72, 0x61, 0x6c, 0x2d, 0x72,
	0x65, 0x73, 0x6f, 0x75, 0x72, 0x63, 0x65, 0x2d, 0x69, 0x64, 0x12, 0x1c, 0x77, 0x6f, 0x72, 0x6b,
	0x65, 0x72, 0x3a, 0x7b, 0x77, 0x6f, 0x72, 0x6b, 0x65, 0x72, 0x5f, 0x69, 0x6e, 0x73, 0x74, 0x61,
	0x6e, 0x63, 0x65, 0x5f, 0x6b, 0x65, 0x79, 0x7d, 0x82, 0xd3, 0xe4, 0x93, 0x02, 0x89, 0x01, 0x5a,
	0x47, 0x12, 0x45, 0x2f, 0x61, 0x70, 0x69, 0x2f, 0x76, 0x31, 0x2f, 0x6e, 0x61, 0x6d, 0x65, 0x73,
	0x70, 0x61, 0x63, 0x65, 0x73, 0x2f, 0x7b, 0x6e, 0x61, 0x6d, 0x65, 0x73, 0x70, 0x61, 0x63, 0x65,
	0x7d, 0x2f, 0x77, 0x6f, 0x72, 0x6b, 0x65, 0x72, 0x73, 0x2f, 0x64, 0x65, 0x73, 0x63, 0x72, 0x69,
	0x62, 0x65, 0x2f, 0x7b, 0x77, 0x6f, 0x72, 0x6b, 0x65, 0x72, 0x5f, 0x69, 0x6e, 0x73, 0x74, 0x61,
	0x6e, 0x63, 0x65, 0x5f, 0x6b, 0x65, 0x79, 0x7d, 0x12, 0x3e, 0x2f, 0x6e, 0x61, 0x6d, 0x65, 0x73,
	0x70, 0x61, 0x63, 0x65, 0x73, 0x2f, 0x7b, 0x6e, 0x61, 0x6d, 0x65, 0x73, 0x70, 0x61, 0x63, 0x65,
	0x7d, 0x2f, 0x77, 0x6f, 0x72, 0x6b, 0x65, 0x72, 0x73, 0x2f, 0x64, 0x65, 0x73, 0x63, 0x72, 0x69,
	0x62, 0x65, 0x2f, 0x7b, 0x77, 0x6f, 0x72, 0x6b, 0x65, 0x72, 0x5f, 0x69, 0x6e, 0x73, 0x74, 0x61,
	0x6e, 0x63, 0x65, 0x5f, 0x6b, 0x65, 0x79, 0x7d, 0x12, 0xd2, 0x02, 0x0a, 0x16, 0x50, 0x61, 0x75,
	0x73, 0x65, 0x57, 0x6f, 0x72, 0x6b, 0x66, 0x6c, 0x6f, 0x77, 0x45, 0x78, 0x65, 0x63, 0x75, 0x74,
	0x69, 0x6f, 0x6e, 0x12, 0x3e, 0x2e, 0x74, 0x65, 0x6d, 0x70, 0x6f, 0x72, 0x61, 0x6c, 0x2e, 0x61,
	0x70, 0x69, 0x2e, 0x77, 0x6f, 0x72, 0x6b, 0x66, 0x6c, 0x6f, 0x77, 0x73, 0x65, 0x72, 0x76, 0x69,
	0x63, 0x65, 0x2e, 0x76, 0x31, 0x2e, 0x50, 0x61, 0x75, 0x73, 0x65, 0x57, 0x6f, 0x72, 0x6b, 0x66,
	0x6c, 0x6f, 0x77, 0x45, 0x78, 0x65, 0x63, 0x75, 0x74, 0x69, 0x6f, 0x6e, 0x52, 0x65, 0x71, 0x75,
	0x65, 0x73, 0x74, 0x1a, 0x3f, 0x2e, 0x74, 0x65, 0x6d, 0x70, 0x6f, 0x72, 0x61, 0x6c, 0x2e, 0x61,
	0x70, 0x69, 0x2e, 0x77, 0x6f, 0x72, 0x6b, 0x66, 0x6c, 0x6f, 0x77, 0x73, 0x65, 0x72, 0x76, 0x69,
	0x63, 0x65, 0x2e, 0x76, 0x31, 0x2e, 0x50, 0x61, 0x75, 0x73, 0x65, 0x57, 0x6f, 0x72, 0x6b, 0x66,
	0x6c, 0x6f, 0x77, 0x45, 0x78, 0x65, 0x63, 0x75, 0x74, 0x69, 0x6f, 0x6e, 0x52, 0x65, 0x73, 0x70,
	0x6f, 0x6e, 0x73, 0x65, 0x22, 0xb6, 0x01, 0x8a, 0x9d, 0xcc, 0x1b, 0x2e, 0x0a, 0x14, 0x74, 0x65,
	0x6d, 0x70, 0x6f, 0x72, 0x61, 0x6c, 0x2d, 0x72, 0x65, 0x73, 0x6f, 0x75, 0x72, 0x63, 0x65, 0x2d,
	0x69, 0x64, 0x12, 0x16, 0x77, 0x6f, 0x72, 0x6b, 0x66, 0x6c, 0x6f, 0x77, 0x3a, 0x7b, 0x77, 0x6f,
	0x72, 0x6b, 0x66, 0x6c, 0x6f, 0x77, 0x5f, 0x69, 0x64, 0x7d, 0x82, 0xd3, 0xe4, 0x93, 0x02, 0x7d,
	0x3a, 0x01, 0x2a, 0x5a, 0x41, 0x3a, 0x01, 0x2a, 0x22, 0x3c, 0x2f, 0x61, 0x70, 0x69, 0x2f, 0x76,
	0x31, 0x2f, 0x6e, 0x61, 0x6d, 0x65, 0x73, 0x70, 0x61, 0x63, 0x65, 0x73, 0x2f, 0x7b, 0x6e, 0x61,
	0x6d, 0x65, 0x73, 0x70, 0x61, 0x63, 0x65, 0x7d, 0x2f, 0x77, 0x6f, 0x72, 0x6b, 0x66, 0x6c, 0x6f,
	0x77, 0x73, 0x2f, 0x7b, 0x77, 0x6f, 0x72, 0x6b, 0x66, 0x6c, 0x6f, 0x77, 0x5f, 0x69, 0x64, 0x7d,
	0x2f, 0x70, 0x61, 0x75, 0x73, 0x65, 0x22, 0x35, 0x2f, 0x6e, 0x61, 0x6d, 0x65, 0x73, 0x70, 0x61,
	0x63, 0x65, 0x73, 0x2f, 0x7b, 0x6e, 0x61, 0x6d, 0x65, 0x73, 0x70, 0x61, 0x63, 0x65, 0x7d, 0x2f,
	0x77, 0x6f, 0x72, 0x6b, 0x66, 0x6c, 0x6f, 0x77, 0x73, 0x2f, 0x7b, 0x77, 0x6f, 0x72, 0x6b, 0x66,
	0x6c, 0x6f, 0x77, 0x5f, 0x69, 0x64, 0x7d, 0x2f, 0x70, 0x61, 0x75, 0x73, 0x65, 0x12, 0xdd, 0x02,
	0x0a, 0x18, 0x55, 0x6e, 0x70, 0x61, 0x75, 0x73, 0x65, 0x57, 0x6f, 0x72, 0x6b, 0x66, 0x6c, 0x6f,
	0x77, 0x45, 0x78, 0x65, 0x63, 0x75, 0x74, 0x69, 0x6f, 0x6e, 0x12, 0x40, 0x2e, 0x74, 0x65, 0x6d,
	0x70, 0x6f, 0x72, 0x61, 0x6c, 0x2e, 0x61, 0x70, 0x69, 0x2e, 0x77, 0x6f, 0x72, 0x6b, 0x66, 0x6c,
	0x6f, 0x77, 0x73, 0x65, 0x72, 0x76, 0x69, 0x63, 0x65, 0x2e, 0x76, 0x31, 0x2e, 0x55, 0x6e, 0x70,
	0x61, 0x75, 0x73, 0x65, 0x57, 0x6f, 0x72, 0x6b, 0x66, 0x6c, 0x6f, 0x77, 0x45, 0x78, 0x65, 0x63,
	0x75, 0x74, 0x69, 0x6f, 0x6e, 0x52, 0x65, 0x71, 0x75, 0x65, 0x73, 0x74, 0x1a, 0x41, 0x2e, 0x74,
	0x65, 0x6d, 0x70, 0x6f, 0x72, 0x61, 0x6c, 0x2e, 0x61, 0x70, 0x69, 0x2e, 0x77, 0x6f, 0x72, 0x6b,
	0x66, 0x6c, 0x6f, 0x77, 0x73, 0x65, 0x72, 0x76, 0x69, 0x63, 0x65, 0x2e, 0x76, 0x31, 0x2e, 0x55,
	0x6e, 0x70, 0x61, 0x75, 0x73, 0x65, 0x57, 0x6f, 0x72, 0x6b, 0x66, 0x6c, 0x6f, 0x77, 0x45, 0x78,
	0x65, 0x63, 0x75, 0x74, 0x69, 0x6f, 0x6e, 0x52, 0x65, 0x73, 0x70, 0x6f, 0x6e, 0x73, 0x65, 0x22,
	0xbb, 0x01, 0x8a, 0x9d, 0xcc, 0x1b, 0x2e, 0x0a, 0x14, 0x74, 0x65, 0x6d, 0x70, 0x6f, 0x72, 0x61,
	0x6c, 0x2d, 0x72, 0x65, 0x73, 0x6f, 0x75, 0x72, 0x63, 0x65, 0x2d, 0x69, 0x64, 0x12, 0x16, 0x77,
	0x6f, 0x72, 0x6b, 0x66, 0x6c, 0x6f, 0x77, 0x3a, 0x7b, 0x77, 0x6f, 0x72, 0x6b, 0x66, 0x6c, 0x6f,
	0x77, 0x5f, 0x69, 0x64, 0x7d, 0x82, 0xd3, 0xe4, 0x93, 0x02, 0x81, 0x01, 0x3a, 0x01, 0x2a, 0x5a,
	0x43, 0x3a, 0x01, 0x2a, 0x22, 0x3e, 0x2f, 0x61, 0x70, 0x69, 0x2f, 0x76, 0x31, 0x2f, 0x6e, 0x61,
	0x6d, 0x65, 0x73, 0x70, 0x61, 0x63, 0x65, 0x73, 0x2f, 0x7b, 0x6e, 0x61, 0x6d, 0x65, 0x73, 0x70,
	0x61, 0x63, 0x65, 0x7d, 0x2f, 0x77, 0x6f, 0x72, 0x6b, 0x66, 0x6c, 0x6f, 0x77, 0x73, 0x2f, 0x7b,
	0x77, 0x6f, 0x72, 0x6b, 0x66, 0x6c, 0x6f, 0x77, 0x5f, 0x69, 0x64, 0x7d, 0x2f, 0x75, 0x6e, 0x70,
	0x61, 0x75, 0x73, 0x65, 0x22, 0x37, 0x2f, 0x6e, 0x61, 0x6d, 0x65, 0x73, 0x70, 0x61, 0x63, 0x65,
	0x73, 0x2f, 0x7b, 0x6e, 0x61, 0x6d, 0x65, 0x73, 0x70, 0x61, 0x63, 0x65, 0x7d, 0x2f, 0x77, 0x6f,
	0x72, 0x6b, 0x66, 0x6c, 0x6f, 0x77, 0x73, 0x2f, 0x7b, 0x77, 0x6f, 0x72, 0x6b, 0x66, 0x6c, 0x6f,
	0x77, 0x5f, 0x69, 0x64, 0x7d, 0x2f, 0x75, 0x6e, 0x70, 0x61, 0x75, 0x73, 0x65, 0x12, 0xc8, 0x02,
	0x0a, 0x16, 0x53, 0x74, 0x61, 0x72, 0x74, 0x41, 0x63, 0x74, 0x69, 0x76, 0x69, 0x74, 0x79, 0x45,
	0x78, 0x65, 0x63, 0x75, 0x74, 0x69, 0x6f, 0x6e, 0x12, 0x3e, 0x2e, 0x74, 0x65, 0x6d, 0x70, 0x6f,
	0x72, 0x61, 0x6c, 0x2e, 0x61, 0x70, 0x69, 0x2e, 0x77, 0x6f, 0x72, 0x6b, 0x66, 0x6c, 0x6f, 0x77,
	0x73, 0x65, 0x72, 0x76, 0x69, 0x63, 0x65, 0x2e, 0x76, 0x31, 0x2e, 0x53, 0x74, 0x61, 0x72, 0x74,
	0x41, 0x63, 0x74, 0x69, 0x76, 0x69, 0x74, 0x79, 0x45, 0x78, 0x65, 0x63, 0x75, 0x74, 0x69, 0x6f,
	0x6e, 0x52, 0x65, 0x71, 0x75, 0x65, 0x73, 0x74, 0x1a, 0x3f, 0x2e, 0x74, 0x65, 0x6d, 0x70, 0x6f,
	0x72, 0x61, 0x6c, 0x2e, 0x61, 0x70, 0x69, 0x2e, 0x77, 0x6f, 0x72, 0x6b, 0x66, 0x6c, 0x6f, 0x77,
	0x73, 0x65, 0x72, 0x76, 0x69, 0x63, 0x65, 0x2e, 0x76, 0x31, 0x2e, 0x53, 0x74, 0x61, 0x72, 0x74,
	0x41, 0x63, 0x74, 0x69, 0x76, 0x69, 0x74, 0x79, 0x45, 0x78, 0x65, 0x63, 0x75, 0x74, 0x69, 0x6f,
	0x6e, 0x52, 0x65, 0x73, 0x70, 0x6f, 0x6e, 0x73, 0x65, 0x22, 0xac, 0x01, 0x8a, 0x9d, 0xcc, 0x1b,
	0x2e, 0x0a, 0x14, 0x74, 0x65, 0x6d, 0x70, 0x6f, 0x72, 0x61, 0x6c, 0x2d, 0x72, 0x65, 0x73, 0x6f,
	0x75, 0x72, 0x63, 0x65, 0x2d, 0x69, 0x64, 0x12, 0x16, 0x61, 0x63, 0x74, 0x69, 0x76, 0x69, 0x74,
	0x79, 0x3a, 0x7b, 0x61, 0x63, 0x74, 0x69, 0x76, 0x69, 0x74, 0x79, 0x5f, 0x69, 0x64, 0x7d, 0x82,
	0xd3, 0xe4, 0x93, 0x02, 0x73, 0x3a, 0x01, 0x2a, 0x5a, 0x3c, 0x3a, 0x01, 0x2a, 0x22, 0x37, 0x2f,
	0x61, 0x70, 0x69, 0x2f, 0x76, 0x31, 0x2f, 0x6e, 0x61, 0x6d, 0x65, 0x73, 0x70, 0x61, 0x63, 0x65,
	0x73, 0x2f, 0x7b, 0x6e, 0x61, 0x6d, 0x65, 0x73, 0x70, 0x61, 0x63, 0x65, 0x7d, 0x2f, 0x61, 0x63,
	0x74, 0x69, 0x76, 0x69, 0x74, 0x69, 0x65, 0x73, 0x2f, 0x7b, 0x61, 0x63, 0x74, 0x69, 0x76, 0x69,
	0x74, 0x79, 0x5f, 0x69, 0x64, 0x7d, 0x22, 0x30, 0x2f, 0x6e, 0x61, 0x6d, 0x65, 0x73, 0x70, 0x61,
	0x63, 0x65, 0x73, 0x2f, 0x7b, 0x6e, 0x61, 0x6d, 0x65, 0x73, 0x70, 0x61, 0x63, 0x65, 0x7d, 0x2f,
	0x61, 0x63, 0x74, 0x69, 0x76, 0x69, 0x74, 0x69, 0x65, 0x73, 0x2f, 0x7b, 0x61, 0x63, 0x74, 0x69,
	0x76, 0x69, 0x74, 0x79, 0x5f, 0x69, 0x64, 0x7d, 0x12, 0xb6, 0x02, 0x0a, 0x1c, 0x53, 0x74, 0x61,
	0x72, 0x74, 0x4e, 0x65, 0x78, 0x75, 0x73, 0x4f, 0x70, 0x65, 0x72, 0x61, 0x74, 0x69, 0x6f, 0x6e,
	0x45, 0x78, 0x65, 0x63, 0x75, 0x74, 0x69, 0x6f, 0x6e, 0x12, 0x44, 0x2e, 0x74, 0x65, 0x6d, 0x70,
	0x6f, 0x72, 0x61, 0x6c, 0x2e, 0x61, 0x70, 0x69, 0x2e, 0x77, 0x6f, 0x72, 0x6b, 0x66, 0x6c, 0x6f,
	0x77, 0x73, 0x65, 0x72, 0x76, 0x69, 0x63, 0x65, 0x2e, 0x76, 0x31, 0x2e, 0x53, 0x74, 0x61, 0x72,
	0x74, 0x4e, 0x65, 0x78, 0x75, 0x73, 0x4f, 0x70, 0x65, 0x72, 0x61, 0x74, 0x69, 0x6f, 0x6e, 0x45,
	0x78, 0x65, 0x63, 0x75, 0x74, 0x69, 0x6f, 0x6e, 0x52, 0x65, 0x71, 0x75, 0x65, 0x73, 0x74, 0x1a,
	0x45, 0x2e, 0x74, 0x65, 0x6d, 0x70, 0x6f, 0x72, 0x61, 0x6c, 0x2e, 0x61, 0x70, 0x69, 0x2e, 0x77,
	0x6f, 0x72, 0x6b, 0x66, 0x6c, 0x6f, 0x77, 0x73, 0x65, 0x72, 0x76, 0x69, 0x63, 0x65, 0x2e, 0x76,
	0x31, 0x2e, 0x53, 0x74, 0x61, 0x72, 0x74, 0x4e, 0x65, 0x78, 0x75, 0x73, 0x4f, 0x70, 0x65, 0x72,
	0x61, 0x74, 0x69, 0x6f, 0x6e, 0x45, 0x78, 0x65, 0x63, 0x75, 0x74, 0x69, 0x6f, 0x6e, 0x52, 0x65,
	0x73, 0x70, 0x6f, 0x6e, 0x73, 0x65, 0x22, 0x88, 0x01, 0x82, 0xd3, 0xe4, 0x93, 0x02, 0x81, 0x01,
	0x3a, 0x01, 0x2a, 0x5a, 0x43, 0x3a, 0x01, 0x2a, 0x22, 0x3e, 0x2f, 0x61, 0x70, 0x69, 0x2f, 0x76,
	0x31, 0x2f, 0x6e, 0x61, 0x6d, 0x65, 0x73, 0x70, 0x61, 0x63, 0x65, 0x73, 0x2f, 0x7b, 0x6e, 0x61,
	0x6d, 0x65, 0x73, 0x70, 0x61, 0x63, 0x65, 0x7d, 0x2f, 0x6e, 0x65, 0x78, 0x75, 0x73, 0x2d, 0x6f,
	0x70, 0x65, 0x72, 0x61, 0x74, 0x69, 0x6f, 0x6e, 0x73, 0x2f, 0x7b, 0x6f, 0x70, 0x65, 0x72, 0x61,
	0x74, 0x69, 0x6f, 0x6e, 0x5f, 0x69, 0x64, 0x7d, 0x22, 0x37, 0x2f, 0x6e, 0x61, 0x6d, 0x65, 0x73,
	0x70, 0x61, 0x63, 0x65, 0x73, 0x2f, 0x7b, 0x6e, 0x61, 0x6d, 0x65, 0x73, 0x70, 0x61, 0x63, 0x65,
	0x7d, 0x2f, 0x6e, 0x65, 0x78, 0x75, 0x73, 0x2d, 0x6f, 0x70, 0x65, 0x72, 0x61, 0x74, 0x69, 0x6f,
	0x6e, 0x73, 0x2f, 0x7b, 0x6f, 0x70, 0x65, 0x72, 0x61, 0x74, 0x69, 0x6f, 0x6e, 0x5f, 0x69, 0x64,
	0x7d, 0x12, 0xcb, 0x02, 0x0a, 0x19, 0x44, 0x65, 0x73, 0x63, 0x72, 0x69, 0x62, 0x65, 0x41, 0x63,
	0x74, 0x69, 0x76, 0x69, 0x74, 0x79, 0x45, 0x78, 0x65, 0x63, 0x75, 0x74, 0x69, 0x6f, 0x6e, 0x12,
	0x41, 0x2e, 0x74, 0x65, 0x6d, 0x70, 0x6f, 0x72, 0x61, 0x6c, 0x2e, 0x61, 0x70, 0x69, 0x2e, 0x77,
	0x6f, 0x72, 0x6b, 0x66, 0x6c, 0x6f, 0x77, 0x73, 0x65, 0x72, 0x76, 0x69, 0x63, 0x65, 0x2e, 0x76,
	0x31, 0x2e, 0x44, 0x65, 0x73, 0x63, 0x72, 0x69, 0x62, 0x65, 0x41, 0x63, 0x74, 0x69, 0x76, 0x69,
	0x74, 0x79, 0x45, 0x78, 0x65, 0x63, 0x75, 0x74, 0x69, 0x6f, 0x6e, 0x52, 0x65, 0x71, 0x75, 0x65,
	0x73, 0x74, 0x1a, 0x42, 0x2e, 0x74, 0x65, 0x6d, 0x70, 0x6f, 0x72, 0x61, 0x6c, 0x2e, 0x61, 0x70,
	0x69, 0x2e, 0x77, 0x6f, 0x72, 0x6b, 0x66, 0x6c, 0x6f, 0x77, 0x73, 0x65, 0x72, 0x76, 0x69, 0x63,
	0x65, 0x2e, 0x76, 0x31, 0x2e, 0x44, 0x65, 0x73, 0x63, 0x72, 0x69, 0x62, 0x65, 0x41, 0x63, 0x74,
	0x69, 0x76, 0x69, 0x74, 0x79, 0x45, 0x78, 0x65, 0x63, 0x75, 0x74, 0x69, 0x6f, 0x6e, 0x52, 0x65,
	0x73, 0x70, 0x6f, 0x6e, 0x73, 0x65, 0x22, 0xa6, 0x01, 0x8a, 0x9d, 0xcc, 0x1b, 0x2e, 0x0a, 0x14,
	0x74, 0x65, 0x6d, 0x70, 0x6f, 0x72, 0x61, 0x6c, 0x2d, 0x72, 0x65, 0x73, 0x6f, 0x75, 0x72, 0x63,
	0x65, 0x2d, 0x69, 0x64, 0x12, 0x16, 0x61, 0x63, 0x74, 0x69, 0x76, 0x69, 0x74, 0x79, 0x3a, 0x7b,
	0x61, 0x63, 0x74, 0x69, 0x76, 0x69, 0x74, 0x79, 0x5f, 0x69, 0x64, 0x7d, 0x82, 0xd3, 0xe4, 0x93,
	0x02, 0x6d, 0x5a, 0x39, 0x12, 0x37, 0x2f, 0x61, 0x70, 0x69, 0x2f, 0x76, 0x31, 0x2f, 0x6e, 0x61,
	0x6d, 0x65, 0x73, 0x70, 0x61, 0x63, 0x65, 0x73, 0x2f, 0x7b, 0x6e, 0x61, 0x6d, 0x65, 0x73, 0x70,
	0x61, 0x63, 0x65, 0x7d, 0x2f, 0x61, 0x63, 0x74, 0x69, 0x76, 0x69, 0x74, 0x69, 0x65, 0x73, 0x2f,
	0x7b, 0x61, 0x63, 0x74, 0x69, 0x76, 0x69, 0x74, 0x79, 0x5f, 0x69, 0x64, 0x7d, 0x12, 0x30, 0x2f,
	0x6e, 0x61, 0x6d, 0x65, 0x73, 0x70, 0x61, 0x63, 0x65, 0x73, 0x2f, 0x7b, 0x6e, 0x61, 0x6d, 0x65,
	0x73, 0x70, 0x61, 0x63, 0x65, 0x7d, 0x2f, 0x61, 0x63, 0x74, 0x69, 0x76, 0x69, 0x74, 0x69, 0x65,
	0x73, 0x2f, 0x7b, 0x61, 0x63, 0x74, 0x69, 0x76, 0x69, 0x74, 0x79, 0x5f, 0x69, 0x64, 0x7d, 0x12,
	0xb8, 0x02, 0x0a, 0x1f, 0x44, 0x65, 0x73, 0x63, 0x72, 0x69, 0x62, 0x65, 0x4e, 0x65, 0x78, 0x75,
	0x73, 0x4f, 0x70, 0x65, 0x72, 0x61, 0x74, 0x69, 0x6f, 0x6e, 0x45, 0x78, 0x65, 0x63, 0x75, 0x74,
	0x69, 0x6f, 0x6e, 0x12, 0x47, 0x2e, 0x74, 0x65, 0x6d, 0x70, 0x6f, 0x72, 0x61, 0x6c, 0x2e, 0x61,
	0x70, 0x69, 0x2e, 0x77, 0x6f, 0x72, 0x6b, 0x66, 0x6c, 0x6f, 0x77, 0x73, 0x65, 0x72, 0x76, 0x69,
	0x63, 0x65, 0x2e, 0x76, 0x31, 0x2e, 0x44, 0x65, 0x73, 0x63, 0x72, 0x69, 0x62, 0x65, 0x4e, 0x65,
	0x78, 0x75, 0x73, 0x4f, 0x70, 0x65, 0x72, 0x61, 0x74, 0x69, 0x6f, 0x6e, 0x45, 0x78, 0x65, 0x63,
	0x75, 0x74, 0x69, 0x6f, 0x6e, 0x52, 0x65, 0x71, 0x75, 0x65, 0x73, 0x74, 0x1a, 0x48, 0x2e, 0x74,
	0x65, 0x6d, 0x70, 0x6f, 0x72, 0x61, 0x6c, 0x2e, 0x61, 0x70, 0x69, 0x2e, 0x77, 0x6f, 0x72, 0x6b,
	0x66, 0x6c, 0x6f, 0x77, 0x73, 0x65, 0x72, 0x76, 0x69, 0x63, 0x65, 0x2e, 0x76, 0x31, 0x2e, 0x44,
	0x65, 0x73, 0x63, 0x72, 0x69, 0x62, 0x65, 0x4e, 0x65, 0x78, 0x75, 0x73, 0x4f, 0x70, 0x65, 0x72,
	0x61, 0x74, 0x69, 0x6f, 0x6e, 0x45, 0x78, 0x65, 0x63, 0x75, 0x74, 0x69, 0x6f, 0x6e, 0x52, 0x65,
	0x73, 0x70, 0x6f, 0x6e, 0x73, 0x65, 0x22, 0x81, 0x01, 0x82, 0xd3, 0xe4, 0x93, 0x02, 0x7b, 0x5a,
	0x40, 0x12, 0x3e, 0x2f, 0x61, 0x70, 0x69, 0x2f, 0x76, 0x31, 0x2f, 0x6e, 0x61, 0x6d, 0x65, 0x73,
	0x70, 0x61, 0x63, 0x65, 0x73, 0x2f, 0x7b, 0x6e, 0x61, 0x6d, 0x65, 0x73, 0x70, 0x61, 0x63, 0x65,
	0x7d, 0x2f, 0x6e, 0x65, 0x78, 0x75, 0x73, 0x2d, 0x6f, 0x70, 0x65, 0x72, 0x61, 0x74, 0x69, 0x6f,
	0x6e, 0x73, 0x2f, 0x7b, 0x6f, 0x70, 0x65, 0x72, 0x61, 0x74, 0x69, 0x6f, 0x6e, 0x5f, 0x69, 0x64,
	0x7d, 0x12, 0x37, 0x2f, 0x6e, 0x61, 0x6d, 0x65, 0x73, 0x70, 0x61, 0x63, 0x65, 0x73, 0x2f, 0x7b,
	0x6e, 0x61, 0x6d, 0x65, 0x73, 0x70, 0x61, 0x63, 0x65, 0x7d, 0x2f, 0x6e, 0x65, 0x78, 0x75, 0x73,
	0x2d, 0x6f, 0x70, 0x65, 0x72, 0x61, 0x74, 0x69, 0x6f, 0x6e, 0x73, 0x2f, 0x7b, 0x6f, 0x70, 0x65,
	0x72, 0x61, 0x74, 0x69, 0x6f, 0x6e, 0x5f, 0x69, 0x64, 0x7d, 0x12, 0xcf, 0x02, 0x0a, 0x15, 0x50,
	0x6f, 0x6c, 0x6c, 0x41, 0x63, 0x74, 0x69, 0x76, 0x69, 0x74, 0x79, 0x45, 0x78, 0x65, 0x63, 0x75,
	0x74, 0x69, 0x6f, 0x6e, 0x12, 0x3d, 0x2e, 0x74, 0x65, 0x6d, 0x70, 0x6f, 0x72, 0x61, 0x6c, 0x2e,
	0x61, 0x70, 0x69, 0x2e, 0x77, 0x6f, 0x72, 0x6b, 0x66, 0x6c, 0x6f, 0x77, 0x73, 0x65, 0x72, 0x76,
	0x69, 0x63, 0x65, 0x2e, 0x76, 0x31, 0x2e, 0x50, 0x6f, 0x6c, 0x6c, 0x41, 0x63, 0x74, 0x69, 0x76,
	0x69, 0x74, 0x79, 0x45, 0x78, 0x65, 0x63, 0x75, 0x74, 0x69, 0x6f, 0x6e, 0x52, 0x65, 0x71, 0x75,
	0x65, 0x73, 0x74, 0x1a, 0x3e, 0x2e, 0x74, 0x65, 0x6d, 0x70, 0x6f, 0x72, 0x61, 0x6c, 0x2e, 0x61,
	0x70, 0x69, 0x2e, 0x77, 0x6f, 0x72, 0x6b, 0x66, 0x6c, 0x6f, 0x77, 0x73, 0x65, 0x72, 0x76, 0x69,
	0x63, 0x65, 0x2e, 0x76, 0x31, 0x2e, 0x50, 0x6f, 0x6c, 0x6c, 0x41, 0x63, 0x74, 0x69, 0x76, 0x69,
	0x74, 0x79, 0x45, 0x78, 0x65, 0x63, 0x75, 0x74, 0x69, 0x6f, 0x6e, 0x52, 0x65, 0x73, 0x70, 0x6f,
	0x6e, 0x73, 0x65, 0x22, 0xb6, 0x01, 0x8a, 0x9d, 0xcc, 0x1b, 0x2e, 0x0a, 0x14, 0x74, 0x65, 0x6d,
	0x70, 0x6f, 0x72, 0x61, 0x6c, 0x2d, 0x72, 0x65, 0x73, 0x6f, 0x75, 0x72, 0x63, 0x65, 0x2d, 0x69,
	0x64, 0x12, 0x16, 0x61, 0x63, 0x74, 0x69, 0x76, 0x69, 0x74, 0x79, 0x3a, 0x7b, 0x61, 0x63, 0x74,
	0x69, 0x76, 0x69, 0x74, 0x79, 0x5f, 0x69, 0x64, 0x7d, 0x82, 0xd3, 0xe4, 0x93, 0x02, 0x7d, 0x5a,
	0x41, 0x12, 0x3f, 0x2f, 0x61, 0x70, 0x69, 0x2f, 0x76, 0x31, 0x2f, 0x6e, 0x61, 0x6d, 0x65, 0x73,
	0x70, 0x61, 0x63, 0x65, 0x73, 0x2f, 0x7b, 0x6e, 0x61, 0x6d, 0x65, 0x73, 0x70, 0x61, 0x63, 0x65,
	0x7d, 0x2f, 0x61, 0x63, 0x74, 0x69, 0x76, 0x69, 0x74, 0x69, 0x65, 0x73, 0x2f, 0x7b, 0x61, 0x63,
	0x74, 0x69, 0x76, 0x69, 0x74, 0x79, 0x5f, 0x69, 0x64, 0x7d, 0x2f, 0x6f, 0x75, 0x74, 0x63, 0x6f,
	0x6d, 0x65, 0x12, 0x38, 0x2f, 0x6e, 0x61, 0x6d, 0x65, 0x73, 0x70, 0x61, 0x63, 0x65, 0x73, 0x2f,
	0x7b, 0x6e, 0x61, 0x6d, 0x65, 0x73, 0x70, 0x61, 0x63, 0x65, 0x7d, 0x2f, 0x61, 0x63, 0x74, 0x69,
	0x76, 0x69, 0x74, 0x69, 0x65, 0x73, 0x2f, 0x7b, 0x61, 0x63, 0x74, 0x69, 0x76, 0x69, 0x74, 0x79,
	0x5f, 0x69, 0x64, 0x7d, 0x2f, 0x6f, 0x75, 0x74, 0x63, 0x6f, 0x6d, 0x65, 0x12, 0xb7, 0x02, 0x0a,
	0x1b, 0x50, 0x6f, 0x6c, 0x6c, 0x4e, 0x65, 0x78, 0x75, 0x73, 0x4f, 0x70, 0x65, 0x72, 0x61, 0x74,
	0x69, 0x6f, 0x6e, 0x45, 0x78, 0x65, 0x63, 0x75, 0x74, 0x69, 0x6f, 0x6e, 0x12, 0x43, 0x2e, 0x74,
	0x65, 0x6d, 0x70, 0x6f, 0x72, 0x61, 0x6c, 0x2e, 0x61, 0x70, 0x69, 0x2e, 0x77, 0x6f, 0x72, 0x6b,
	0x66, 0x6c, 0x6f, 0x77, 0x73, 0x65, 0x72, 0x76, 0x69, 0x63, 0x65, 0x2e, 0x76, 0x31, 0x2e, 0x50,
	0x6f, 0x6c, 0x6c, 0x4e, 0x65, 0x78, 0x75, 0x73, 0x4f, 0x70, 0x65, 0x72, 0x61, 0x74, 0x69, 0x6f,
	0x6e, 0x45, 0x78, 0x65, 0x63, 0x75, 0x74, 0x69, 0x6f, 0x6e, 0x52, 0x65, 0x71, 0x75, 0x65, 0x73,
	0x74, 0x1a, 0x44, 0x2e, 0x74, 0x65, 0x6d, 0x70, 0x6f, 0x72, 0x61, 0x6c, 0x2e, 0x61, 0x70, 0x69,
	0x2e, 0x77, 0x6f, 0x72, 0x6b, 0x66, 0x6c, 0x6f, 0x77, 0x73, 0x65, 0x72, 0x76, 0x69, 0x63, 0x65,
	0x2e, 0x76, 0x31, 0x2e, 0x50, 0x6f, 0x6c, 0x6c, 0x4e, 0x65, 0x78, 0x75, 0x73, 0x4f, 0x70, 0x65,
	0x72, 0x61, 0x74, 0x69, 0x6f, 0x6e, 0x45, 0x78, 0x65, 0x63, 0x75, 0x74, 0x69, 0x6f, 0x6e, 0x52,
	0x65, 0x73, 0x70, 0x6f, 0x6e, 0x73, 0x65, 0x22, 0x8c, 0x01, 0x82, 0xd3, 0xe4, 0x93, 0x02, 0x85,
	0x01, 0x5a, 0x45, 0x12, 0x43, 0x2f, 0x61, 0x70, 0x69, 0x2f, 0x76, 0x31, 0x2f, 0x6e, 0x61, 0x6d,
	0x65, 0x73, 0x70, 0x61, 0x63, 0x65, 0x73, 0x2f, 0x7b, 0x6e, 0x61, 0x6d, 0x65, 0x73, 0x70, 0x61,
	0x63, 0x65, 0x7d, 0x2f, 0x6e, 0x65, 0x78, 0x75, 0x73, 0x2d, 0x6f, 0x70, 0x65, 0x72, 0x61, 0x74,
	0x69, 0x6f, 0x6e, 0x73, 0x2f, 0x7b, 0x6f, 0x70, 0x65, 0x72, 0x61, 0x74, 0x69, 0x6f, 0x6e, 0x5f,
	0x69, 0x64, 0x7d, 0x2f, 0x70, 0x6f, 0x6c, 0x6c, 0x12, 0x3c, 0x2f, 0x6e, 0x61, 0x6d, 0x65, 0x73,
	0x70, 0x61, 0x63, 0x65, 0x73, 0x2f, 0x7b, 0x6e, 0x61, 0x6d, 0x65, 0x73, 0x70, 0x61, 0x63, 0x65,
	0x7d, 0x2f, 0x6e, 0x65, 0x78, 0x75, 0x73, 0x2d, 0x6f, 0x70, 0x65, 0x72, 0x61, 0x74, 0x69, 0x6f,
	0x6e, 0x73, 0x2f, 0x7b, 0x6f, 0x70, 0x65, 0x72, 0x61, 0x74, 0x69, 0x6f, 0x6e, 0x5f, 0x69, 0x64,
	0x7d, 0x2f, 0x70, 0x6f, 0x6c, 0x6c, 0x12, 0xf2, 0x01, 0x0a, 0x16, 0x4c, 0x69, 0x73, 0x74, 0x41,
	0x63, 0x74, 0x69, 0x76, 0x69, 0x74, 0x79, 0x45, 0x78, 0x65, 0x63, 0x75, 0x74, 0x69, 0x6f, 0x6e,
	0x73, 0x12, 0x3e, 0x2e, 0x74, 0x65, 0x6d, 0x70, 0x6f, 0x72, 0x61, 0x6c, 0x2e, 0x61, 0x70, 0x69,
	0x2e, 0x77, 0x6f, 0x72, 0x6b, 0x66, 0x6c, 0x6f, 0x77, 0x73, 0x65, 0x72, 0x76, 0x69, 0x63, 0x65,
	0x2e, 0x76, 0x31, 0x2e, 0x4c, 0x69, 0x73, 0x74, 0x41, 0x63, 0x74, 0x69, 0x76, 0x69, 0x74, 0x79,
	0x45, 0x78, 0x65, 0x63, 0x75, 0x74, 0x69, 0x6f, 0x6e, 0x73, 0x52, 0x65, 0x71, 0x75, 0x65, 0x73,
	0x74, 0x1a, 0x3f, 0x2e, 0x74, 0x65, 0x6d, 0x70, 0x6f, 0x72, 0x61, 0x6c, 0x2e, 0x61, 0x70, 0x69,
	0x2e, 0x77, 0x6f, 0x72, 0x6b, 0x66, 0x6c, 0x6f, 0x77, 0x73, 0x65, 0x72, 0x76, 0x69, 0x63, 0x65,
	0x2e, 0x76, 0x31, 0x2e, 0x4c, 0x69, 0x73, 0x74, 0x41, 0x63, 0x74, 0x69, 0x76, 0x69, 0x74, 0x79,
	0x45, 0x78, 0x65, 0x63, 0x75, 0x74, 0x69, 0x6f, 0x6e, 0x73, 0x52, 0x65, 0x73, 0x70, 0x6f, 0x6e,
	0x73, 0x65, 0x22, 0x57, 0x82, 0xd3, 0xe4, 0x93, 0x02, 0x51, 0x5a, 0x2b, 0x12, 0x29, 0x2f, 0x61,
	0x70, 0x69, 0x2f, 0x76, 0x31, 0x2f, 0x6e, 0x61, 0x6d, 0x65, 0x73, 0x70, 0x61, 0x63, 0x65, 0x73,
	0x2f, 0x7b, 0x6e, 0x61, 0x6d, 0x65, 0x73, 0x70, 0x61, 0x63, 0x65, 0x7d, 0x2f, 0x61, 0x63, 0x74,
	0x69, 0x76, 0x69, 0x74, 0x69, 0x65, 0x73, 0x12, 0x22, 0x2f, 0x6e, 0x61, 0x6d, 0x65, 0x73, 0x70,
	0x61, 0x63, 0x65, 0x73, 0x2f, 0x7b, 0x6e, 0x61, 0x6d, 0x65, 0x73, 0x70, 0x61, 0x63, 0x65, 0x7d,
	0x2f, 0x61, 0x63, 0x74, 0x69, 0x76, 0x69, 0x74, 0x69, 0x65, 0x73, 0x12, 0x90, 0x02, 0x0a, 0x1c,
	0x4c, 0x69, 0x73, 0x74, 0x4e, 0x65, 0x78, 0x75, 0x73, 0x4f, 0x70, 0x65, 0x72, 0x61, 0x74, 0x69,
	0x6f, 0x6e, 0x45, 0x78, 0x65, 0x63, 0x75, 0x74, 0x69, 0x6f, 0x6e, 0x73, 0x12, 0x44, 0x2e, 0x74,
	0x65, 0x6d, 0x70, 0x6f, 0x72, 0x61, 0x6c, 0x2e, 0x61, 0x70, 0x69, 0x2e, 0x77, 0x6f, 0x72, 0x6b,
	0x66, 0x6c, 0x6f, 0x77, 0x73, 0x65, 0x72, 0x76, 0x69, 0x63, 0x65, 0x2e, 0x76, 0x31, 0x2e, 0x4c,
	0x69, 0x73, 0x74, 0x4e, 0x65, 0x78, 0x75, 0x73, 0x4f, 0x70, 0x65, 0x72, 0x61, 0x74, 0x69, 0x6f,
	0x6e, 0x45, 0x78, 0x65, 0x63, 0x75, 0x74, 0x69, 0x6f, 0x6e, 0x73, 0x52, 0x65, 0x71, 0x75, 0x65,
	0x73, 0x74, 0x1a, 0x45, 0x2e, 0x74, 0x65, 0x6d, 0x70, 0x6f, 0x72, 0x61, 0x6c, 0x2e, 0x61, 0x70,
	0x69, 0x2e, 0x77, 0x6f, 0x72, 0x6b, 0x66, 0x6c, 0x6f, 0x77, 0x73, 0x65, 0x72, 0x76, 0x69, 0x63,
	0x65, 0x2e, 0x76, 0x31, 0x2e, 0x4c, 0x69, 0x73, 0x74, 0x4e, 0x65, 0x78, 0x75, 0x73, 0x4f, 0x70,
	0x65, 0x72, 0x61, 0x74, 0x69, 0x6f, 0x6e, 0x45, 0x78, 0x65, 0x63, 0x75, 0x74, 0x69, 0x6f, 0x6e,
	0x73, 0x52, 0x65, 0x73, 0x70, 0x6f, 0x6e, 0x73, 0x65, 0x22, 0x63, 0x82, 0xd3, 0xe4, 0x93, 0x02,
	0x5d, 0x5a, 0x31, 0x12, 0x2f, 0x2f, 0x61, 0x70, 0x69, 0x2f, 0x76, 0x31, 0x2f, 0x6e, 0x61, 0x6d,
	0x65, 0x73, 0x70, 0x61, 0x63, 0x65, 0x73, 0x2f, 0x7b, 0x6e, 0x61, 0x6d, 0x65, 0x73, 0x70, 0x61,
	0x63, 0x65, 0x7d, 0x2f, 0x6e, 0x65, 0x78, 0x75, 0x73, 0x2d, 0x6f, 0x70, 0x65, 0x72, 0x61, 0x74,
	0x69, 0x6f, 0x6e, 0x73, 0x12, 0x28, 0x2f, 0x6e, 0x61, 0x6d, 0x65, 0x73, 0x70, 0x61, 0x63, 0x65,
	0x73, 0x2f, 0x7b, 0x6e, 0x61, 0x6d, 0x65, 0x73, 0x70, 0x61, 0x63, 0x65, 0x7d, 0x2f, 0x6e, 0x65,
	0x78, 0x75, 0x73, 0x2d, 0x6f, 0x70, 0x65, 0x72, 0x61, 0x74, 0x69, 0x6f, 0x6e, 0x73, 0x12, 0xfd,
	0x01, 0x0a, 0x17, 0x43, 0x6f, 0x75, 0x6e, 0x74, 0x41, 0x63, 0x74, 0x69, 0x76, 0x69, 0x74, 0x79,
	0x45, 0x78, 0x65, 0x63, 0x75, 0x74, 0x69, 0x6f, 0x6e, 0x73, 0x12, 0x3f, 0x2e, 0x74, 0x65, 0x6d,
	0x70, 0x6f, 0x72, 0x61, 0x6c, 0x2e, 0x61, 0x70, 0x69, 0x2e, 0x77, 0x6f, 0x72, 0x6b, 0x66, 0x6c,
	0x6f, 0x77, 0x73, 0x65, 0x72, 0x76, 0x69, 0x63, 0x65, 0x2e, 0x76, 0x31, 0x2e, 0x43, 0x6f, 0x75,
	0x6e, 0x74, 0x41, 0x63, 0x74, 0x69, 0x76, 0x69, 0x74, 0x79, 0x45, 0x78, 0x65, 0x63, 0x75, 0x74,
	0x69, 0x6f, 0x6e, 0x73, 0x52, 0x65, 0x71, 0x75, 0x65, 0x73, 0x74, 0x1a, 0x40, 0x2e, 0x74, 0x65,
	0x6d, 0x70, 0x6f, 0x72, 0x61, 0x6c, 0x2e, 0x61, 0x70, 0x69, 0x2e, 0x77, 0x6f, 0x72, 0x6b, 0x66,
	0x6c, 0x6f, 0x77, 0x73, 0x65, 0x72, 0x76, 0x69, 0x63, 0x65, 0x2e, 0x76, 0x31, 0x2e, 0x43, 0x6f,
	0x75, 0x6e, 0x74, 0x41, 0x63, 0x74, 0x69, 0x76, 0x69, 0x74, 0x79, 0x45, 0x78, 0x65, 0x63, 0x75,
	0x74, 0x69, 0x6f, 0x6e, 0x73, 0x52, 0x65, 0x73, 0x70, 0x6f, 0x6e, 0x73, 0x65, 0x22, 0x5f, 0x82,
	0xd3, 0xe4, 0x93, 0x02, 0x59, 0x5a, 0x2f, 0x12, 0x2d, 0x2f, 0x61, 0x70, 0x69, 0x2f, 0x76, 0x31,
	0x2f, 0x6e, 0x61, 0x6d, 0x65, 0x73, 0x70, 0x61, 0x63, 0x65, 0x73, 0x2f, 0x7b, 0x6e, 0x61, 0x6d,
	0x65, 0x73, 0x70, 0x61, 0x63, 0x65, 0x7d, 0x2f, 0x61, 0x63, 0x74, 0x69, 0x76, 0x69, 0x74, 0x79,
	0x2d, 0x63, 0x6f, 0x75, 0x6e, 0x74, 0x12, 0x26, 0x2f, 0x6e, 0x61, 0x6d, 0x65, 0x73, 0x70, 0x61,
	0x63, 0x65, 0x73, 0x2f, 0x7b, 0x6e, 0x61, 0x6d, 0x65, 0x73, 0x70, 0x61, 0x63, 0x65, 0x7d, 0x2f,
	0x61, 0x63, 0x74, 0x69, 0x76, 0x69, 0x74, 0x79, 0x2d, 0x63, 0x6f, 0x75, 0x6e, 0x74, 0x12, 0x9d,
	0x02, 0x0a, 0x1d, 0x43, 0x6f, 0x75, 0x6e, 0x74, 0x4e, 0x65, 0x78, 0x75, 0x73, 0x4f, 0x70, 0x65,
	0x72, 0x61, 0x74, 0x69, 0x6f, 0x6e, 0x45, 0x78, 0x65, 0x63, 0x75, 0x74, 0x69, 0x6f, 0x6e, 0x73,
	0x12, 0x45, 0x2e, 0x74, 0x65, 0x6d, 0x70, 0x6f, 0x72, 0x61, 0x6c, 0x2e, 0x61, 0x70, 0x69, 0x2e,
	0x77, 0x6f, 0x72, 0x6b, 0x66, 0x6c, 0x6f, 0x77, 0x73, 0x65, 0x72, 0x76, 0x69, 0x63, 0x65, 0x2e,
	0x76, 0x31, 0x2e, 0x43, 0x6f, 0x75, 0x6e, 0x74, 0x4e, 0x65, 0x78, 0x75, 0x73, 0x4f, 0x70, 0x65,
	0x72, 0x61, 0x74, 0x69, 0x6f, 0x6e, 0x45, 0x78, 0x65, 0x63, 0x75, 0x74, 0x69, 0x6f, 0x6e, 0x73,
	0x52, 0x65, 0x71, 0x75, 0x65, 0x73, 0x74, 0x1a, 0x46, 0x2e, 0x74, 0x65, 0x6d, 0x70, 0x6f, 0x72,
	0x61, 0x6c, 0x2e, 0x61, 0x70, 0x69, 0x2e, 0x77, 0x6f, 0x72, 0x6b, 0x66, 0x6c, 0x6f, 0x77, 0x73,
	0x65, 0x72, 0x76, 0x69, 0x63, 0x65, 0x2e, 0x76, 0x31, 0x2e, 0x43, 0x6f, 0x75, 0x6e, 0x74, 0x4e,
	0x65, 0x78, 0x75, 0x73, 0x4f, 0x70, 0x65, 0x72, 0x61, 0x74, 0x69, 0x6f, 0x6e, 0x45, 0x78, 0x65,
	0x63, 0x75, 0x74, 0x69, 0x6f, 0x6e, 0x73, 0x52, 0x65, 0x73, 0x70, 0x6f, 0x6e, 0x73, 0x65, 0x22,
	0x6d, 0x82, 0xd3, 0xe4, 0x93, 0x02, 0x67, 0x5a, 0x36, 0x12, 0x34, 0x2f, 0x61, 0x70, 0x69, 0x2f,
	0x76, 0x31, 0x2f, 0x6e, 0x61, 0x6d, 0x65, 0x73, 0x70, 0x61, 0x63, 0x65, 0x73, 0x2f, 0x7b, 0x6e,
	0x61, 0x6d, 0x65, 0x73, 0x70, 0x61, 0x63, 0x65, 0x7d, 0x2f, 0x6e, 0x65, 0x78, 0x75, 0x73, 0x2d,
	0x6f, 0x70, 0x65, 0x72, 0x61, 0x74, 0x69, 0x6f, 0x6e, 0x2d, 0x63, 0x6f, 0x75, 0x6e, 0x74, 0x12,
	0x2d, 0x2f, 0x6e, 0x61, 0x6d, 0x65, 0x73, 0x70, 0x61, 0x63, 0x65, 0x73, 0x2f, 0x7b, 0x6e, 0x61,
	0x6d, 0x65, 0x73, 0x70, 0x61, 0x63, 0x65, 0x7d, 0x2f, 0x6e, 0x65, 0x78, 0x75, 0x73, 0x2d, 0x6f,
	0x70, 0x65, 0x72, 0x61, 0x74, 0x69, 0x6f, 0x6e, 0x2d, 0x63, 0x6f, 0x75, 0x6e, 0x74, 0x12, 0xef,
	0x02, 0x0a, 0x1e, 0x52, 0x65, 0x71, 0x75, 0x65, 0x73, 0x74, 0x43, 0x61, 0x6e, 0x63, 0x65, 0x6c,
	0x41, 0x63, 0x74, 0x69, 0x76, 0x69, 0x74, 0x79, 0x45, 0x78, 0x65, 0x63, 0x75, 0x74, 0x69, 0x6f,
	0x6e, 0x12, 0x46, 0x2e, 0x74, 0x65, 0x6d, 0x70, 0x6f, 0x72, 0x61, 0x6c, 0x2e, 0x61, 0x70, 0x69,
	0x2e, 0x77, 0x6f, 0x72, 0x6b, 0x66, 0x6c, 0x6f, 0x77, 0x73, 0x65, 0x72, 0x76, 0x69, 0x63, 0x65,
	0x2e, 0x76, 0x31, 0x2e, 0x52, 0x65, 0x71, 0x75, 0x65, 0x73, 0x74, 0x43, 0x61, 0x6e, 0x63, 0x65,
	0x6c, 0x41, 0x63, 0x74, 0x69, 0x76, 0x69, 0x74, 0x79, 0x45, 0x78, 0x65, 0x63, 0x75, 0x74, 0x69,
	0x6f, 0x6e, 0x52, 0x65, 0x71, 0x75, 0x65, 0x73, 0x74, 0x1a, 0x47, 0x2e, 0x74, 0x65, 0x6d, 0x70,
	0x6f, 0x72, 0x61, 0x6c, 0x2e, 0x61, 0x70, 0x69, 0x2e, 0x77, 0x6f, 0x72, 0x6b, 0x66, 0x6c, 0x6f,
	0x77, 0x73, 0x65, 0x72, 0x76, 0x69, 0x63, 0x65, 0x2e, 0x76, 0x31, 0x2e, 0x52, 0x65, 0x71, 0x75,
	0x65, 0x73, 0x74, 0x43, 0x61, 0x6e, 0x63, 0x65, 0x6c, 0x41, 0x63, 0x74, 0x69, 0x76, 0x69, 0x74,
	0x79, 0x45, 0x78, 0x65, 0x63, 0x75, 0x74, 0x69, 0x6f, 0x6e, 0x52, 0x65, 0x73, 0x70, 0x6f, 0x6e,
	0x73, 0x65, 0x22, 0xbb, 0x01, 0x8a, 0x9d, 0xcc, 0x1b, 0x2e, 0x0a, 0x14, 0x74, 0x65, 0x6d, 0x70,
	0x6f, 0x72, 0x61, 0x6c, 0x2d, 0x72, 0x65, 0x73, 0x6f, 0x75, 0x72, 0x63, 0x65, 0x2d, 0x69, 0x64,
	0x12, 0x16, 0x61, 0x63, 0x74, 0x69, 0x76, 0x69, 0x74, 0x79, 0x3a, 0x7b, 0x61, 0x63, 0x74, 0x69,
	0x76, 0x69, 0x74, 0x79, 0x5f, 0x69, 0x64, 0x7d, 0x82, 0xd3, 0xe4, 0x93, 0x02, 0x81, 0x01, 0x3a,
	0x01, 0x2a, 0x5a, 0x43, 0x3a, 0x01, 0x2a, 0x22, 0x3e, 0x2f, 0x61, 0x70, 0x69, 0x2f, 0x76, 0x31,
	0x2f, 0x6e, 0x61, 0x6d, 0x65, 0x73, 0x70, 0x61, 0x63, 0x65, 0x73, 0x2f, 0x7b, 0x6e, 0x61, 0x6d,
	0x65, 0x73, 0x70, 0x61, 0x63, 0x65, 0x7d, 0x2f, 0x61, 0x63, 0x74, 0x69, 0x76, 0x69, 0x74, 0x69,
	0x65, 0x73, 0x2f, 0x7b, 0x61, 0x63, 0x74, 0x69, 0x76, 0x69, 0x74, 0x79, 0x5f, 0x69, 0x64, 0x7d,
	0x2f, 0x63, 0x61, 0x6e, 0x63, 0x65, 0x6c, 0x22, 0x37, 0x2f, 0x6e, 0x61, 0x6d, 0x65, 0x73, 0x70,
	0x61, 0x63, 0x65, 0x73, 0x2f, 0x7b, 0x6e, 0x61, 0x6d, 0x65, 0x73, 0x70, 0x61, 0x63, 0x65, 0x7d,
	0x2f, 0x61, 0x63, 0x74, 0x69, 0x76, 0x69, 0x74, 0x69, 0x65, 0x73, 0x2f, 0x7b, 0x61, 0x63, 0x74,
	0x69, 0x76, 0x69, 0x74, 0x79, 0x5f, 0x69, 0x64, 0x7d, 0x2f, 0x63, 0x61, 0x6e, 0x63, 0x65, 0x6c,
	0x12, 0xdc, 0x02, 0x0a, 0x24, 0x52, 0x65, 0x71, 0x75, 0x65, 0x73, 0x74, 0x43, 0x61, 0x6e, 0x63,
	0x65, 0x6c, 0x4e, 0x65, 0x78, 0x75, 0x73, 0x4f, 0x70, 0x65, 0x72, 0x61, 0x74, 0x69, 0x6f, 0x6e,
	0x45, 0x78, 0x65, 0x63, 0x75, 0x74, 0x69, 0x6f, 0x6e, 0x12, 0x4c, 0x2e, 0x74, 0x65, 0x6d, 0x70,
	0x6f, 0x72, 0x61, 0x6c, 0x2e, 0x61, 0x70, 0x69, 0x2e, 0x77, 0x6f, 0x72, 0x6b, 0x66, 0x6c, 0x6f,
	0x77, 0x73, 0x65, 0x72, 0x76, 0x69, 0x63, 0x65, 0x2e, 0x76, 0x31, 0x2e, 0x52, 0x65, 0x71, 0x75,
	0x65, 0x73, 0x74, 0x43, 0x61, 0x6e, 0x63, 0x65, 0x6c, 0x4e, 0x65, 0x78, 0x75, 0x73, 0x4f, 0x70,
	0x65, 0x72, 0x61, 0x74, 0x69, 0x6f, 0x6e, 0x45, 0x78, 0x65, 0x63, 0x75, 0x74, 0x69, 0x6f, 0x6e,
	0x52, 0x65, 0x71, 0x75, 0x65, 0x73, 0x74, 0x1a, 0x4d, 0x2e, 0x74, 0x65, 0x6d, 0x70, 0x6f, 0x72,
	0x61, 0x6c, 0x2e, 0x61, 0x70, 0x69, 0x2e, 0x77, 0x6f, 0x72, 0x6b, 0x66, 0x6c, 0x6f, 0x77, 0x73,
	0x65, 0x72, 0x76, 0x69, 0x63, 0x65, 0x2e, 0x76, 0x31, 0x2e, 0x52, 0x65, 0x71, 0x75, 0x65, 0x73,
	0x74, 0x43, 0x61, 0x6e, 0x63, 0x65, 0x6c, 0x4e, 0x65, 0x78, 0x75, 0x73, 0x4f, 0x70, 0x65, 0x72,
	0x61, 0x74, 0x69, 0x6f, 0x6e, 0x45, 0x78, 0x65, 0x63, 0x75, 0x74, 0x69, 0x6f, 0x6e, 0x52, 0x65,
	0x73, 0x70, 0x6f, 0x6e, 0x73, 0x65, 0x22, 0x96, 0x01, 0x82, 0xd3, 0xe4, 0x93, 0x02, 0x8f, 0x01,
	0x3a, 0x01, 0x2a, 0x5a, 0x4a, 0x3a, 0x01, 0x2a, 0x22, 0x45, 0x2f, 0x61, 0x70, 0x69, 0x2f, 0x76,
	0x31, 0x2f, 0x6e, 0x61, 0x6d, 0x65, 0x73, 0x70, 0x61, 0x63, 0x65, 0x73, 0x2f, 0x7b, 0x6e, 0x61,
	0x6d, 0x65, 0x73, 0x70, 0x61, 0x63, 0x65, 0x7d, 0x2f, 0x6e, 0x65, 0x78, 0x75, 0x73, 0x2d, 0x6f,
	0x70, 0x65, 0x72, 0x61, 0x74, 0x69, 0x6f, 0x6e, 0x73, 0x2f, 0x7b, 0x6f, 0x70, 0x65, 0x72, 0x61,
	0x74, 0x69, 0x6f, 0x6e, 0x5f, 0x69, 0x64, 0x7d, 0x2f, 0x63, 0x61, 0x6e, 0x63, 0x65, 0x6c, 0x22,
	0x3e, 0x2f, 0x6e, 0x61, 0x6d, 0x65, 0x73, 0x70, 0x61, 0x63, 0x65, 0x73, 0x2f, 0x7b, 0x6e, 0x61,
	0x6d, 0x65, 0x73, 0x70, 0x61, 0x63, 0x65, 0x7d, 0x2f, 0x6e, 0x65, 0x78, 0x75, 0x73, 0x2d, 0x6f,
	0x70, 0x65, 0x72, 0x61, 0x74, 0x69, 0x6f, 0x6e, 0x73, 0x2f, 0x7b, 0x6f, 0x70, 0x65, 0x72, 0x61,
	0x74, 0x69, 0x6f, 0x6e, 0x5f, 0x69, 0x64, 0x7d, 0x2f, 0x63, 0x61, 0x6e, 0x63, 0x65, 0x6c, 0x12,
	0xe9, 0x02, 0x0a, 0x1a, 0x54, 0x65, 0x72, 0x6d, 0x69, 0x6e, 0x61, 0x74, 0x65, 0x41, 0x63, 0x74,
	0x69, 0x76, 0x69, 0x74, 0x79, 0x45, 0x78, 0x65, 0x63, 0x75, 0x74, 0x69, 0x6f, 0x6e, 0x12, 0x42,
	0x2e, 0x74, 0x65, 0x6d, 0x70, 0x6f, 0x72, 0x61, 0x6c, 0x2e, 0x61, 0x70, 0x69, 0x2e, 0x77, 0x6f,
	0x72, 0x6b, 0x66, 0x6c, 0x6f, 0x77, 0x73, 0x65, 0x72, 0x76, 0x69, 0x63, 0x65, 0x2e, 0x76, 0x31,
	0x2e, 0x54, 0x65, 0x72, 0x6d, 0x69, 0x6e, 0x61, 0x74, 0x65, 0x41, 0x63, 0x74, 0x69, 0x76, 0x69,
	0x74, 0x79, 0x45, 0x78, 0x65, 0x63, 0x75, 0x74, 0x69, 0x6f, 0x6e, 0x52, 0x65, 0x71, 0x75, 0x65,
	0x73, 0x74, 0x1a, 0x43, 0x2e, 0x74, 0x65, 0x6d, 0x70, 0x6f, 0x72, 0x61, 0x6c, 0x2e, 0x61, 0x70,
	0x69, 0x2e, 0x77, 0x6f, 0x72, 0x6b, 0x66, 0x6c, 0x6f, 0x77, 0x73, 0x65, 0x72, 0x76, 0x69, 0x63,
	0x65, 0x2e, 0x76, 0x31, 0x2e, 0x54, 0x65, 0x72, 0x6d, 0x69, 0x6e, 0x61, 0x74, 0x65, 0x41, 0x63,
	0x74, 0x69, 0x76, 0x69, 0x74, 0x79, 0x45, 0x78, 0x65, 0x63, 0x75, 0x74, 0x69, 0x6f, 0x6e, 0x52,
	0x65, 0x73, 0x70, 0x6f, 0x6e, 0x73, 0x65, 0x22, 0xc1, 0x01, 0x8a, 0x9d, 0xcc, 0x1b, 0x2e, 0x0a,
	0x14, 0x74, 0x65, 0x6d, 0x70, 0x6f, 0x72, 0x61, 0x6c, 0x2d, 0x72, 0x65, 0x73, 0x6f, 0x75, 0x72,
	0x63, 0x65, 0x2d, 0x69, 0x64, 0x12, 0x16, 0x61, 0x63, 0x74, 0x69, 0x76, 0x69, 0x74, 0x79, 0x3a,
	0x7b, 0x61, 0x63, 0x74, 0x69, 0x76, 0x69, 0x74, 0x79, 0x5f, 0x69, 0x64, 0x7d, 0x82, 0xd3, 0xe4,
	0x93, 0x02, 0x87, 0x01, 0x3a, 0x01, 0x2a, 0x5a, 0x46, 0x3a, 0x01, 0x2a, 0x22, 0x41, 0x2f, 0x61,
	0x70, 0x69, 0x2f, 0x76, 0x31, 0x2f, 0x6e, 0x61, 0x6d, 0x65, 0x73, 0x70, 0x61, 0x63, 0x65, 0x73,
	0x2f, 0x7b, 0x6e, 0x61, 0x6d, 0x65, 0x73, 0x70, 0x61, 0x63, 0x65, 0x7d, 0x2f, 0x61, 0x63, 0x74,
	0x69, 0x76, 0x69, 0x74, 0x69, 0x65, 0x73, 0x2f, 0x7b, 0x61, 0x63, 0x74, 0x69, 0x76, 0x69, 0x74,
	0x79, 0x5f, 0x69, 0x64, 0x7d, 0x2f, 0x74, 0x65, 0x72, 0x6d, 0x69, 0x6e, 0x61, 0x74, 0x65, 0x22,
	0x3a, 0x2f, 0x6e, 0x61, 0x6d, 0x65, 0x73, 0x70, 0x61, 0x63, 0x65, 0x73, 0x2f, 0x7b, 0x6e, 0x61,
	0x6d, 0x65, 0x73, 0x70, 0x61, 0x63, 0x65, 0x7d, 0x2f, 0x61, 0x63, 0x74, 0x69, 0x76, 0x69, 0x74,
	0x69, 0x65, 0x73, 0x2f, 0x7b, 0x61, 0x63, 0x74, 0x69, 0x76, 0x69, 0x74, 0x79, 0x5f, 0x69, 0x64,
	0x7d, 0x2f, 0x74, 0x65, 0x72, 0x6d, 0x69, 0x6e, 0x61, 0x74, 0x65, 0x12, 0x9e, 0x01, 0x0a, 0x17,
	0x44, 0x65, 0x6c, 0x65, 0x74, 0x65, 0x41, 0x63, 0x74, 0x69, 0x76, 0x69, 0x74, 0x79, 0x45, 0x78,
	0x65, 0x63, 0x75, 0x74, 0x69, 0x6f, 0x6e, 0x12, 0x3f, 0x2e, 0x74, 0x65, 0x6d, 0x70, 0x6f, 0x72,
	0x61, 0x6c, 0x2e, 0x61, 0x70, 0x69, 0x2e, 0x77, 0x6f, 0x72, 0x6b, 0x66, 0x6c, 0x6f, 0x77, 0x73,
	0x65, 0x72, 0x76, 0x69, 0x63, 0x65, 0x2e, 0x76, 0x31, 0x2e, 0x44, 0x65, 0x6c, 0x65, 0x74, 0x65,
	0x41, 0x63, 0x74, 0x69, 0x76, 0x69, 0x74, 0x79, 0x45, 0x78, 0x65, 0x63, 0x75, 0x74, 0x69, 0x6f,
	0x6e, 0x52, 0x65, 0x71, 0x75, 0x65, 0x73, 0x74, 0x1a, 0x40, 0x2e, 0x74, 0x65, 0x6d, 0x70, 0x6f,
	0x72, 0x61, 0x6c, 0x2e, 0x61, 0x70, 0x69, 0x2e, 0x77, 0x6f, 0x72, 0x6b, 0x66, 0x6c, 0x6f, 0x77,
	0x73, 0x65, 0x72, 0x76, 0x69, 0x63, 0x65, 0x2e, 0x76, 0x31, 0x2e, 0x44, 0x65, 0x6c, 0x65, 0x74,
	0x65, 0x41, 0x63, 0x74, 0x69, 0x76, 0x69, 0x74, 0x79, 0x45, 0x78, 0x65, 0x63, 0x75, 0x74, 0x69,
	0x6f, 0x6e, 0x52, 0x65, 0x73, 0x70, 0x6f, 0x6e, 0x73, 0x65, 0x22, 0x00, 0x12, 0xfd, 0x03, 0x0a,
	0x16, 0x50, 0x61, 0x75, 0x73, 0x65, 0x41, 0x63, 0x74, 0x69, 0x76, 0x69, 0x74, 0x79, 0x45, 0x78,
	0x65, 0x63, 0x75, 0x74, 0x69, 0x6f, 0x6e, 0x12, 0x3e, 0x2e, 0x74, 0x65, 0x6d, 0x70, 0x6f, 0x72,
	0x61, 0x6c, 0x2e, 0x61, 0x70, 0x69, 0x2e, 0x77, 0x6f, 0x72, 0x6b, 0x66, 0x6c, 0x6f, 0x77, 0x73,
	0x65, 0x72, 0x76, 0x69, 0x63, 0x65, 0x2e, 0x76, 0x31, 0x2e, 0x50, 0x61, 0x75, 0x73, 0x65, 0x41,
	0x63, 0x74, 0x69, 0x76, 0x69, 0x74, 0x79, 0x45, 0x78, 0x65, 0x63, 0x75, 0x74, 0x69, 0x6f, 0x6e,
	0x52, 0x65, 0x71, 0x75, 0x65, 0x73, 0x74, 0x1a, 0x3f, 0x2e, 0x74, 0x65, 0x6d, 0x70, 0x6f, 0x72,
	0x61, 0x6c, 0x2e, 0x61, 0x70, 0x69, 0x2e, 0x77, 0x6f, 0x72, 0x6b, 0x66, 0x6c, 0x6f, 0x77, 0x73,
	0x65, 0x72, 0x76, 0x69, 0x63, 0x65, 0x2e, 0x76, 0x31, 0x2e, 0x50, 0x61, 0x75, 0x73, 0x65, 0x41,
	0x63, 0x74, 0x69, 0x76, 0x69, 0x74, 0x79, 0x45, 0x78, 0x65, 0x63, 0x75, 0x74, 0x69, 0x6f, 0x6e,
	0x52, 0x65, 0x73, 0x70, 0x6f, 0x6e, 0x73, 0x65, 0x22, 0xe1, 0x02, 0x8a, 0x9d, 0xcc, 0x1b, 0x25,
	0x0a, 0x14, 0x74, 0x65, 0x6d, 0x70, 0x6f, 0x72, 0x61, 0x6c, 0x2d, 0x72, 0x65, 0x73, 0x6f, 0x75,
	0x72, 0x63, 0x65, 0x2d, 0x69, 0x64, 0x12, 0x0d, 0x7b, 0x72, 0x65, 0x73, 0x6f, 0x75, 0x72, 0x63,
	0x65, 0x5f, 0x69, 0x64, 0x7d, 0x82, 0xd3, 0xe4, 0x93, 0x02, 0xb0, 0x02, 0x3a, 0x01, 0x2a, 0x5a,
	0x42, 0x3a, 0x01, 0x2a, 0x22, 0x3d, 0x2f, 0x61, 0x70, 0x69, 0x2f, 0x76, 0x31, 0x2f, 0x6e, 0x61,
	0x6d, 0x65, 0x73, 0x70, 0x61, 0x63, 0x65, 0x73, 0x2f, 0x7b, 0x6e, 0x61, 0x6d, 0x65, 0x73, 0x70,
	0x61, 0x63, 0x65, 0x7d, 0x2f, 0x61, 0x63, 0x74, 0x69, 0x76, 0x69, 0x74, 0x69, 0x65, 0x73, 0x2f,
	0x7b, 0x61, 0x63, 0x74, 0x69, 0x76, 0x69, 0x74, 0x79, 0x5f, 0x69, 0x64, 0x7d, 0x2f, 0x70, 0x61,
	0x75, 0x73, 0x65, 0x5a, 0x53, 0x3a, 0x01, 0x2a, 0x22, 0x4e, 0x2f, 0x6e, 0x61, 0x6d, 0x65, 0x73,
	0x70, 0x61, 0x63, 0x65, 0x73, 0x2f, 0x7b, 0x6e, 0x61, 0x6d, 0x65, 0x73, 0x70, 0x61, 0x63, 0x65,
	0x7d, 0x2f, 0x77, 0x6f, 0x72, 0x6b, 0x66, 0x6c, 0x6f, 0x77, 0x73, 0x2f, 0x7b, 0x77, 0x6f, 0x72,
	0x6b, 0x66, 0x6c, 0x6f, 0x77, 0x5f, 0x69, 0x64, 0x7d, 0x2f, 0x61, 0x63, 0x74, 0x69, 0x76, 0x69,
	0x74, 0x69, 0x65, 0x73, 0x2f, 0x7b, 0x61, 0x63, 0x74, 0x69, 0x76, 0x69, 0x74, 0x79, 0x5f, 0x69,
	0x64, 0x7d, 0x2f, 0x70, 0x61, 0x75, 0x73, 0x65, 0x5a, 0x5a, 0x3a, 0x01, 0x2a, 0x22, 0x55, 0x2f,
	0x61, 0x70, 0x69, 0x2f, 0x76, 0x31, 0x2f, 0x6e, 0x61, 0x6d, 0x65, 0x73, 0x70, 0x61, 0x63, 0x65,
	0x73, 0x2f, 0x7b, 0x6e, 0x61, 0x6d, 0x65, 0x73, 0x70, 0x61, 0x63, 0x65, 0x7d, 0x2f, 0x77, 0x6f,
	0x72, 0x6b, 0x66, 0x6c, 0x6f, 0x77, 0x73, 0x2f, 0x7b, 0x77, 0x6f, 0x72, 0x6b, 0x66, 0x6c, 0x6f,
	0x77, 0x5f, 0x69, 0x64, 0x7d, 0x2f, 0x61, 0x63, 0x74, 0x69, 0x76, 0x69, 0x74, 0x69, 0x65, 0x73,
	0x2f, 0x7b, 0x61, 0x63, 0x74, 0x69, 0x76, 0x69, 0x74, 0x79, 0x5f, 0x69, 0x64, 0x7d, 0x2f, 0x70,
	0x61, 0x75, 0x73, 0x65, 0x22, 0x36, 0x2f, 0x6e, 0x61, 0x6d, 0x65, 0x73, 0x70, 0x61, 0x63, 0x65,
	0x73, 0x2f, 0x7b, 0x6e, 0x61, 0x6d, 0x65, 0x73, 0x70, 0x61, 0x63, 0x65, 0x7d, 0x2f, 0x61, 0x63,
	0x74, 0x69, 0x76, 0x69, 0x74, 0x69, 0x65, 0x73, 0x2f, 0x7b, 0x61, 0x63, 0x74, 0x69, 0x76, 0x69,
	0x74, 0x79, 0x5f, 0x69, 0x64, 0x7d, 0x2f, 0x70, 0x61, 0x75, 0x73, 0x65, 0x12, 0xfd, 0x03, 0x0a,
	0x16, 0x52, 0x65, 0x73, 0x65, 0x74, 0x41, 0x63, 0x74, 0x69, 0x76, 0x69, 0x74, 0x79, 0x45, 0x78,
	0x65, 0x63, 0x75, 0x74, 0x69, 0x6f, 0x6e, 0x12, 0x3e, 0x2e, 0x74, 0x65, 0x6d, 0x70, 0x6f, 0x72,
	0x61, 0x6c, 0x2e, 0x61, 0x70, 0x69, 0x2e, 0x77, 0x6f, 0x72, 0x6b, 0x66, 0x6c, 0x6f, 0x77, 0x73,
	0x65, 0x72, 0x76, 0x69, 0x63, 0x65, 0x2e, 0x76, 0x31, 0x2e, 0x52, 0x65, 0x73, 0x65, 0x74, 0x41,
	0x63, 0x74, 0x69, 0x76, 0x69, 0x74, 0x79, 0x45, 0x78, 0x65, 0x63, 0x75, 0x74, 0x69, 0x6f, 0x6e,
	0x52, 0x65, 0x71, 0x75, 0x65, 0x73, 0x74, 0x1a, 0x3f, 0x2e, 0x74, 0x65, 0x6d, 0x70, 0x6f, 0x72,
	0x61, 0x6c, 0x2e, 0x61, 0x70, 0x69, 0x2e, 0x77, 0x6f, 0x72, 0x6b, 0x66, 0x6c, 0x6f, 0x77, 0x73,
	0x65, 0x72, 0x76, 0x69, 0x63, 0x65, 0x2e, 0x76, 0x31, 0x2e, 0x52, 0x65, 0x73, 0x65, 0x74, 0x41,
	0x63, 0x74, 0x69, 0x76, 0x69, 0x74, 0x79, 0x45, 0x78, 0x65, 0x63, 0x75, 0x74, 0x69, 0x6f, 0x6e,
	0x52, 0x65, 0x73, 0x70, 0x6f, 0x6e, 0x73, 0x65, 0x22, 0xe1, 0x02, 0x8a, 0x9d, 0xcc, 0x1b, 0x25,
	0x0a, 0x14, 0x74, 0x65, 0x6d, 0x70, 0x6f, 0x72, 0x61, 0x6c, 0x2d, 0x72, 0x65, 0x73, 0x6f, 0x75,
	0x72, 0x63, 0x65, 0x2d, 0x69, 0x64, 0x12, 0x0d, 0x7b, 0x72, 0x65, 0x73, 0x6f, 0x75, 0x72, 0x63,
	0x65, 0x5f, 0x69, 0x64, 0x7d, 0x82, 0xd3, 0xe4, 0x93, 0x02, 0xb0, 0x02, 0x3a, 0x01, 0x2a, 0x5a,
	0x42, 0x3a, 0x01, 0x2a, 0x22, 0x3d, 0x2f, 0x61, 0x70, 0x69, 0x2f, 0x76, 0x31, 0x2f, 0x6e, 0x61,
	0x6d, 0x65, 0x73, 0x70, 0x61, 0x63, 0x65, 0x73, 0x2f, 0x7b, 0x6e, 0x61, 0x6d, 0x65, 0x73, 0x70,
	0x61, 0x63, 0x65, 0x7d, 0x2f, 0x61, 0x63, 0x74, 0x69, 0x76, 0x69, 0x74, 0x69, 0x65, 0x73, 0x2f,
	0x7b, 0x61, 0x63, 0x74, 0x69, 0x76, 0x69, 0x74, 0x79, 0x5f, 0x69, 0x64, 0x7d, 0x2f, 0x72, 0x65,
	0x73, 0x65, 0x74, 0x5a, 0x53, 0x3a, 0x01, 0x2a, 0x22, 0x4e, 0x2f, 0x6e, 0x61, 0x6d, 0x65, 0x73,
	0x70, 0x61, 0x63, 0x65, 0x73, 0x2f, 0x7b, 0x6e, 0x61, 0x6d, 0x65, 0x73, 0x70, 0x61, 0x63, 0x65,
	0x7d, 0x2f, 0x77, 0x6f, 0x72, 0x6b, 0x66, 0x6c, 0x6f, 0x77, 0x73, 0x2f, 0x7b, 0x77, 0x6f, 0x72,
	0x6b, 0x66, 0x6c, 0x6f, 0x77, 0x5f, 0x69, 0x64, 0x7d, 0x2f, 0x61, 0x63, 0x74, 0x69, 0x76, 0x69,
	0x74, 0x69, 0x65, 0x73, 0x2f, 0x7b, 0x61, 0x63, 0x74, 0x69, 0x76, 0x69, 0x74, 0x79, 0x5f, 0x69,
	0x64, 0x7d, 0x2f, 0x72, 0x65, 0x73, 0x65, 0x74, 0x5a, 0x5a, 0x3a, 0x01, 0x2a, 0x22, 0x55, 0x2f,
	0x61, 0x70, 0x69, 0x2f, 0x76, 0x31, 0x2f, 0x6e, 0x61, 0x6d, 0x65, 0x73, 0x70, 0x61, 0x63, 0x65,
	0x73, 0x2f, 0x7b, 0x6e, 0x61, 0x6d, 0x65, 0x73, 0x70, 0x61, 0x63, 0x65, 0x7d, 0x2f, 0x77, 0x6f,
	0x72, 0x6b, 0x66, 0x6c, 0x6f, 0x77, 0x73, 0x2f, 0x7b, 0x77, 0x6f, 0x72, 0x6b, 0x66, 0x6c, 0x6f,
	0x77, 0x5f, 0x69, 0x64, 0x7d, 0x2f, 0x61, 0x63, 0x74, 0x69, 0x76, 0x69, 0x74, 0x69, 0x65, 0x73,
	0x2f, 0x7b, 0x61, 0x63, 0x74, 0x69, 0x76, 0x69, 0x74, 0x79, 0x5f, 0x69, 0x64, 0x7d, 0x2f, 0x72,
	0x65, 0x73, 0x65, 0x74, 0x22, 0x36, 0x2f, 0x6e, 0x61, 0x6d, 0x65, 0x73, 0x70, 0x61, 0x63, 0x65,
	0x73, 0x2f, 0x7b, 0x6e, 0x61, 0x6d, 0x65, 0x73, 0x70, 0x61, 0x63, 0x65, 0x7d, 0x2f, 0x61, 0x63,
	0x74, 0x69, 0x76, 0x69, 0x74, 0x69, 0x65, 0x73, 0x2f, 0x7b, 0x61, 0x63, 0x74, 0x69, 0x76, 0x69,
	0x74, 0x79, 0x5f, 0x69, 0x64, 0x7d, 0x2f, 0x72, 0x65, 0x73, 0x65, 0x74, 0x12, 0x8b, 0x04, 0x0a,
	0x18, 0x55, 0x6e, 0x70, 0x61, 0x75, 0x73, 0x65, 0x41, 0x63, 0x74, 0x69, 0x76, 0x69, 0x74, 0x79,
	0x45, 0x78, 0x65, 0x63, 0x75, 0x74, 0x69, 0x6f, 0x6e, 0x12, 0x40, 0x2e, 0x74, 0x65, 0x6d, 0x70,
	0x6f, 0x72, 0x61, 0x6c, 0x2e, 0x61, 0x70, 0x69, 0x2e, 0x77, 0x6f, 0x72, 0x6b, 0x66, 0x6c, 0x6f,
	0x77, 0x73, 0x65, 0x72, 0x76, 0x69, 0x63, 0x65, 0x2e, 0x76, 0x31, 0x2e, 0x55, 0x6e, 0x70, 0x61,
	0x75, 0x73, 0x65, 0x41, 0x63, 0x74, 0x69, 0x76, 0x69, 0x74, 0x79, 0x45, 0x78, 0x65, 0x63, 0x75,
	0x74, 0x69, 0x6f, 0x6e, 0x52, 0x65, 0x71, 0x75, 0x65, 0x73, 0x74, 0x1a, 0x41, 0x2e, 0x74, 0x65,
	0x6d, 0x70, 0x6f, 0x72, 0x61, 0x6c, 0x2e, 0x61, 0x70, 0x69, 0x2e, 0x77, 0x6f, 0x72, 0x6b, 0x66,
	0x6c, 0x6f, 0x77, 0x73, 0x65, 0x72, 0x76, 0x69, 0x63, 0x65, 0x2e, 0x76, 0x31, 0x2e, 0x55, 0x6e,
	0x70, 0x61, 0x75, 0x73, 0x65, 0x41, 0x63, 0x74, 0x69, 0x76, 0x69, 0x74, 0x79, 0x45, 0x78, 0x65,
	0x63, 0x75, 0x74, 0x69, 0x6f, 0x6e, 0x52, 0x65, 0x73, 0x70, 0x6f, 0x6e, 0x73, 0x65, 0x22, 0xe9,
	0x02, 0x8a, 0x9d, 0xcc, 0x1b, 0x25, 0x0a, 0x14, 0x74, 0x65, 0x6d, 0x70, 0x6f, 0x72, 0x61, 0x6c,
	0x2d, 0x72, 0x65, 0x73, 0x6f, 0x75, 0x72, 0x63, 0x65, 0x2d, 0x69, 0x64, 0x12, 0x0d, 0x7b, 0x72,
	0x65, 0x73, 0x6f, 0x75, 0x72, 0x63, 0x65, 0x5f, 0x69, 0x64, 0x7d, 0x82, 0xd3, 0xe4, 0x93, 0x02,
	0xb8, 0x02, 0x3a, 0x01, 0x2a, 0x5a, 0x44, 0x3a, 0x01, 0x2a, 0x22, 0x3f, 0x2f, 0x61, 0x70, 0x69,
	0x2f, 0x76, 0x31, 0x2f, 0x6e, 0x61, 0x6d, 0x65, 0x73, 0x70, 0x61, 0x63, 0x65, 0x73, 0x2f, 0x7b,
	0x6e, 0x61, 0x6d, 0x65, 0x73, 0x70, 0x61, 0x63, 0x65, 0x7d, 0x2f, 0x61, 0x63, 0x74, 0x69, 0x76,
	0x69, 0x74, 0x69, 0x65, 0x73, 0x2f, 0x7b, 0x61, 0x63, 0x74, 0x69, 0x76, 0x69, 0x74, 0x79, 0x5f,
	0x69, 0x64, 0x7d, 0x2f, 0x75, 0x6e, 0x70, 0x61, 0x75, 0x73, 0x65, 0x5a, 0x55, 0x3a, 0x01, 0x2a,
	0x22, 0x50, 0x2f, 0x6e, 0x61, 0x6d, 0x65, 0x73, 0x70, 0x61, 0x63, 0x65, 0x73, 0x2f, 0x7b, 0x6e,
	0x61, 0x6d, 0x65, 0x73, 0x70, 0x61, 0x63, 0x65, 0x7d, 0x2f, 0x77, 0x6f, 0x72, 0x6b, 0x66, 0x6c,
	0x6f, 0x77, 0x73, 0x2f, 0x7b, 0x77, 0x6f, 0x72, 0x6b, 0x66, 0x6c, 0x6f, 0x77, 0x5f, 0x69, 0x64,
	0x7d, 0x2f, 0x61, 0x63, 0x74, 0x69, 0x76, 0x69, 0x74, 0x69, 0x65, 0x73, 0x2f, 0x7b, 0x61, 0x63,
	0x74, 0x69, 0x76, 0x69, 0x74, 0x79, 0x5f, 0x69, 0x64, 0x7d, 0x2f, 0x75, 0x6e, 0x70, 0x61, 0x75,
	0x73, 0x65, 0x5a, 0x5c, 0x3a, 0x01, 0x2a, 0x22, 0x57, 0x2f, 0x61, 0x70, 0x69, 0x2f, 0x76, 0x31,
	0x2f, 0x6e, 0x61, 0x6d, 0x65, 0x73, 0x70, 0x61, 0x63, 0x65, 0x73, 0x2f, 0x7b, 0x6e, 0x61, 0x6d,
	0x65, 0x73, 0x70, 0x61, 0x63, 0x65, 0x7d, 0x2f, 0x77, 0x6f, 0x72, 0x6b, 0x66, 0x6c, 0x6f, 0x77,
	0x73, 0x2f, 0x7b, 0x77, 0x6f, 0x72, 0x6b, 0x66, 0x6c, 0x6f, 0x77, 0x5f, 0x69, 0x64, 0x7d, 0x2f,
	0x61, 0x63, 0x74, 0x69, 0x76, 0x69, 0x74, 0x69, 0x65, 0x73, 0x2f, 0x7b, 0x61, 0x63, 0x74, 0x69,
	0x76, 0x69, 0x74, 0x79, 0x5f, 0x69, 0x64, 0x7d, 0x2f, 0x75, 0x6e, 0x70, 0x61, 0x75, 0x73, 0x65,
	0x22, 0x38, 0x2f, 0x6e, 0x61, 0x6d, 0x65, 0x73, 0x70, 0x61, 0x63, 0x65, 0x73, 0x2f, 0x7b, 0x6e,
	0x61, 0x6d, 0x65, 0x73, 0x70, 0x61, 0x63, 0x65, 0x7d, 0x2f, 0x61, 0x63, 0x74, 0x69, 0x76, 0x69,
	0x74, 0x69, 0x65, 0x73, 0x2f, 0x7b, 0x61, 0x63, 0x74, 0x69, 0x76, 0x69, 0x74, 0x79, 0x5f, 0x69,
	0x64, 0x7d, 0x2f, 0x75, 0x6e, 0x70, 0x61, 0x75, 0x73, 0x65, 0x12, 0xb9, 0x04, 0x0a, 0x1e, 0x55,
	0x70, 0x64, 0x61, 0x74, 0x65, 0x41, 0x63, 0x74, 0x69, 0x76, 0x69, 0x74, 0x79, 0x45, 0x78, 0x65,
	0x63, 0x75, 0x74, 0x69, 0x6f, 0x6e, 0x4f, 0x70, 0x74, 0x69, 0x6f, 0x6e, 0x73, 0x12, 0x46, 0x2e,
	0x74, 0x65, 0x6d, 0x70, 0x6f, 0x72, 0x61, 0x6c, 0x2e, 0x61, 0x70, 0x69, 0x2e, 0x77, 0x6f, 0x72,
	0x6b, 0x66, 0x6c, 0x6f, 0x77, 0x73, 0x65, 0x72, 0x76, 0x69, 0x63, 0x65, 0x2e, 0x76, 0x31, 0x2e,
	0x55, 0x70, 0x64, 0x61, 0x74, 0x65, 0x41, 0x63, 0x74, 0x69, 0x76, 0x69, 0x74, 0x79, 0x45, 0x78,
	0x65, 0x63, 0x75, 0x74, 0x69, 0x6f, 0x6e, 0x4f, 0x70, 0x74, 0x69, 0x6f, 0x6e, 0x73, 0x52, 0x65,
	0x71, 0x75, 0x65, 0x73, 0x74, 0x1a, 0x47, 0x2e, 0x74, 0x65, 0x6d, 0x70, 0x6f, 0x72, 0x61, 0x6c,
	0x2e, 0x61, 0x70, 0x69, 0x2e, 0x77, 0x6f, 0x72, 0x6b, 0x66, 0x6c, 0x6f, 0x77, 0x73, 0x65, 0x72,
	0x76, 0x69, 0x63, 0x65, 0x2e, 0x76, 0x31, 0x2e, 0x55, 0x70, 0x64, 0x61, 0x74, 0x65, 0x41, 0x63,
	0x74, 0x69, 0x76, 0x69, 0x74, 0x79, 0x45, 0x78, 0x65, 0x63, 0x75, 0x74, 0x69, 0x6f, 0x6e, 0x4f,
	0x70, 0x74, 0x69, 0x6f, 0x6e, 0x73, 0x52, 0x65, 0x73, 0x70, 0x6f, 0x6e, 0x73, 0x65, 0x22, 0x85,
	0x03, 0x8a, 0x9d, 0xcc, 0x1b, 0x25, 0x0a, 0x14, 0x74, 0x65, 0x6d, 0x70, 0x6f, 0x72, 0x61, 0x6c,
	0x2d, 0x72, 0x65, 0x73, 0x6f, 0x75, 0x72, 0x63, 0x65, 0x2d, 0x69, 0x64, 0x12, 0x0d, 0x7b, 0x72,
	0x65, 0x73, 0x6f, 0x75, 0x72, 0x63, 0x65, 0x5f, 0x69, 0x64, 0x7d, 0x82, 0xd3, 0xe4, 0x93, 0x02,
	0xd4, 0x02, 0x3a, 0x01, 0x2a, 0x5a, 0x4b, 0x3a, 0x01, 0x2a, 0x22, 0x46, 0x2f, 0x61, 0x70, 0x69,
	0x2f, 0x76, 0x31, 0x2f, 0x6e, 0x61, 0x6d, 0x65, 0x73, 0x70, 0x61, 0x63, 0x65, 0x73, 0x2f, 0x7b,
	0x6e, 0x61, 0x6d, 0x65, 0x73, 0x70, 0x61, 0x63, 0x65, 0x7d, 0x2f, 0x61, 0x63, 0x74, 0x69, 0x76,
	0x69, 0x74, 0x69, 0x65, 0x73, 0x2f, 0x7b, 0x61, 0x63, 0x74, 0x69, 0x76, 0x69, 0x74, 0x79, 0x5f,
	0x69, 0x64, 0x7d, 0x2f, 0x75, 0x70, 0x64, 0x61, 0x74, 0x65, 0x2d, 0x6f, 0x70, 0x74, 0x69, 0x6f,
	0x6e, 0x73, 0x5a, 0x5c, 0x3a, 0x01, 0x2a, 0x22, 0x57, 0x2f, 0x6e, 0x61, 0x6d, 0x65, 0x73, 0x70,
	0x61, 0x63, 0x65, 0x73, 0x2f, 0x7b, 0x6e, 0x61, 0x6d, 0x65, 0x73, 0x70, 0x61, 0x63, 0x65, 0x7d,
	0x2f, 0x77, 0x6f, 0x72, 0x6b, 0x66, 0x6c, 0x6f, 0x77, 0x73, 0x2f, 0x7b, 0x77, 0x6f, 0x72, 0x6b,
	0x66, 0x6c, 0x6f, 0x77, 0x5f, 0x69, 0x64, 0x7d, 0x2f, 0x61, 0x63, 0x74, 0x69, 0x76, 0x69, 0x74,
	0x69, 0x65, 0x73, 0x2f, 0x7b, 0x61, 0x63, 0x74, 0x69, 0x76, 0x69, 0x74, 0x79, 0x5f, 0x69, 0x64,
	0x7d, 0x2f, 0x75, 0x70, 0x64, 0x61, 0x74, 0x65, 0x2d, 0x6f, 0x70, 0x74, 0x69, 0x6f, 0x6e, 0x73,
	0x5a, 0x63, 0x3a, 0x01, 0x2a, 0x22, 0x5e, 0x2f, 0x61, 0x70, 0x69, 0x2f, 0x76, 0x31, 0x2f, 0x6e,
	0x61, 0x6d, 0x65, 0x73, 0x70, 0x61, 0x63, 0x65, 0x73, 0x2f, 0x7b, 0x6e, 0x61, 0x6d, 0x65, 0x73,
	0x70, 0x61, 0x63, 0x65, 0x7d, 0x2f, 0x77, 0x6f, 0x72, 0x6b, 0x66, 0x6c, 0x6f, 0x77, 0x73, 0x2f,
	0x7b, 0x77, 0x6f, 0x72, 0x6b, 0x66, 0x6c, 0x6f, 0x77, 0x5f, 0x69, 0x64, 0x7d, 0x2f, 0x61, 0x63,
	0x74, 0x69, 0x76, 0x69, 0x74, 0x69, 0x65, 0x73, 0x2f, 0x7b, 0x61, 0x63, 0x74, 0x69, 0x76, 0x69,
	0x74, 0x79, 0x5f, 0x69, 0x64, 0x7d, 0x2f, 0x75, 0x70, 0x64, 0x61, 0x74, 0x65, 0x2d, 0x6f, 0x70,
	0x74, 0x69, 0x6f, 0x6e, 0x73, 0x22, 0x3f, 0x2f, 0x6e, 0x61, 0x6d, 0x65, 0x73, 0x70, 0x61, 0x63,
	0x65, 0x73, 0x2f, 0x7b, 0x6e, 0x61, 0x6d, 0x65, 0x73, 0x70, 0x61, 0x63, 0x65, 0x7d, 0x2f, 0x61,
	0x63, 0x74, 0x69, 0x76, 0x69, 0x74, 0x69, 0x65, 0x73, 0x2f, 0x7b, 0x61, 0x63, 0x74, 0x69, 0x76,
	0x69, 0x74, 0x79, 0x5f, 0x69, 0x64, 0x7d, 0x2f, 0x75, 0x70, 0x64, 0x61, 0x74, 0x65, 0x2d, 0x6f,
	0x70, 0x74, 0x69, 0x6f, 0x6e, 0x73, 0x12, 0xd6, 0x02, 0x0a, 0x20, 0x54, 0x65, 0x72, 0x6d, 0x69,
	0x6e, 0x61, 0x74, 0x65, 0x4e, 0x65, 0x78, 0x75, 0x73, 0x4f, 0x70, 0x65, 0x72, 0x61, 0x74, 0x69,
	0x6f, 0x6e, 0x45, 0x78, 0x65, 0x63, 0x75, 0x74, 0x69, 0x6f, 0x6e, 0x12, 0x48, 0x2e, 0x74, 0x65,
	0x6d, 0x70, 0x6f, 0x72, 0x61, 0x6c, 0x2e, 0x61, 0x70, 0x69, 0x2e, 0x77, 0x6f, 0x72, 0x6b, 0x66,
	0x6c, 0x6f, 0x77, 0x73, 0x65, 0x72, 0x76, 0x69, 0x63, 0x65, 0x2e, 0x76, 0x31, 0x2e, 0x54, 0x65,
	0x72, 0x6d, 0x69, 0x6e, 0x61, 0x74, 0x65, 0x4e, 0x65, 0x78, 0x75, 0x73, 0x4f, 0x70, 0x65, 0x72,
	0x61, 0x74, 0x69, 0x6f, 0x6e, 0x45, 0x78, 0x65, 0x63, 0x75, 0x74, 0x69, 0x6f, 0x6e, 0x52, 0x65,
	0x71, 0x75, 0x65, 0x73, 0x74, 0x1a, 0x49, 0x2e, 0x74, 0x65, 0x6d, 0x70, 0x6f, 0x72, 0x61, 0x6c,
	0x2e, 0x61, 0x70, 0x69, 0x2e, 0x77, 0x6f, 0x72, 0x6b, 0x66, 0x6c, 0x6f, 0x77, 0x73, 0x65, 0x72,
	0x76, 0x69, 0x63, 0x65, 0x2e, 0x76, 0x31, 0x2e, 0x54, 0x65, 0x72, 0x6d, 0x69, 0x6e, 0x61, 0x74,
	0x65, 0x4e, 0x65, 0x78, 0x75, 0x73, 0x4f, 0x70, 0x65, 0x72, 0x61, 0x74, 0x69, 0x6f, 0x6e, 0x45,
	0x78, 0x65, 0x63, 0x75, 0x74, 0x69, 0x6f, 0x6e, 0x52, 0x65, 0x73, 0x70, 0x6f, 0x6e, 0x73, 0x65,
	0x22, 0x9c, 0x01, 0x82, 0xd3, 0xe4, 0x93, 0x02, 0x95, 0x01, 0x3a, 0x01, 0x2a, 0x5a, 0x4d, 0x3a,
	0x01, 0x2a, 0x22, 0x48, 0x2f, 0x61, 0x70, 0x69, 0x2f, 0x76, 0x31, 0x2f, 0x6e, 0x61, 0x6d, 0x65,
	0x73, 0x70, 0x61, 0x63, 0x65, 0x73, 0x2f, 0x7b, 0x6e, 0x61, 0x6d, 0x65, 0x73, 0x70, 0x61, 0x63,
	0x65, 0x7d, 0x2f, 0x6e, 0x65, 0x78, 0x75, 0x73, 0x2d, 0x6f, 0x70, 0x65, 0x72, 0x61, 0x74, 0x69,
	0x6f, 0x6e, 0x73, 0x2f, 0x7b, 0x6f, 0x70, 0x65, 0x72, 0x61, 0x74, 0x69, 0x6f, 0x6e, 0x5f, 0x69,
	0x64, 0x7d, 0x2f, 0x74, 0x65, 0x72, 0x6d, 0x69, 0x6e, 0x61, 0x74, 0x65, 0x22, 0x41, 0x2f, 0x6e,
	0x61, 0x6d, 0x65, 0x73, 0x70, 0x61, 0x63, 0x65, 0x73, 0x2f, 0x7b, 0x6e, 0x61, 0x6d, 0x65, 0x73,
	0x70, 0x61, 0x63, 0x65, 0x7d, 0x2f, 0x6e, 0x65, 0x78, 0x75, 0x73, 0x2d, 0x6f, 0x70, 0x65, 0x72,
	0x61, 0x74, 0x69, 0x6f, 0x6e, 0x73, 0x2f, 0x7b, 0x6f, 0x70, 0x65, 0x72, 0x61, 0x74, 0x69, 0x6f,
	0x6e, 0x5f, 0x69, 0x64, 0x7d, 0x2f, 0x74, 0x65, 0x72, 0x6d, 0x69, 0x6e, 0x61, 0x74, 0x65, 0x12,
	0xb0, 0x01, 0x0a, 0x1d, 0x44, 0x65, 0x6c, 0x65, 0x74, 0x65, 0x4e, 0x65, 0x78, 0x75, 0x73, 0x4f,
	0x70, 0x65, 0x72, 0x61, 0x74, 0x69, 0x6f, 0x6e, 0x45, 0x78, 0x65, 0x63, 0x75, 0x74, 0x69, 0x6f,
	0x6e, 0x12, 0x45, 0x2e, 0x74, 0x65, 0x6d, 0x70, 0x6f, 0x72, 0x61, 0x6c, 0x2e, 0x61, 0x70, 0x69,
	0x2e, 0x77, 0x6f, 0x72, 0x6b, 0x66, 0x6c, 0x6f, 0x77, 0x73, 0x65, 0x72, 0x76, 0x69, 0x63, 0x65,
	0x2e, 0x76, 0x31, 0x2e, 0x44, 0x65, 0x6c, 0x65, 0x74, 0x65, 0x4e, 0x65, 0x78, 0x75, 0x73, 0x4f,
	0x70, 0x65, 0x72, 0x61, 0x74, 0x69, 0x6f, 0x6e, 0x45, 0x78, 0x65, 0x63, 0x75, 0x74, 0x69, 0x6f,
	0x6e, 0x52, 0x65, 0x71, 0x75, 0x65, 0x73, 0x74, 0x1a, 0x46, 0x2e, 0x74, 0x65, 0x6d, 0x70, 0x6f,
	0x72, 0x61, 0x6c, 0x2e, 0x61, 0x70, 0x69, 0x2e, 0x77, 0x6f, 0x72, 0x6b, 0x66, 0x6c, 0x6f, 0x77,
	0x73, 0x65, 0x72, 0x76, 0x69, 0x63, 0x65, 0x2e, 0x76, 0x31, 0x2e, 0x44, 0x65, 0x6c, 0x65, 0x74,
	0x65, 0x4e, 0x65, 0x78, 0x75, 0x73, 0x4f, 0x70, 0x65, 0x72, 0x61, 0x74, 0x69, 0x6f, 0x6e, 0x45,
	0x78, 0x65, 0x63, 0x75, 0x74, 0x69, 0x6f, 0x6e, 0x52, 0x65, 0x73, 0x70, 0x6f, 0x6e, 0x73, 0x65,
	0x22, 0x00, 0x12, 0xc1, 0x03, 0x0a, 0x21, 0x50, 0x6f, 0x6c, 0x6c, 0x57, 0x6f, 0x72, 0x6b, 0x66,
	0x6c, 0x6f, 0x77, 0x45, 0x78, 0x65, 0x63, 0x75, 0x74, 0x69, 0x6f, 0x6e, 0x54, 0x69, 0x6d, 0x65,
	0x53, 0x6b, 0x69, 0x70, 0x70, 0x69, 0x6e, 0x67, 0x12, 0x49, 0x2e, 0x74, 0x65, 0x6d, 0x70, 0x6f,
	0x72, 0x61, 0x6c, 0x2e, 0x61, 0x70, 0x69, 0x2e, 0x77, 0x6f, 0x72, 0x6b, 0x66, 0x6c, 0x6f, 0x77,
	0x73, 0x65, 0x72, 0x76, 0x69, 0x63, 0x65, 0x2e, 0x76, 0x31, 0x2e, 0x50, 0x6f, 0x6c, 0x6c, 0x57,
	0x6f, 0x72, 0x6b, 0x66, 0x6c, 0x6f, 0x77, 0x45, 0x78, 0x65, 0x63, 0x75, 0x74, 0x69, 0x6f, 0x6e,
	0x54, 0x69, 0x6d, 0x65, 0x53, 0x6b, 0x69, 0x70, 0x70, 0x69, 0x6e, 0x67, 0x52, 0x65, 0x71, 0x75,
	0x65, 0x73, 0x74, 0x1a, 0x4a, 0x2e, 0x74, 0x65, 0x6d, 0x70, 0x6f, 0x72, 0x61, 0x6c, 0x2e, 0x61,
	0x70, 0x69, 0x2e, 0x77, 0x6f, 0x72, 0x6b, 0x66, 0x6c, 0x6f, 0x77, 0x73, 0x65, 0x72, 0x76, 0x69,
	0x63, 0x65, 0x2e, 0x76, 0x31, 0x2e, 0x50, 0x6f, 0x6c, 0x6c, 0x57, 0x6f, 0x72, 0x6b, 0x66, 0x6c,
	0x6f, 0x77, 0x45, 0x78, 0x65, 0x63, 0x75, 0x74, 0x69, 0x6f, 0x6e, 0x54, 0x69, 0x6d, 0x65, 0x53,
	0x6b, 0x69, 0x70, 0x70, 0x69, 0x6e, 0x67, 0x52, 0x65, 0x73, 0x70, 0x6f, 0x6e, 0x73, 0x65, 0x22,
	0x84, 0x02, 0x8a, 0x9d, 0xcc, 0x1b, 0x41, 0x0a, 0x14, 0x74, 0x65, 0x6d, 0x70, 0x6f, 0x72, 0x61,
	0x6c, 0x2d, 0x72, 0x65, 0x73, 0x6f, 0x75, 0x72, 0x63, 0x65, 0x2d, 0x69, 0x64, 0x12, 0x29, 0x77,
	0x6f, 0x72, 0x6b, 0x66, 0x6c, 0x6f, 0x77, 0x3a, 0x7b, 0x77, 0x6f, 0x72, 0x6b, 0x66, 0x6c, 0x6f,
	0x77, 0x5f, 0x65, 0x78, 0x65, 0x63, 0x75, 0x74, 0x69, 0x6f, 0x6e, 0x2e, 0x77, 0x6f, 0x72, 0x6b,
	0x66, 0x6c, 0x6f, 0x77, 0x5f, 0x69, 0x64, 0x7d, 0x82, 0xd3, 0xe4, 0x93, 0x02, 0xb7, 0x01, 0x5a,
	0x5e, 0x12, 0x5c, 0x2f, 0x61, 0x70, 0x69, 0x2f, 0x76, 0x31, 0x2f, 0x6e, 0x61, 0x6d, 0x65, 0x73,
	0x70, 0x61, 0x63, 0x65, 0x73, 0x2f, 0x7b, 0x6e, 0x61, 0x6d, 0x65, 0x73, 0x70, 0x61, 0x63, 0x65,
	0x7d, 0x2f, 0x77, 0x6f, 0x72, 0x6b, 0x66, 0x6c, 0x6f, 0x77, 0x73, 0x2f, 0x7b, 0x77, 0x6f, 0x72,
	0x6b, 0x66, 0x6c, 0x6f, 0x77, 0x5f, 0x65, 0x78, 0x65, 0x63, 0x75, 0x74, 0x69, 0x6f, 0x6e, 0x2e,
	0x77, 0x6f, 0x72, 0x6b, 0x66, 0x6c, 0x6f, 0x77, 0x5f, 0x69, 0x64, 0x7d, 0x2f, 0x74, 0x69, 0x6d,
	0x65, 0x2d, 0x73, 0x6b, 0x69, 0x70, 0x70, 0x69, 0x6e, 0x67, 0x2f, 0x70, 0x6f, 0x6c, 0x6c, 0x12,
	0x55, 0x2f, 0x6e, 0x61, 0x6d, 0x65, 0x73, 0x70, 0x61, 0x63, 0x65, 0x73, 0x2f, 0x7b, 0x6e, 0x61,
	0x6d, 0x65, 0x73, 0x70, 0x61, 0x63, 0x65, 0x7d, 0x2f, 0x77, 0x6f, 0x72, 0x6b, 0x66, 0x6c, 0x6f,
	0x77, 0x73, 0x2f, 0x7b, 0x77, 0x6f, 0x72, 0x6b, 0x66, 0x6c, 0x6f, 0x77, 0x5f, 0x65, 0x78, 0x65,
	0x63, 0x75, 0x74, 0x69, 0x6f, 0x6e, 0x2e, 0x77, 0x6f, 0x72, 0x6b, 0x66, 0x6c, 0x6f, 0x77, 0x5f,
	0x69, 0x64, 0x7d, 0x2f, 0x74, 0x69, 0x6d, 0x65, 0x2d, 0x73, 0x6b, 0x69, 0x70, 0x70, 0x69, 0x6e,
	0x67, 0x2f, 0x70, 0x6f, 0x6c, 0x6c, 0x42, 0xb6, 0x01, 0x0a, 0x22, 0x69, 0x6f, 0x2e, 0x74, 0x65,
	0x6d, 0x70, 0x6f, 0x72, 0x61, 0x6c, 0x2e, 0x61, 0x70, 0x69, 0x2e, 0x77, 0x6f, 0x72, 0x6b, 0x66,
	0x6c, 0x6f, 0x77, 0x73, 0x65, 0x72, 0x76, 0x69, 0x63, 0x65, 0x2e, 0x76, 0x31, 0x42, 0x0c, 0x53,
	0x65, 0x72, 0x76, 0x69, 0x63, 0x65, 0x50, 0x72, 0x6f, 0x74, 0x6f, 0x50, 0x01, 0x5a, 0x35, 0x67,
	0x6f, 0x2e, 0x74, 0x65, 0x6d, 0x70, 0x6f, 0x72, 0x61, 0x6c, 0x2e, 0x69, 0x6f, 0x2f, 0x61, 0x70,
	0x69, 0x2f, 0x77, 0x6f, 0x72, 0x6b, 0x66, 0x6c, 0x6f, 0x77, 0x73, 0x65, 0x72, 0x76, 0x69, 0x63,
	0x65, 0x2f, 0x76, 0x31, 0x3b, 0x77, 0x6f, 0x72, 0x6b, 0x66, 0x6c, 0x6f, 0x77, 0x73, 0x65, 0x72,
	0x76, 0x69, 0x63, 0x65, 0xaa, 0x02, 0x21, 0x54, 0x65, 0x6d, 0x70, 0x6f, 0x72, 0x61, 0x6c, 0x69,
	0x6f, 0x2e, 0x41, 0x70, 0x69, 0x2e, 0x57, 0x6f, 0x72, 0x6b, 0x66, 0x6c, 0x6f, 0x77, 0x53, 0x65,
	0x72, 0x76, 0x69, 0x63, 0x65, 0x2e, 0x56, 0x31, 0xea, 0x02, 0x24, 0x54, 0x65, 0x6d, 0x70, 0x6f,
	0x72, 0x61, 0x6c, 0x69, 0x6f, 0x3a, 0x3a, 0x41, 0x70, 0x69, 0x3a, 0x3a, 0x57, 0x6f, 0x72, 0x6b,
	0x66, 0x6c, 0x6f, 0x77, 0x53, 0x65, 0x72, 0x76, 0x69, 0x63, 0x65, 0x3a, 0x3a, 0x56, 0x31, 0x62,
	0x06, 0x70, 0x72, 0x6f, 0x74, 0x6f, 0x33,
}

var file_temporal_api_workflowservice_v1_service_proto_goTypes = []interface{}{
	(*RegisterNamespaceRequest)(nil),                             // 0: temporal.api.workflowservice.v1.RegisterNamespaceRequest
	(*DescribeNamespaceRequest)(nil),                             // 1: temporal.api.workflowservice.v1.DescribeNamespaceRequest
	(*ListNamespacesRequest)(nil),                                // 2: temporal.api.workflowservice.v1.ListNamespacesRequest
	(*UpdateNamespaceRequest)(nil),                               // 3: temporal.api.workflowservice.v1.UpdateNamespaceRequest
	(*DeprecateNamespaceRequest)(nil),                            // 4: temporal.api.workflowservice.v1.DeprecateNamespaceRequest
	(*StartWorkflowExecutionRequest)(nil),                        // 5: temporal.api.workflowservice.v1.StartWorkflowExecutionRequest
	(*ExecuteMultiOperationRequest)(nil),                         // 6: temporal.api.workflowservice.v1.ExecuteMultiOperationRequest
	(*GetWorkflowExecutionHistoryRequest)(nil),                   // 7: temporal.api.workflowservice.v1.GetWorkflowExecutionHistoryRequest
	(*GetWorkflowExecutionHistoryReverseRequest)(nil),            // 8: temporal.api.workflowservice.v1.GetWorkflowExecutionHistoryReverseRequest
	(*PollWorkflowTaskQueueRequest)(nil),                         // 9: temporal.api.workflowservice.v1.PollWorkflowTaskQueueRequest
	(*RespondWorkflowTaskCompletedRequest)(nil),                  // 10: temporal.api.workflowservice.v1.RespondWorkflowTaskCompletedRequest
	(*RespondWorkflowTaskFailedRequest)(nil),                     // 11: temporal.api.workflowservice.v1.RespondWorkflowTaskFailedRequest
	(*PollActivityTaskQueueRequest)(nil),                         // 12: temporal.api.workflowservice.v1.PollActivityTaskQueueRequest
	(*RecordActivityTaskHeartbeatRequest)(nil),                   // 13: temporal.api.workflowservice.v1.RecordActivityTaskHeartbeatRequest
	(*RecordActivityTaskHeartbeatByIdRequest)(nil),               // 14: temporal.api.workflowservice.v1.RecordActivityTaskHeartbeatByIdRequest
	(*RespondActivityTaskCompletedRequest)(nil),                  // 15: temporal.api.workflowservice.v1.RespondActivityTaskCompletedRequest
	(*RespondActivityTaskCompletedByIdRequest)(nil),              // 16: temporal.api.workflowservice.v1.RespondActivityTaskCompletedByIdRequest
	(*RespondActivityTaskFailedRequest)(nil),                     // 17: temporal.api.workflowservice.v1.RespondActivityTaskFailedRequest
	(*RespondActivityTaskFailedByIdRequest)(nil),                 // 18: temporal.api.workflowservice.v1.RespondActivityTaskFailedByIdRequest
	(*RespondActivityTaskCanceledRequest)(nil),                   // 19: temporal.api.workflowservice.v1.RespondActivityTaskCanceledRequest
	(*RespondActivityTaskCanceledByIdRequest)(nil),               // 20: temporal.api.workflowservice.v1.RespondActivityTaskCanceledByIdRequest
	(*RequestCancelWorkflowExecutionRequest)(nil),                // 21: temporal.api.workflowservice.v1.RequestCancelWorkflowExecutionRequest
	(*SignalWorkflowExecutionRequest)(nil),                       // 22: temporal.api.workflowservice.v1.SignalWorkflowExecutionRequest
	(*SignalWithStartWorkflowExecutionRequest)(nil),              // 23: temporal.api.workflowservice.v1.SignalWithStartWorkflowExecutionRequest
	(*ResetWorkflowExecutionRequest)(nil),                        // 24: temporal.api.workflowservice.v1.ResetWorkflowExecutionRequest
	(*TerminateWorkflowExecutionRequest)(nil),                    // 25: temporal.api.workflowservice.v1.TerminateWorkflowExecutionRequest
	(*DeleteWorkflowExecutionRequest)(nil),                       // 26: temporal.api.workflowservice.v1.DeleteWorkflowExecutionRequest
	(*ListOpenWorkflowExecutionsRequest)(nil),                    // 27: temporal.api.workflowservice.v1.ListOpenWorkflowExecutionsRequest
	(*ListClosedWorkflowExecutionsRequest)(nil),                  // 28: temporal.api.workflowservice.v1.ListClosedWorkflowExecutionsRequest
	(*ListWorkflowExecutionsRequest)(nil),                        // 29: temporal.api.workflowservice.v1.ListWorkflowExecutionsRequest
	(*ListArchivedWorkflowExecutionsRequest)(nil),                // 30: temporal.api.workflowservice.v1.ListArchivedWorkflowExecutionsRequest
	(*ScanWorkflowExecutionsRequest)(nil),                        // 31: temporal.api.workflowservice.v1.ScanWorkflowExecutionsRequest
	(*CountWorkflowExecutionsRequest)(nil),                       // 32: temporal.api.workflowservice.v1.CountWorkflowExecutionsRequest
	(*GetSearchAttributesRequest)(nil),                           // 33: temporal.api.workflowservice.v1.GetSearchAttributesRequest
	(*RespondQueryTaskCompletedRequest)(nil),                     // 34: temporal.api.workflowservice.v1.RespondQueryTaskCompletedRequest
	(*ResetStickyTaskQueueRequest)(nil),                          // 35: temporal.api.workflowservice.v1.ResetStickyTaskQueueRequest
	(*ShutdownWorkerRequest)(nil),                                // 36: temporal.api.workflowservice.v1.ShutdownWorkerRequest
	(*QueryWorkflowRequest)(nil),                                 // 37: temporal.api.workflowservice.v1.QueryWorkflowRequest
	(*DescribeWorkflowExecutionRequest)(nil),                     // 38: temporal.api.workflowservice.v1.DescribeWorkflowExecutionRequest
	(*DescribeTaskQueueRequest)(nil),                             // 39: temporal.api.workflowservice.v1.DescribeTaskQueueRequest
	(*GetClusterInfoRequest)(nil),                                // 40: temporal.api.workflowservice.v1.GetClusterInfoRequest
	(*GetSystemInfoRequest)(nil),                                 // 41: temporal.api.workflowservice.v1.GetSystemInfoRequest
	(*ListTaskQueuePartitionsRequest)(nil),                       // 42: temporal.api.workflowservice.v1.ListTaskQueuePartitionsRequest
	(*CreateScheduleRequest)(nil),                                // 43: temporal.api.workflowservice.v1.CreateScheduleRequest
	(*DescribeScheduleRequest)(nil),                              // 44: temporal.api.workflowservice.v1.DescribeScheduleRequest
	(*UpdateScheduleRequest)(nil),                                // 45: temporal.api.workflowservice.v1.UpdateScheduleRequest
	(*PatchScheduleRequest)(nil),                                 // 46: temporal.api.workflowservice.v1.PatchScheduleRequest
	(*ListScheduleMatchingTimesRequest)(nil),                     // 47: temporal.api.workflowservice.v1.ListScheduleMatchingTimesRequest
	(*DeleteScheduleRequest)(nil),                                // 48: temporal.api.workflowservice.v1.DeleteScheduleRequest
	(*ListSchedulesRequest)(nil),                                 // 49: temporal.api.workflowservice.v1.ListSchedulesRequest
	(*CountSchedulesRequest)(nil),                                // 50: temporal.api.workflowservice.v1.CountSchedulesRequest
	(*UpdateWorkerBuildIdCompatibilityRequest)(nil),              // 51: temporal.api.workflowservice.v1.UpdateWorkerBuildIdCompatibilityRequest
	(*GetWorkerBuildIdCompatibilityRequest)(nil),                 // 52: temporal.api.workflowservice.v1.GetWorkerBuildIdCompatibilityRequest
	(*UpdateWorkerVersioningRulesRequest)(nil),                   // 53: temporal.api.workflowservice.v1.UpdateWorkerVersioningRulesRequest
	(*GetWorkerVersioningRulesRequest)(nil),                      // 54: temporal.api.workflowservice.v1.GetWorkerVersioningRulesRequest
	(*GetWorkerTaskReachabilityRequest)(nil),                     // 55: temporal.api.workflowservice.v1.GetWorkerTaskReachabilityRequest
	(*DescribeDeploymentRequest)(nil),                            // 56: temporal.api.workflowservice.v1.DescribeDeploymentRequest
	(*DescribeWorkerDeploymentVersionRequest)(nil),               // 57: temporal.api.workflowservice.v1.DescribeWorkerDeploymentVersionRequest
	(*ListDeploymentsRequest)(nil),                               // 58: temporal.api.workflowservice.v1.ListDeploymentsRequest
	(*GetDeploymentReachabilityRequest)(nil),                     // 59: temporal.api.workflowservice.v1.GetDeploymentReachabilityRequest
	(*GetCurrentDeploymentRequest)(nil),                          // 60: temporal.api.workflowservice.v1.GetCurrentDeploymentRequest
	(*SetCurrentDeploymentRequest)(nil),                          // 61: temporal.api.workflowservice.v1.SetCurrentDeploymentRequest
	(*SetWorkerDeploymentCurrentVersionRequest)(nil),             // 62: temporal.api.workflowservice.v1.SetWorkerDeploymentCurrentVersionRequest
	(*DescribeWorkerDeploymentRequest)(nil),                      // 63: temporal.api.workflowservice.v1.DescribeWorkerDeploymentRequest
	(*DeleteWorkerDeploymentRequest)(nil),                        // 64: temporal.api.workflowservice.v1.DeleteWorkerDeploymentRequest
	(*DeleteWorkerDeploymentVersionRequest)(nil),                 // 65: temporal.api.workflowservice.v1.DeleteWorkerDeploymentVersionRequest
	(*SetWorkerDeploymentRampingVersionRequest)(nil),             // 66: temporal.api.workflowservice.v1.SetWorkerDeploymentRampingVersionRequest
	(*ListWorkerDeploymentsRequest)(nil),                         // 67: temporal.api.workflowservice.v1.ListWorkerDeploymentsRequest
	(*CreateWorkerDeploymentRequest)(nil),                        // 68: temporal.api.workflowservice.v1.CreateWorkerDeploymentRequest
	(*CreateWorkerDeploymentVersionRequest)(nil),                 // 69: temporal.api.workflowservice.v1.CreateWorkerDeploymentVersionRequest
	(*UpdateWorkerDeploymentVersionComputeConfigRequest)(nil),    // 70: temporal.api.workflowservice.v1.UpdateWorkerDeploymentVersionComputeConfigRequest
	(*ValidateWorkerDeploymentVersionComputeConfigRequest)(nil),  // 71: temporal.api.workflowservice.v1.ValidateWorkerDeploymentVersionComputeConfigRequest
	(*UpdateWorkerDeploymentVersionMetadataRequest)(nil),         // 72: temporal.api.workflowservice.v1.UpdateWorkerDeploymentVersionMetadataRequest
	(*SetWorkerDeploymentManagerRequest)(nil),                    // 73: temporal.api.workflowservice.v1.SetWorkerDeploymentManagerRequest
	(*UpdateWorkflowExecutionRequest)(nil),                       // 74: temporal.api.workflowservice.v1.UpdateWorkflowExecutionRequest
	(*PollWorkflowExecutionUpdateRequest)(nil),                   // 75: temporal.api.workflowservice.v1.PollWorkflowExecutionUpdateRequest
	(*StartBatchOperationRequest)(nil),                           // 76: temporal.api.workflowservice.v1.StartBatchOperationRequest
	(*StopBatchOperationRequest)(nil),                            // 77: temporal.api.workflowservice.v1.StopBatchOperationRequest
	(*DescribeBatchOperationRequest)(nil),                        // 78: temporal.api.workflowservice.v1.DescribeBatchOperationRequest
	(*ListBatchOperationsRequest)(nil),                           // 79: temporal.api.workflowservice.v1.ListBatchOperationsRequest
	(*PollNexusTaskQueueRequest)(nil),                            // 80: temporal.api.workflowservice.v1.PollNexusTaskQueueRequest
	(*RespondNexusTaskCompletedRequest)(nil),                     // 81: temporal.api.workflowservice.v1.RespondNexusTaskCompletedRequest
	(*RespondNexusTaskFailedRequest)(nil),                        // 82: temporal.api.workflowservice.v1.RespondNexusTaskFailedRequest
	(*UpdateActivityOptionsRequest)(nil),                         // 83: temporal.api.workflowservice.v1.UpdateActivityOptionsRequest
	(*UpdateWorkflowExecutionOptionsRequest)(nil),                // 84: temporal.api.workflowservice.v1.UpdateWorkflowExecutionOptionsRequest
	(*PauseActivityRequest)(nil),                                 // 85: temporal.api.workflowservice.v1.PauseActivityRequest
	(*UnpauseActivityRequest)(nil),                               // 86: temporal.api.workflowservice.v1.UnpauseActivityRequest
	(*ResetActivityRequest)(nil),                                 // 87: temporal.api.workflowservice.v1.ResetActivityRequest
	(*CreateWorkflowRuleRequest)(nil),                            // 88: temporal.api.workflowservice.v1.CreateWorkflowRuleRequest
	(*DescribeWorkflowRuleRequest)(nil),                          // 89: temporal.api.workflowservice.v1.DescribeWorkflowRuleRequest
	(*DeleteWorkflowRuleRequest)(nil),                            // 90: temporal.api.workflowservice.v1.DeleteWorkflowRuleRequest
	(*ListWorkflowRulesRequest)(nil),                             // 91: temporal.api.workflowservice.v1.ListWorkflowRulesRequest
	(*TriggerWorkflowRuleRequest)(nil),                           // 92: temporal.api.workflowservice.v1.TriggerWorkflowRuleRequest
	(*RecordWorkerHeartbeatRequest)(nil),                         // 93: temporal.api.workflowservice.v1.RecordWorkerHeartbeatRequest
	(*ListWorkersRequest)(nil),                                   // 94: temporal.api.workflowservice.v1.ListWorkersRequest
	(*CountWorkersRequest)(nil),                                  // 95: temporal.api.workflowservice.v1.CountWorkersRequest
	(*UpdateTaskQueueConfigRequest)(nil),                         // 96: temporal.api.workflowservice.v1.UpdateTaskQueueConfigRequest
	(*FetchWorkerConfigRequest)(nil),                             // 97: temporal.api.workflowservice.v1.FetchWorkerConfigRequest
	(*UpdateWorkerConfigRequest)(nil),                            // 98: temporal.api.workflowservice.v1.UpdateWorkerConfigRequest
	(*DescribeWorkerRequest)(nil),                                // 99: temporal.api.workflowservice.v1.DescribeWorkerRequest
	(*PauseWorkflowExecutionRequest)(nil),                        // 100: temporal.api.workflowservice.v1.PauseWorkflowExecutionRequest
	(*UnpauseWorkflowExecutionRequest)(nil),                      // 101: temporal.api.workflowservice.v1.UnpauseWorkflowExecutionRequest
	(*StartActivityExecutionRequest)(nil),                        // 102: temporal.api.workflowservice.v1.StartActivityExecutionRequest
	(*StartNexusOperationExecutionRequest)(nil),                  // 103: temporal.api.workflowservice.v1.StartNexusOperationExecutionRequest
	(*DescribeActivityExecutionRequest)(nil),                     // 104: temporal.api.workflowservice.v1.DescribeActivityExecutionRequest
	(*DescribeNexusOperationExecutionRequest)(nil),               // 105: temporal.api.workflowservice.v1.DescribeNexusOperationExecutionRequest
	(*PollActivityExecutionRequest)(nil),                         // 106: temporal.api.workflowservice.v1.PollActivityExecutionRequest
	(*PollNexusOperationExecutionRequest)(nil),                   // 107: temporal.api.workflowservice.v1.PollNexusOperationExecutionRequest
	(*ListActivityExecutionsRequest)(nil),                        // 108: temporal.api.workflowservice.v1.ListActivityExecutionsRequest
	(*ListNexusOperationExecutionsRequest)(nil),                  // 109: temporal.api.workflowservice.v1.ListNexusOperationExecutionsRequest
	(*CountActivityExecutionsRequest)(nil),                       // 110: temporal.api.workflowservice.v1.CountActivityExecutionsRequest
	(*CountNexusOperationExecutionsRequest)(nil),                 // 111: temporal.api.workflowservice.v1.CountNexusOperationExecutionsRequest
	(*RequestCancelActivityExecutionRequest)(nil),                // 112: temporal.api.workflowservice.v1.RequestCancelActivityExecutionRequest
	(*RequestCancelNexusOperationExecutionRequest)(nil),          // 113: temporal.api.workflowservice.v1.RequestCancelNexusOperationExecutionRequest
	(*TerminateActivityExecutionRequest)(nil),                    // 114: temporal.api.workflowservice.v1.TerminateActivityExecutionRequest
	(*DeleteActivityExecutionRequest)(nil),                       // 115: temporal.api.workflowservice.v1.DeleteActivityExecutionRequest
	(*PauseActivityExecutionRequest)(nil),                        // 116: temporal.api.workflowservice.v1.PauseActivityExecutionRequest
	(*ResetActivityExecutionRequest)(nil),                        // 117: temporal.api.workflowservice.v1.ResetActivityExecutionRequest
	(*UnpauseActivityExecutionRequest)(nil),                      // 118: temporal.api.workflowservice.v1.UnpauseActivityExecutionRequest
	(*UpdateActivityExecutionOptionsRequest)(nil),                // 119: temporal.api.workflowservice.v1.UpdateActivityExecutionOptionsRequest
	(*TerminateNexusOperationExecutionRequest)(nil),              // 120: temporal.api.workflowservice.v1.TerminateNexusOperationExecutionRequest
	(*DeleteNexusOperationExecutionRequest)(nil),                 // 121: temporal.api.workflowservice.v1.DeleteNexusOperationExecutionRequest
	(*PollWorkflowExecutionTimeSkippingRequest)(nil),             // 122: temporal.api.workflowservice.v1.PollWorkflowExecutionTimeSkippingRequest
	(*RegisterNamespaceResponse)(nil),                            // 123: temporal.api.workflowservice.v1.RegisterNamespaceResponse
	(*DescribeNamespaceResponse)(nil),                            // 124: temporal.api.workflowservice.v1.DescribeNamespaceResponse
	(*ListNamespacesResponse)(nil),                               // 125: temporal.api.workflowservice.v1.ListNamespacesResponse
	(*UpdateNamespaceResponse)(nil),                              // 126: temporal.api.workflowservice.v1.UpdateNamespaceResponse
	(*DeprecateNamespaceResponse)(nil),                           // 127: temporal.api.workflowservice.v1.DeprecateNamespaceResponse
	(*StartWorkflowExecutionResponse)(nil),                       // 128: temporal.api.workflowservice.v1.StartWorkflowExecutionResponse
	(*ExecuteMultiOperationResponse)(nil),                        // 129: temporal.api.workflowservice.v1.ExecuteMultiOperationResponse
	(*GetWorkflowExecutionHistoryResponse)(nil),                  // 130: temporal.api.workflowservice.v1.GetWorkflowExecutionHistoryResponse
	(*GetWorkflowExecutionHistoryReverseResponse)(nil),           // 131: temporal.api.workflowservice.v1.GetWorkflowExecutionHistoryReverseResponse
	(*PollWorkflowTaskQueueResponse)(nil),                        // 132: temporal.api.workflowservice.v1.PollWorkflowTaskQueueResponse
	(*RespondWorkflowTaskCompletedResponse)(nil),                 // 133: temporal.api.workflowservice.v1.RespondWorkflowTaskCompletedResponse
	(*RespondWorkflowTaskFailedResponse)(nil),                    // 134: temporal.api.workflowservice.v1.RespondWorkflowTaskFailedResponse
	(*PollActivityTaskQueueResponse)(nil),                        // 135: temporal.api.workflowservice.v1.PollActivityTaskQueueResponse
	(*RecordActivityTaskHeartbeatResponse)(nil),                  // 136: temporal.api.workflowservice.v1.RecordActivityTaskHeartbeatResponse
	(*RecordActivityTaskHeartbeatByIdResponse)(nil),              // 137: temporal.api.workflowservice.v1.RecordActivityTaskHeartbeatByIdResponse
	(*RespondActivityTaskCompletedResponse)(nil),                 // 138: temporal.api.workflowservice.v1.RespondActivityTaskCompletedResponse
	(*RespondActivityTaskCompletedByIdResponse)(nil),             // 139: temporal.api.workflowservice.v1.RespondActivityTaskCompletedByIdResponse
	(*RespondActivityTaskFailedResponse)(nil),                    // 140: temporal.api.workflowservice.v1.RespondActivityTaskFailedResponse
	(*RespondActivityTaskFailedByIdResponse)(nil),                // 141: temporal.api.workflowservice.v1.RespondActivityTaskFailedByIdResponse
	(*RespondActivityTaskCanceledResponse)(nil),                  // 142: temporal.api.workflowservice.v1.RespondActivityTaskCanceledResponse
	(*RespondActivityTaskCanceledByIdResponse)(nil),              // 143: temporal.api.workflowservice.v1.RespondActivityTaskCanceledByIdResponse
	(*RequestCancelWorkflowExecutionResponse)(nil),               // 144: temporal.api.workflowservice.v1.RequestCancelWorkflowExecutionResponse
	(*SignalWorkflowExecutionResponse)(nil),                      // 145: temporal.api.workflowservice.v1.SignalWorkflowExecutionResponse
	(*SignalWithStartWorkflowExecutionResponse)(nil),             // 146: temporal.api.workflowservice.v1.SignalWithStartWorkflowExecutionResponse
	(*ResetWorkflowExecutionResponse)(nil),                       // 147: temporal.api.workflowservice.v1.ResetWorkflowExecutionResponse
	(*TerminateWorkflowExecutionResponse)(nil),                   // 148: temporal.api.workflowservice.v1.TerminateWorkflowExecutionResponse
	(*DeleteWorkflowExecutionResponse)(nil),                      // 149: temporal.api.workflowservice.v1.DeleteWorkflowExecutionResponse
	(*ListOpenWorkflowExecutionsResponse)(nil),                   // 150: temporal.api.workflowservice.v1.ListOpenWorkflowExecutionsResponse
	(*ListClosedWorkflowExecutionsResponse)(nil),                 // 151: temporal.api.workflowservice.v1.ListClosedWorkflowExecutionsResponse
	(*ListWorkflowExecutionsResponse)(nil),                       // 152: temporal.api.workflowservice.v1.ListWorkflowExecutionsResponse
	(*ListArchivedWorkflowExecutionsResponse)(nil),               // 153: temporal.api.workflowservice.v1.ListArchivedWorkflowExecutionsResponse
	(*ScanWorkflowExecutionsResponse)(nil),                       // 154: temporal.api.workflowservice.v1.ScanWorkflowExecutionsResponse
	(*CountWorkflowExecutionsResponse)(nil),                      // 155: temporal.api.workflowservice.v1.CountWorkflowExecutionsResponse
	(*GetSearchAttributesResponse)(nil),                          // 156: temporal.api.workflowservice.v1.GetSearchAttributesResponse
	(*RespondQueryTaskCompletedResponse)(nil),                    // 157: temporal.api.workflowservice.v1.RespondQueryTaskCompletedResponse
	(*ResetStickyTaskQueueResponse)(nil),                         // 158: temporal.api.workflowservice.v1.ResetStickyTaskQueueResponse
	(*ShutdownWorkerResponse)(nil),                               // 159: temporal.api.workflowservice.v1.ShutdownWorkerResponse
	(*QueryWorkflowResponse)(nil),                                // 160: temporal.api.workflowservice.v1.QueryWorkflowResponse
	(*DescribeWorkflowExecutionResponse)(nil),                    // 161: temporal.api.workflowservice.v1.DescribeWorkflowExecutionResponse
	(*DescribeTaskQueueResponse)(nil),                            // 162: temporal.api.workflowservice.v1.DescribeTaskQueueResponse
	(*GetClusterInfoResponse)(nil),                               // 163: temporal.api.workflowservice.v1.GetClusterInfoResponse
	(*GetSystemInfoResponse)(nil),                                // 164: temporal.api.workflowservice.v1.GetSystemInfoResponse
	(*ListTaskQueuePartitionsResponse)(nil),                      // 165: temporal.api.workflowservice.v1.ListTaskQueuePartitionsResponse
	(*CreateScheduleResponse)(nil),                               // 166: temporal.api.workflowservice.v1.CreateScheduleResponse
	(*DescribeScheduleResponse)(nil),                             // 167: temporal.api.workflowservice.v1.DescribeScheduleResponse
	(*UpdateScheduleResponse)(nil),                               // 168: temporal.api.workflowservice.v1.UpdateScheduleResponse
	(*PatchScheduleResponse)(nil),                                // 169: temporal.api.workflowservice.v1.PatchScheduleResponse
	(*ListScheduleMatchingTimesResponse)(nil),                    // 170: temporal.api.workflowservice.v1.ListScheduleMatchingTimesResponse
	(*DeleteScheduleResponse)(nil),                               // 171: temporal.api.workflowservice.v1.DeleteScheduleResponse
	(*ListSchedulesResponse)(nil),                                // 172: temporal.api.workflowservice.v1.ListSchedulesResponse
	(*CountSchedulesResponse)(nil),                               // 173: temporal.api.workflowservice.v1.CountSchedulesResponse
	(*UpdateWorkerBuildIdCompatibilityResponse)(nil),             // 174: temporal.api.workflowservice.v1.UpdateWorkerBuildIdCompatibilityResponse
	(*GetWorkerBuildIdCompatibilityResponse)(nil),                // 175: temporal.api.workflowservice.v1.GetWorkerBuildIdCompatibilityResponse
	(*UpdateWorkerVersioningRulesResponse)(nil),                  // 176: temporal.api.workflowservice.v1.UpdateWorkerVersioningRulesResponse
	(*GetWorkerVersioningRulesResponse)(nil),                     // 177: temporal.api.workflowservice.v1.GetWorkerVersioningRulesResponse
	(*GetWorkerTaskReachabilityResponse)(nil),                    // 178: temporal.api.workflowservice.v1.GetWorkerTaskReachabilityResponse
	(*DescribeDeploymentResponse)(nil),                           // 179: temporal.api.workflowservice.v1.DescribeDeploymentResponse
	(*DescribeWorkerDeploymentVersionResponse)(nil),              // 180: temporal.api.workflowservice.v1.DescribeWorkerDeploymentVersionResponse
	(*ListDeploymentsResponse)(nil),                              // 181: temporal.api.workflowservice.v1.ListDeploymentsResponse
	(*GetDeploymentReachabilityResponse)(nil),                    // 182: temporal.api.workflowservice.v1.GetDeploymentReachabilityResponse
	(*GetCurrentDeploymentResponse)(nil),                         // 183: temporal.api.workflowservice.v1.GetCurrentDeploymentResponse
	(*SetCurrentDeploymentResponse)(nil),                         // 184: temporal.api.workflowservice.v1.SetCurrentDeploymentResponse
	(*SetWorkerDeploymentCurrentVersionResponse)(nil),            // 185: temporal.api.workflowservice.v1.SetWorkerDeploymentCurrentVersionResponse
	(*DescribeWorkerDeploymentResponse)(nil),                     // 186: temporal.api.workflowservice.v1.DescribeWorkerDeploymentResponse
	(*DeleteWorkerDeploymentResponse)(nil),                       // 187: temporal.api.workflowservice.v1.DeleteWorkerDeploymentResponse
	(*DeleteWorkerDeploymentVersionResponse)(nil),                // 188: temporal.api.workflowservice.v1.DeleteWorkerDeploymentVersionResponse
	(*SetWorkerDeploymentRampingVersionResponse)(nil),            // 189: temporal.api.workflowservice.v1.SetWorkerDeploymentRampingVersionResponse
	(*ListWorkerDeploymentsResponse)(nil),                        // 190: temporal.api.workflowservice.v1.ListWorkerDeploymentsResponse
	(*CreateWorkerDeploymentResponse)(nil),                       // 191: temporal.api.workflowservice.v1.CreateWorkerDeploymentResponse
	(*CreateWorkerDeploymentVersionResponse)(nil),                // 192: temporal.api.workflowservice.v1.CreateWorkerDeploymentVersionResponse
	(*UpdateWorkerDeploymentVersionComputeConfigResponse)(nil),   // 193: temporal.api.workflowservice.v1.UpdateWorkerDeploymentVersionComputeConfigResponse
	(*ValidateWorkerDeploymentVersionComputeConfigResponse)(nil), // 194: temporal.api.workflowservice.v1.ValidateWorkerDeploymentVersionComputeConfigResponse
	(*UpdateWorkerDeploymentVersionMetadataResponse)(nil),        // 195: temporal.api.workflowservice.v1.UpdateWorkerDeploymentVersionMetadataResponse
	(*SetWorkerDeploymentManagerResponse)(nil),                   // 196: temporal.api.workflowservice.v1.SetWorkerDeploymentManagerResponse
	(*UpdateWorkflowExecutionResponse)(nil),                      // 197: temporal.api.workflowservice.v1.UpdateWorkflowExecutionResponse
	(*PollWorkflowExecutionUpdateResponse)(nil),                  // 198: temporal.api.workflowservice.v1.PollWorkflowExecutionUpdateResponse
	(*StartBatchOperationResponse)(nil),                          // 199: temporal.api.workflowservice.v1.StartBatchOperationResponse
	(*StopBatchOperationResponse)(nil),                           // 200: temporal.api.workflowservice.v1.StopBatchOperationResponse
	(*DescribeBatchOperationResponse)(nil),                       // 201: temporal.api.workflowservice.v1.DescribeBatchOperationResponse
	(*ListBatchOperationsResponse)(nil),                          // 202: temporal.api.workflowservice.v1.ListBatchOperationsResponse
	(*PollNexusTaskQueueResponse)(nil),                           // 203: temporal.api.workflowservice.v1.PollNexusTaskQueueResponse
	(*RespondNexusTaskCompletedResponse)(nil),                    // 204: temporal.api.workflowservice.v1.RespondNexusTaskCompletedResponse
	(*RespondNexusTaskFailedResponse)(nil),                       // 205: temporal.api.workflowservice.v1.RespondNexusTaskFailedResponse
	(*UpdateActivityOptionsResponse)(nil),                        // 206: temporal.api.workflowservice.v1.UpdateActivityOptionsResponse
	(*UpdateWorkflowExecutionOptionsResponse)(nil),               // 207: temporal.api.workflowservice.v1.UpdateWorkflowExecutionOptionsResponse
	(*PauseActivityResponse)(nil),                                // 208: temporal.api.workflowservice.v1.PauseActivityResponse
	(*UnpauseActivityResponse)(nil),                              // 209: temporal.api.workflowservice.v1.UnpauseActivityResponse
	(*ResetActivityResponse)(nil),                                // 210: temporal.api.workflowservice.v1.ResetActivityResponse
	(*CreateWorkflowRuleResponse)(nil),                           // 211: temporal.api.workflowservice.v1.CreateWorkflowRuleResponse
	(*DescribeWorkflowRuleResponse)(nil),                         // 212: temporal.api.workflowservice.v1.DescribeWorkflowRuleResponse
	(*DeleteWorkflowRuleResponse)(nil),                           // 213: temporal.api.workflowservice.v1.DeleteWorkflowRuleResponse
	(*ListWorkflowRulesResponse)(nil),                            // 214: temporal.api.workflowservice.v1.ListWorkflowRulesResponse
	(*TriggerWorkflowRuleResponse)(nil),                          // 215: temporal.api.workflowservice.v1.TriggerWorkflowRuleResponse
	(*RecordWorkerHeartbeatResponse)(nil),                        // 216: temporal.api.workflowservice.v1.RecordWorkerHeartbeatResponse
	(*ListWorkersResponse)(nil),                                  // 217: temporal.api.workflowservice.v1.ListWorkersResponse
	(*CountWorkersResponse)(nil),                                 // 218: temporal.api.workflowservice.v1.CountWorkersResponse
	(*UpdateTaskQueueConfigResponse)(nil),                        // 219: temporal.api.workflowservice.v1.UpdateTaskQueueConfigResponse
	(*FetchWorkerConfigResponse)(nil),                            // 220: temporal.api.workflowservice.v1.FetchWorkerConfigResponse
	(*UpdateWorkerConfigResponse)(nil),                           // 221: temporal.api.workflowservice.v1.UpdateWorkerConfigResponse
	(*DescribeWorkerResponse)(nil),                               // 222: temporal.api.workflowservice.v1.DescribeWorkerResponse
	(*PauseWorkflowExecutionResponse)(nil),                       // 223: temporal.api.workflowservice.v1.PauseWorkflowExecutionResponse
	(*UnpauseWorkflowExecutionResponse)(nil),                     // 224: temporal.api.workflowservice.v1.UnpauseWorkflowExecutionResponse
	(*StartActivityExecutionResponse)(nil),                       // 225: temporal.api.workflowservice.v1.StartActivityExecutionResponse
	(*StartNexusOperationExecutionResponse)(nil),                 // 226: temporal.api.workflowservice.v1.StartNexusOperationExecutionResponse
	(*DescribeActivityExecutionResponse)(nil),                    // 227: temporal.api.workflowservice.v1.DescribeActivityExecutionResponse
	(*DescribeNexusOperationExecutionResponse)(nil),              // 228: temporal.api.workflowservice.v1.DescribeNexusOperationExecutionResponse
	(*PollActivityExecutionResponse)(nil),                        // 229: temporal.api.workflowservice.v1.PollActivityExecutionResponse
	(*PollNexusOperationExecutionResponse)(nil),                  // 230: temporal.api.workflowservice.v1.PollNexusOperationExecutionResponse
	(*ListActivityExecutionsResponse)(nil),                       // 231: temporal.api.workflowservice.v1.ListActivityExecutionsResponse
	(*ListNexusOperationExecutionsResponse)(nil),                 // 232: temporal.api.workflowservice.v1.ListNexusOperationExecutionsResponse
	(*CountActivityExecutionsResponse)(nil),                      // 233: temporal.api.workflowservice.v1.CountActivityExecutionsResponse
	(*CountNexusOperationExecutionsResponse)(nil),                // 234: temporal.api.workflowservice.v1.CountNexusOperationExecutionsResponse
	(*RequestCancelActivityExecutionResponse)(nil),               // 235: temporal.api.workflowservice.v1.RequestCancelActivityExecutionResponse
	(*RequestCancelNexusOperationExecutionResponse)(nil),         // 236: temporal.api.workflowservice.v1.RequestCancelNexusOperationExecutionResponse
	(*TerminateActivityExecutionResponse)(nil),                   // 237: temporal.api.workflowservice.v1.TerminateActivityExecutionResponse
	(*DeleteActivityExecutionResponse)(nil),                      // 238: temporal.api.workflowservice.v1.DeleteActivityExecutionResponse
	(*PauseActivityExecutionResponse)(nil),                       // 239: temporal.api.workflowservice.v1.PauseActivityExecutionResponse
	(*ResetActivityExecutionResponse)(nil),                       // 240: temporal.api.workflowservice.v1.ResetActivityExecutionResponse
	(*UnpauseActivityExecutionResponse)(nil),                     // 241: temporal.api.workflowservice.v1.UnpauseActivityExecutionResponse
	(*UpdateActivityExecutionOptionsResponse)(nil),               // 242: temporal.api.workflowservice.v1.UpdateActivityExecutionOptionsResponse
	(*TerminateNexusOperationExecutionResponse)(nil),             // 243: temporal.api.workflowservice.v1.TerminateNexusOperationExecutionResponse
	(*DeleteNexusOperationExecutionResponse)(nil),                // 244: temporal.api.workflowservice.v1.DeleteNexusOperationExecutionResponse
	(*PollWorkflowExecutionTimeSkippingResponse)(nil),            // 245: temporal.api.workflowservice.v1.PollWorkflowExecutionTimeSkippingResponse
}
var file_temporal_api_workflowservice_v1_service_proto_depIdxs = []int32{
	0,   // 0: temporal.api.workflowservice.v1.WorkflowService.RegisterNamespace:input_type -> temporal.api.workflowservice.v1.RegisterNamespaceRequest
	1,   // 1: temporal.api.workflowservice.v1.WorkflowService.DescribeNamespace:input_type -> temporal.api.workflowservice.v1.DescribeNamespaceRequest
	2,   // 2: temporal.api.workflowservice.v1.WorkflowService.ListNamespaces:input_type -> temporal.api.workflowservice.v1.ListNamespacesRequest
	3,   // 3: temporal.api.workflowservice.v1.WorkflowService.UpdateNamespace:input_type -> temporal.api.workflowservice.v1.UpdateNamespaceRequest
	4,   // 4: temporal.api.workflowservice.v1.WorkflowService.DeprecateNamespace:input_type -> temporal.api.workflowservice.v1.DeprecateNamespaceRequest
	5,   // 5: temporal.api.workflowservice.v1.WorkflowService.StartWorkflowExecution:input_type -> temporal.api.workflowservice.v1.StartWorkflowExecutionRequest
	6,   // 6: temporal.api.workflowservice.v1.WorkflowService.ExecuteMultiOperation:input_type -> temporal.api.workflowservice.v1.ExecuteMultiOperationRequest
	7,   // 7: temporal.api.workflowservice.v1.WorkflowService.GetWorkflowExecutionHistory:input_type -> temporal.api.workflowservice.v1.GetWorkflowExecutionHistoryRequest
	8,   // 8: temporal.api.workflowservice.v1.WorkflowService.GetWorkflowExecutionHistoryReverse:input_type -> temporal.api.workflowservice.v1.GetWorkflowExecutionHistoryReverseRequest
	9,   // 9: temporal.api.workflowservice.v1.WorkflowService.PollWorkflowTaskQueue:input_type -> temporal.api.workflowservice.v1.PollWorkflowTaskQueueRequest
	10,  // 10: temporal.api.workflowservice.v1.WorkflowService.RespondWorkflowTaskCompleted:input_type -> temporal.api.workflowservice.v1.RespondWorkflowTaskCompletedRequest
	11,  // 11: temporal.api.workflowservice.v1.WorkflowService.RespondWorkflowTaskFailed:input_type -> temporal.api.workflowservice.v1.RespondWorkflowTaskFailedRequest
	12,  // 12: temporal.api.workflowservice.v1.WorkflowService.PollActivityTaskQueue:input_type -> temporal.api.workflowservice.v1.PollActivityTaskQueueRequest
	13,  // 13: temporal.api.workflowservice.v1.WorkflowService.RecordActivityTaskHeartbeat:input_type -> temporal.api.workflowservice.v1.RecordActivityTaskHeartbeatRequest
	14,  // 14: temporal.api.workflowservice.v1.WorkflowService.RecordActivityTaskHeartbeatById:input_type -> temporal.api.workflowservice.v1.RecordActivityTaskHeartbeatByIdRequest
	15,  // 15: temporal.api.workflowservice.v1.WorkflowService.RespondActivityTaskCompleted:input_type -> temporal.api.workflowservice.v1.RespondActivityTaskCompletedRequest
	16,  // 16: temporal.api.workflowservice.v1.WorkflowService.RespondActivityTaskCompletedById:input_type -> temporal.api.workflowservice.v1.RespondActivityTaskCompletedByIdRequest
	17,  // 17: temporal.api.workflowservice.v1.WorkflowService.RespondActivityTaskFailed:input_type -> temporal.api.workflowservice.v1.RespondActivityTaskFailedRequest
	18,  // 18: temporal.api.workflowservice.v1.WorkflowService.RespondActivityTaskFailedById:input_type -> temporal.api.workflowservice.v1.RespondActivityTaskFailedByIdRequest
	19,  // 19: temporal.api.workflowservice.v1.WorkflowService.RespondActivityTaskCanceled:input_type -> temporal.api.workflowservice.v1.RespondActivityTaskCanceledRequest
	20,  // 20: temporal.api.workflowservice.v1.WorkflowService.RespondActivityTaskCanceledById:input_type -> temporal.api.workflowservice.v1.RespondActivityTaskCanceledByIdRequest
	21,  // 21: temporal.api.workflowservice.v1.WorkflowService.RequestCancelWorkflowExecution:input_type -> temporal.api.workflowservice.v1.RequestCancelWorkflowExecutionRequest
	22,  // 22: temporal.api.workflowservice.v1.WorkflowService.SignalWorkflowExecution:input_type -> temporal.api.workflowservice.v1.SignalWorkflowExecutionRequest
	23,  // 23: temporal.api.workflowservice.v1.WorkflowService.SignalWithStartWorkflowExecution:input_type -> temporal.api.workflowservice.v1.SignalWithStartWorkflowExecutionRequest
	24,  // 24: temporal.api.workflowservice.v1.WorkflowService.ResetWorkflowExecution:input_type -> temporal.api.workflowservice.v1.ResetWorkflowExecutionRequest
	25,  // 25: temporal.api.workflowservice.v1.WorkflowService.TerminateWorkflowExecution:input_type -> temporal.api.workflowservice.v1.TerminateWorkflowExecutionRequest
	26,  // 26: temporal.api.workflowservice.v1.WorkflowService.DeleteWorkflowExecution:input_type -> temporal.api.workflowservice.v1.DeleteWorkflowExecutionRequest
	27,  // 27: temporal.api.workflowservice.v1.WorkflowService.ListOpenWorkflowExecutions:input_type -> temporal.api.workflowservice.v1.ListOpenWorkflowExecutionsRequest
	28,  // 28: temporal.api.workflowservice.v1.WorkflowService.ListClosedWorkflowExecutions:input_type -> temporal.api.workflowservice.v1.ListClosedWorkflowExecutionsRequest
	29,  // 29: temporal.api.workflowservice.v1.WorkflowService.ListWorkflowExecutions:input_type -> temporal.api.workflowservice.v1.ListWorkflowExecutionsRequest
	30,  // 30: temporal.api.workflowservice.v1.WorkflowService.ListArchivedWorkflowExecutions:input_type -> temporal.api.workflowservice.v1.ListArchivedWorkflowExecutionsRequest
	31,  // 31: temporal.api.workflowservice.v1.WorkflowService.ScanWorkflowExecutions:input_type -> temporal.api.workflowservice.v1.ScanWorkflowExecutionsRequest
	32,  // 32: temporal.api.workflowservice.v1.WorkflowService.CountWorkflowExecutions:input_type -> temporal.api.workflowservice.v1.CountWorkflowExecutionsRequest
	33,  // 33: temporal.api.workflowservice.v1.WorkflowService.GetSearchAttributes:input_type -> temporal.api.workflowservice.v1.GetSearchAttributesRequest
	34,  // 34: temporal.api.workflowservice.v1.WorkflowService.RespondQueryTaskCompleted:input_type -> temporal.api.workflowservice.v1.RespondQueryTaskCompletedRequest
	35,  // 35: temporal.api.workflowservice.v1.WorkflowService.ResetStickyTaskQueue:input_type -> temporal.api.workflowservice.v1.ResetStickyTaskQueueRequest
	36,  // 36: temporal.api.workflowservice.v1.WorkflowService.ShutdownWorker:input_type -> temporal.api.workflowservice.v1.ShutdownWorkerRequest
	37,  // 37: temporal.api.workflowservice.v1.WorkflowService.QueryWorkflow:input_type -> temporal.api.workflowservice.v1.QueryWorkflowRequest
	38,  // 38: temporal.api.workflowservice.v1.WorkflowService.DescribeWorkflowExecution:input_type -> temporal.api.workflowservice.v1.DescribeWorkflowExecutionRequest
	39,  // 39: temporal.api.workflowservice.v1.WorkflowService.DescribeTaskQueue:input_type -> temporal.api.workflowservice.v1.DescribeTaskQueueRequest
	40,  // 40: temporal.api.workflowservice.v1.WorkflowService.GetClusterInfo:input_type -> temporal.api.workflowservice.v1.GetClusterInfoRequest
	41,  // 41: temporal.api.workflowservice.v1.WorkflowService.GetSystemInfo:input_type -> temporal.api.workflowservice.v1.GetSystemInfoRequest
	42,  // 42: temporal.api.workflowservice.v1.WorkflowService.ListTaskQueuePartitions:input_type -> temporal.api.workflowservice.v1.ListTaskQueuePartitionsRequest
	43,  // 43: temporal.api.workflowservice.v1.WorkflowService.CreateSchedule:input_type -> temporal.api.workflowservice.v1.CreateScheduleRequest
	44,  // 44: temporal.api.workflowservice.v1.WorkflowService.DescribeSchedule:input_type -> temporal.api.workflowservice.v1.DescribeScheduleRequest
	45,  // 45: temporal.api.workflowservice.v1.WorkflowService.UpdateSchedule:input_type -> temporal.api.workflowservice.v1.UpdateScheduleRequest
	46,  // 46: temporal.api.workflowservice.v1.WorkflowService.PatchSchedule:input_type -> temporal.api.workflowservice.v1.PatchScheduleRequest
	47,  // 47: temporal.api.workflowservice.v1.WorkflowService.ListScheduleMatchingTimes:input_type -> temporal.api.workflowservice.v1.ListScheduleMatchingTimesRequest
	48,  // 48: temporal.api.workflowservice.v1.WorkflowService.DeleteSchedule:input_type -> temporal.api.workflowservice.v1.DeleteScheduleRequest
	49,  // 49: temporal.api.workflowservice.v1.WorkflowService.ListSchedules:input_type -> temporal.api.workflowservice.v1.ListSchedulesRequest
	50,  // 50: temporal.api.workflowservice.v1.WorkflowService.CountSchedules:input_type -> temporal.api.workflowservice.v1.CountSchedulesRequest
	51,  // 51: temporal.api.workflowservice.v1.WorkflowService.UpdateWorkerBuildIdCompatibility:input_type -> temporal.api.workflowservice.v1.UpdateWorkerBuildIdCompatibilityRequest
	52,  // 52: temporal.api.workflowservice.v1.WorkflowService.GetWorkerBuildIdCompatibility:input_type -> temporal.api.workflowservice.v1.GetWorkerBuildIdCompatibilityRequest
	53,  // 53: temporal.api.workflowservice.v1.WorkflowService.UpdateWorkerVersioningRules:input_type -> temporal.api.workflowservice.v1.UpdateWorkerVersioningRulesRequest
	54,  // 54: temporal.api.workflowservice.v1.WorkflowService.GetWorkerVersioningRules:input_type -> temporal.api.workflowservice.v1.GetWorkerVersioningRulesRequest
	55,  // 55: temporal.api.workflowservice.v1.WorkflowService.GetWorkerTaskReachability:input_type -> temporal.api.workflowservice.v1.GetWorkerTaskReachabilityRequest
	56,  // 56: temporal.api.workflowservice.v1.WorkflowService.DescribeDeployment:input_type -> temporal.api.workflowservice.v1.DescribeDeploymentRequest
	57,  // 57: temporal.api.workflowservice.v1.WorkflowService.DescribeWorkerDeploymentVersion:input_type -> temporal.api.workflowservice.v1.DescribeWorkerDeploymentVersionRequest
	58,  // 58: temporal.api.workflowservice.v1.WorkflowService.ListDeployments:input_type -> temporal.api.workflowservice.v1.ListDeploymentsRequest
	59,  // 59: temporal.api.workflowservice.v1.WorkflowService.GetDeploymentReachability:input_type -> temporal.api.workflowservice.v1.GetDeploymentReachabilityRequest
	60,  // 60: temporal.api.workflowservice.v1.WorkflowService.GetCurrentDeployment:input_type -> temporal.api.workflowservice.v1.GetCurrentDeploymentRequest
	61,  // 61: temporal.api.workflowservice.v1.WorkflowService.SetCurrentDeployment:input_type -> temporal.api.workflowservice.v1.SetCurrentDeploymentRequest
	62,  // 62: temporal.api.workflowservice.v1.WorkflowService.SetWorkerDeploymentCurrentVersion:input_type -> temporal.api.workflowservice.v1.SetWorkerDeploymentCurrentVersionRequest
	63,  // 63: temporal.api.workflowservice.v1.WorkflowService.DescribeWorkerDeployment:input_type -> temporal.api.workflowservice.v1.DescribeWorkerDeploymentRequest
	64,  // 64: temporal.api.workflowservice.v1.WorkflowService.DeleteWorkerDeployment:input_type -> temporal.api.workflowservice.v1.DeleteWorkerDeploymentRequest
	65,  // 65: temporal.api.workflowservice.v1.WorkflowService.DeleteWorkerDeploymentVersion:input_type -> temporal.api.workflowservice.v1.DeleteWorkerDeploymentVersionRequest
	66,  // 66: temporal.api.workflowservice.v1.WorkflowService.SetWorkerDeploymentRampingVersion:input_type -> temporal.api.workflowservice.v1.SetWorkerDeploymentRampingVersionRequest
	67,  // 67: temporal.api.workflowservice.v1.WorkflowService.ListWorkerDeployments:input_type -> temporal.api.workflowservice.v1.ListWorkerDeploymentsRequest
	68,  // 68: temporal.api.workflowservice.v1.WorkflowService.CreateWorkerDeployment:input_type -> temporal.api.workflowservice.v1.CreateWorkerDeploymentRequest
	69,  // 69: temporal.api.workflowservice.v1.WorkflowService.CreateWorkerDeploymentVersion:input_type -> temporal.api.workflowservice.v1.CreateWorkerDeploymentVersionRequest
	70,  // 70: temporal.api.workflowservice.v1.WorkflowService.UpdateWorkerDeploymentVersionComputeConfig:input_type -> temporal.api.workflowservice.v1.UpdateWorkerDeploymentVersionComputeConfigRequest
	71,  // 71: temporal.api.workflowservice.v1.WorkflowService.ValidateWorkerDeploymentVersionComputeConfig:input_type -> temporal.api.workflowservice.v1.ValidateWorkerDeploymentVersionComputeConfigRequest
	72,  // 72: temporal.api.workflowservice.v1.WorkflowService.UpdateWorkerDeploymentVersionMetadata:input_type -> temporal.api.workflowservice.v1.UpdateWorkerDeploymentVersionMetadataRequest
	73,  // 73: temporal.api.workflowservice.v1.WorkflowService.SetWorkerDeploymentManager:input_type -> temporal.api.workflowservice.v1.SetWorkerDeploymentManagerRequest
	74,  // 74: temporal.api.workflowservice.v1.WorkflowService.UpdateWorkflowExecution:input_type -> temporal.api.workflowservice.v1.UpdateWorkflowExecutionRequest
	75,  // 75: temporal.api.workflowservice.v1.WorkflowService.PollWorkflowExecutionUpdate:input_type -> temporal.api.workflowservice.v1.PollWorkflowExecutionUpdateRequest
	76,  // 76: temporal.api.workflowservice.v1.WorkflowService.StartBatchOperation:input_type -> temporal.api.workflowservice.v1.StartBatchOperationRequest
	77,  // 77: temporal.api.workflowservice.v1.WorkflowService.StopBatchOperation:input_type -> temporal.api.workflowservice.v1.StopBatchOperationRequest
	78,  // 78: temporal.api.workflowservice.v1.WorkflowService.DescribeBatchOperation:input_type -> temporal.api.workflowservice.v1.DescribeBatchOperationRequest
	79,  // 79: temporal.api.workflowservice.v1.WorkflowService.ListBatchOperations:input_type -> temporal.api.workflowservice.v1.ListBatchOperationsRequest
	80,  // 80: temporal.api.workflowservice.v1.WorkflowService.PollNexusTaskQueue:input_type -> temporal.api.workflowservice.v1.PollNexusTaskQueueRequest
	81,  // 81: temporal.api.workflowservice.v1.WorkflowService.RespondNexusTaskCompleted:input_type -> temporal.api.workflowservice.v1.RespondNexusTaskCompletedRequest
	82,  // 82: temporal.api.workflowservice.v1.WorkflowService.RespondNexusTaskFailed:input_type -> temporal.api.workflowservice.v1.RespondNexusTaskFailedRequest
	83,  // 83: temporal.api.workflowservice.v1.WorkflowService.UpdateActivityOptions:input_type -> temporal.api.workflowservice.v1.UpdateActivityOptionsRequest
	84,  // 84: temporal.api.workflowservice.v1.WorkflowService.UpdateWorkflowExecutionOptions:input_type -> temporal.api.workflowservice.v1.UpdateWorkflowExecutionOptionsRequest
	85,  // 85: temporal.api.workflowservice.v1.WorkflowService.PauseActivity:input_type -> temporal.api.workflowservice.v1.PauseActivityRequest
	86,  // 86: temporal.api.workflowservice.v1.WorkflowService.UnpauseActivity:input_type -> temporal.api.workflowservice.v1.UnpauseActivityRequest
	87,  // 87: temporal.api.workflowservice.v1.WorkflowService.ResetActivity:input_type -> temporal.api.workflowservice.v1.ResetActivityRequest
	88,  // 88: temporal.api.workflowservice.v1.WorkflowService.CreateWorkflowRule:input_type -> temporal.api.workflowservice.v1.CreateWorkflowRuleRequest
	89,  // 89: temporal.api.workflowservice.v1.WorkflowService.DescribeWorkflowRule:input_type -> temporal.api.workflowservice.v1.DescribeWorkflowRuleRequest
	90,  // 90: temporal.api.workflowservice.v1.WorkflowService.DeleteWorkflowRule:input_type -> temporal.api.workflowservice.v1.DeleteWorkflowRuleRequest
	91,  // 91: temporal.api.workflowservice.v1.WorkflowService.ListWorkflowRules:input_type -> temporal.api.workflowservice.v1.ListWorkflowRulesRequest
	92,  // 92: temporal.api.workflowservice.v1.WorkflowService.TriggerWorkflowRule:input_type -> temporal.api.workflowservice.v1.TriggerWorkflowRuleRequest
	93,  // 93: temporal.api.workflowservice.v1.WorkflowService.RecordWorkerHeartbeat:input_type -> temporal.api.workflowservice.v1.RecordWorkerHeartbeatRequest
	94,  // 94: temporal.api.workflowservice.v1.WorkflowService.ListWorkers:input_type -> temporal.api.workflowservice.v1.ListWorkersRequest
	95,  // 95: temporal.api.workflowservice.v1.WorkflowService.CountWorkers:input_type -> temporal.api.workflowservice.v1.CountWorkersRequest
	96,  // 96: temporal.api.workflowservice.v1.WorkflowService.UpdateTaskQueueConfig:input_type -> temporal.api.workflowservice.v1.UpdateTaskQueueConfigRequest
	97,  // 97: temporal.api.workflowservice.v1.WorkflowService.FetchWorkerConfig:input_type -> temporal.api.workflowservice.v1.FetchWorkerConfigRequest
	98,  // 98: temporal.api.workflowservice.v1.WorkflowService.UpdateWorkerConfig:input_type -> temporal.api.workflowservice.v1.UpdateWorkerConfigRequest
	99,  // 99: temporal.api.workflowservice.v1.WorkflowService.DescribeWorker:input_type -> temporal.api.workflowservice.v1.DescribeWorkerRequest
	100, // 100: temporal.api.workflowservice.v1.WorkflowService.PauseWorkflowExecution:input_type -> temporal.api.workflowservice.v1.PauseWorkflowExecutionRequest
	101, // 101: temporal.api.workflowservice.v1.WorkflowService.UnpauseWorkflowExecution:input_type -> temporal.api.workflowservice.v1.UnpauseWorkflowExecutionRequest
	102, // 102: temporal.api.workflowservice.v1.WorkflowService.StartActivityExecution:input_type -> temporal.api.workflowservice.v1.StartActivityExecutionRequest
	103, // 103: temporal.api.workflowservice.v1.WorkflowService.StartNexusOperationExecution:input_type -> temporal.api.workflowservice.v1.StartNexusOperationExecutionRequest
	104, // 104: temporal.api.workflowservice.v1.WorkflowService.DescribeActivityExecution:input_type -> temporal.api.workflowservice.v1.DescribeActivityExecutionRequest
	105, // 105: temporal.api.workflowservice.v1.WorkflowService.DescribeNexusOperationExecution:input_type -> temporal.api.workflowservice.v1.DescribeNexusOperationExecutionRequest
	106, // 106: temporal.api.workflowservice.v1.WorkflowService.PollActivityExecution:input_type -> temporal.api.workflowservice.v1.PollActivityExecutionRequest
	107, // 107: temporal.api.workflowservice.v1.WorkflowService.PollNexusOperationExecution:input_type -> temporal.api.workflowservice.v1.PollNexusOperationExecutionRequest
	108, // 108: temporal.api.workflowservice.v1.WorkflowService.ListActivityExecutions:input_type -> temporal.api.workflowservice.v1.ListActivityExecutionsRequest
	109, // 109: temporal.api.workflowservice.v1.WorkflowService.ListNexusOperationExecutions:input_type -> temporal.api.workflowservice.v1.ListNexusOperationExecutionsRequest
	110, // 110: temporal.api.workflowservice.v1.WorkflowService.CountActivityExecutions:input_type -> temporal.api.workflowservice.v1.CountActivityExecutionsRequest
	111, // 111: temporal.api.workflowservice.v1.WorkflowService.CountNexusOperationExecutions:input_type -> temporal.api.workflowservice.v1.CountNexusOperationExecutionsRequest
	112, // 112: temporal.api.workflowservice.v1.WorkflowService.RequestCancelActivityExecution:input_type -> temporal.api.workflowservice.v1.RequestCancelActivityExecutionRequest
	113, // 113: temporal.api.workflowservice.v1.WorkflowService.RequestCancelNexusOperationExecution:input_type -> temporal.api.workflowservice.v1.RequestCancelNexusOperationExecutionRequest
	114, // 114: temporal.api.workflowservice.v1.WorkflowService.TerminateActivityExecution:input_type -> temporal.api.workflowservice.v1.TerminateActivityExecutionRequest
	115, // 115: temporal.api.workflowservice.v1.WorkflowService.DeleteActivityExecution:input_type -> temporal.api.workflowservice.v1.DeleteActivityExecutionRequest
	116, // 116: temporal.api.workflowservice.v1.WorkflowService.PauseActivityExecution:input_type -> temporal.api.workflowservice.v1.PauseActivityExecutionRequest
	117, // 117: temporal.api.workflowservice.v1.WorkflowService.ResetActivityExecution:input_type -> temporal.api.workflowservice.v1.ResetActivityExecutionRequest
	118, // 118: temporal.api.workflowservice.v1.WorkflowService.UnpauseActivityExecution:input_type -> temporal.api.workflowservice.v1.UnpauseActivityExecutionRequest
	119, // 119: temporal.api.workflowservice.v1.WorkflowService.UpdateActivityExecutionOptions:input_type -> temporal.api.workflowservice.v1.UpdateActivityExecutionOptionsRequest
	120, // 120: temporal.api.workflowservice.v1.WorkflowService.TerminateNexusOperationExecution:input_type -> temporal.api.workflowservice.v1.TerminateNexusOperationExecutionRequest
	121, // 121: temporal.api.workflowservice.v1.WorkflowService.DeleteNexusOperationExecution:input_type -> temporal.api.workflowservice.v1.DeleteNexusOperationExecutionRequest
	122, // 122: temporal.api.workflowservice.v1.WorkflowService.PollWorkflowExecutionTimeSkipping:input_type -> temporal.api.workflowservice.v1.PollWorkflowExecutionTimeSkippingRequest
	123, // 123: temporal.api.workflowservice.v1.WorkflowService.RegisterNamespace:output_type -> temporal.api.workflowservice.v1.RegisterNamespaceResponse
	124, // 124: temporal.api.workflowservice.v1.WorkflowService.DescribeNamespace:output_type -> temporal.api.workflowservice.v1.DescribeNamespaceResponse
	125, // 125: temporal.api.workflowservice.v1.WorkflowService.ListNamespaces:output_type -> temporal.api.workflowservice.v1.ListNamespacesResponse
	126, // 126: temporal.api.workflowservice.v1.WorkflowService.UpdateNamespace:output_type -> temporal.api.workflowservice.v1.UpdateNamespaceResponse
	127, // 127: temporal.api.workflowservice.v1.WorkflowService.DeprecateNamespace:output_type -> temporal.api.workflowservice.v1.DeprecateNamespaceResponse
	128, // 128: temporal.api.workflowservice.v1.WorkflowService.StartWorkflowExecution:output_type -> temporal.api.workflowservice.v1.StartWorkflowExecutionResponse
	129, // 129: temporal.api.workflowservice.v1.WorkflowService.ExecuteMultiOperation:output_type -> temporal.api.workflowservice.v1.ExecuteMultiOperationResponse
	130, // 130: temporal.api.workflowservice.v1.WorkflowService.GetWorkflowExecutionHistory:output_type -> temporal.api.workflowservice.v1.GetWorkflowExecutionHistoryResponse
	131, // 131: temporal.api.workflowservice.v1.WorkflowService.GetWorkflowExecutionHistoryReverse:output_type -> temporal.api.workflowservice.v1.GetWorkflowExecutionHistoryReverseResponse
	132, // 132: temporal.api.workflowservice.v1.WorkflowService.PollWorkflowTaskQueue:output_type -> temporal.api.workflowservice.v1.PollWorkflowTaskQueueResponse
	133, // 133: temporal.api.workflowservice.v1.WorkflowService.RespondWorkflowTaskCompleted:output_type -> temporal.api.workflowservice.v1.RespondWorkflowTaskCompletedResponse
	134, // 134: temporal.api.workflowservice.v1.WorkflowService.RespondWorkflowTaskFailed:output_type -> temporal.api.workflowservice.v1.RespondWorkflowTaskFailedResponse
	135, // 135: temporal.api.workflowservice.v1.WorkflowService.PollActivityTaskQueue:output_type -> temporal.api.workflowservice.v1.PollActivityTaskQueueResponse
	136, // 136: temporal.api.workflowservice.v1.WorkflowService.RecordActivityTaskHeartbeat:output_type -> temporal.api.workflowservice.v1.RecordActivityTaskHeartbeatResponse
	137, // 137: temporal.api.workflowservice.v1.WorkflowService.RecordActivityTaskHeartbeatById:output_type -> temporal.api.workflowservice.v1.RecordActivityTaskHeartbeatByIdResponse
	138, // 138: temporal.api.workflowservice.v1.WorkflowService.RespondActivityTaskCompleted:output_type -> temporal.api.workflowservice.v1.RespondActivityTaskCompletedResponse
	139, // 139: temporal.api.workflowservice.v1.WorkflowService.RespondActivityTaskCompletedById:output_type -> temporal.api.workflowservice.v1.RespondActivityTaskCompletedByIdResponse
	140, // 140: temporal.api.workflowservice.v1.WorkflowService.RespondActivityTaskFailed:output_type -> temporal.api.workflowservice.v1.RespondActivityTaskFailedResponse
	141, // 141: temporal.api.workflowservice.v1.WorkflowService.RespondActivityTaskFailedById:output_type -> temporal.api.workflowservice.v1.RespondActivityTaskFailedByIdResponse
	142, // 142: temporal.api.workflowservice.v1.WorkflowService.RespondActivityTaskCanceled:output_type -> temporal.api.workflowservice.v1.RespondActivityTaskCanceledResponse
	143, // 143: temporal.api.workflowservice.v1.WorkflowService.RespondActivityTaskCanceledById:output_type -> temporal.api.workflowservice.v1.RespondActivityTaskCanceledByIdResponse
	144, // 144: temporal.api.workflowservice.v1.WorkflowService.RequestCancelWorkflowExecution:output_type -> temporal.api.workflowservice.v1.RequestCancelWorkflowExecutionResponse
	145, // 145: temporal.api.workflowservice.v1.WorkflowService.SignalWorkflowExecution:output_type -> temporal.api.workflowservice.v1.SignalWorkflowExecutionResponse
	146, // 146: temporal.api.workflowservice.v1.WorkflowService.SignalWithStartWorkflowExecution:output_type -> temporal.api.workflowservice.v1.SignalWithStartWorkflowExecutionResponse
	147, // 147: temporal.api.workflowservice.v1.WorkflowService.ResetWorkflowExecution:output_type -> temporal.api.workflowservice.v1.ResetWorkflowExecutionResponse
	148, // 148: temporal.api.workflowservice.v1.WorkflowService.TerminateWorkflowExecution:output_type -> temporal.api.workflowservice.v1.TerminateWorkflowExecutionResponse
	149, // 149: temporal.api.workflowservice.v1.WorkflowService.DeleteWorkflowExecution:output_type -> temporal.api.workflowservice.v1.DeleteWorkflowExecutionResponse
	150, // 150: temporal.api.workflowservice.v1.WorkflowService.ListOpenWorkflowExecutions:output_type -> temporal.api.workflowservice.v1.ListOpenWorkflowExecutionsResponse
	151, // 151: temporal.api.workflowservice.v1.WorkflowService.ListClosedWorkflowExecutions:output_type -> temporal.api.workflowservice.v1.ListClosedWorkflowExecutionsResponse
	152, // 152: temporal.api.workflowservice.v1.WorkflowService.ListWorkflowExecutions:output_type -> temporal.api.workflowservice.v1.ListWorkflowExecutionsResponse
	153, // 153: temporal.api.workflowservice.v1.WorkflowService.ListArchivedWorkflowExecutions:output_type -> temporal.api.workflowservice.v1.ListArchivedWorkflowExecutionsResponse
	154, // 154: temporal.api.workflowservice.v1.WorkflowService.ScanWorkflowExecutions:output_type -> temporal.api.workflowservice.v1.ScanWorkflowExecutionsResponse
	155, // 155: temporal.api.workflowservice.v1.WorkflowService.CountWorkflowExecutions:output_type -> temporal.api.workflowservice.v1.CountWorkflowExecutionsResponse
	156, // 156: temporal.api.workflowservice.v1.WorkflowService.GetSearchAttributes:output_type -> temporal.api.workflowservice.v1.GetSearchAttributesResponse
	157, // 157: temporal.api.workflowservice.v1.WorkflowService.RespondQueryTaskCompleted:output_type -> temporal.api.workflowservice.v1.RespondQueryTaskCompletedResponse
	158, // 158: temporal.api.workflowservice.v1.WorkflowService.ResetStickyTaskQueue:output_type -> temporal.api.workflowservice.v1.ResetStickyTaskQueueResponse
	159, // 159: temporal.api.workflowservice.v1.WorkflowService.ShutdownWorker:output_type -> temporal.api.workflowservice.v1.ShutdownWorkerResponse
	160, // 160: temporal.api.workflowservice.v1.WorkflowService.QueryWorkflow:output_type -> temporal.api.workflowservice.v1.QueryWorkflowResponse
	161, // 161: temporal.api.workflowservice.v1.WorkflowService.DescribeWorkflowExecution:output_type -> temporal.api.workflowservice.v1.DescribeWorkflowExecutionResponse
	162, // 162: temporal.api.workflowservice.v1.WorkflowService.DescribeTaskQueue:output_type -> temporal.api.workflowservice.v1.DescribeTaskQueueResponse
	163, // 163: temporal.api.workflowservice.v1.WorkflowService.GetClusterInfo:output_type -> temporal.api.workflowservice.v1.GetClusterInfoResponse
	164, // 164: temporal.api.workflowservice.v1.WorkflowService.GetSystemInfo:output_type -> temporal.api.workflowservice.v1.GetSystemInfoResponse
	165, // 165: temporal.api.workflowservice.v1.WorkflowService.ListTaskQueuePartitions:output_type -> temporal.api.workflowservice.v1.ListTaskQueuePartitionsResponse
	166, // 166: temporal.api.workflowservice.v1.WorkflowService.CreateSchedule:output_type -> temporal.api.workflowservice.v1.CreateScheduleResponse
	167, // 167: temporal.api.workflowservice.v1.WorkflowService.DescribeSchedule:output_type -> temporal.api.workflowservice.v1.DescribeScheduleResponse
	168, // 168: temporal.api.workflowservice.v1.WorkflowService.UpdateSchedule:output_type -> temporal.api.workflowservice.v1.UpdateScheduleResponse
	169, // 169: temporal.api.workflowservice.v1.WorkflowService.PatchSchedule:output_type -> temporal.api.workflowservice.v1.PatchScheduleResponse
	170, // 170: temporal.api.workflowservice.v1.WorkflowService.ListScheduleMatchingTimes:output_type -> temporal.api.workflowservice.v1.ListScheduleMatchingTimesResponse
	171, // 171: temporal.api.workflowservice.v1.WorkflowService.DeleteSchedule:output_type -> temporal.api.workflowservice.v1.DeleteScheduleResponse
	172, // 172: temporal.api.workflowservice.v1.WorkflowService.ListSchedules:output_type -> temporal.api.workflowservice.v1.ListSchedulesResponse
	173, // 173: temporal.api.workflowservice.v1.WorkflowService.CountSchedules:output_type -> temporal.api.workflowservice.v1.CountSchedulesResponse
	174, // 174: temporal.api.workflowservice.v1.WorkflowService.UpdateWorkerBuildIdCompatibility:output_type -> temporal.api.workflowservice.v1.UpdateWorkerBuildIdCompatibilityResponse
	175, // 175: temporal.api.workflowservice.v1.WorkflowService.GetWorkerBuildIdCompatibility:output_type -> temporal.api.workflowservice.v1.GetWorkerBuildIdCompatibilityResponse
	176, // 176: temporal.api.workflowservice.v1.WorkflowService.UpdateWorkerVersioningRules:output_type -> temporal.api.workflowservice.v1.UpdateWorkerVersioningRulesResponse
	177, // 177: temporal.api.workflowservice.v1.WorkflowService.GetWorkerVersioningRules:output_type -> temporal.api.workflowservice.v1.GetWorkerVersioningRulesResponse
	178, // 178: temporal.api.workflowservice.v1.WorkflowService.GetWorkerTaskReachability:output_type -> temporal.api.workflowservice.v1.GetWorkerTaskReachabilityResponse
	179, // 179: temporal.api.workflowservice.v1.WorkflowService.DescribeDeployment:output_type -> temporal.api.workflowservice.v1.DescribeDeploymentResponse
	180, // 180: temporal.api.workflowservice.v1.WorkflowService.DescribeWorkerDeploymentVersion:output_type -> temporal.api.workflowservice.v1.DescribeWorkerDeploymentVersionResponse
	181, // 181: temporal.api.workflowservice.v1.WorkflowService.ListDeployments:output_type -> temporal.api.workflowservice.v1.ListDeploymentsResponse
	182, // 182: temporal.api.workflowservice.v1.WorkflowService.GetDeploymentReachability:output_type -> temporal.api.workflowservice.v1.GetDeploymentReachabilityResponse
	183, // 183: temporal.api.workflowservice.v1.WorkflowService.GetCurrentDeployment:output_type -> temporal.api.workflowservice.v1.GetCurrentDeploymentResponse
	184, // 184: temporal.api.workflowservice.v1.WorkflowService.SetCurrentDeployment:output_type -> temporal.api.workflowservice.v1.SetCurrentDeploymentResponse
	185, // 185: temporal.api.workflowservice.v1.WorkflowService.SetWorkerDeploymentCurrentVersion:output_type -> temporal.api.workflowservice.v1.SetWorkerDeploymentCurrentVersionResponse
	186, // 186: temporal.api.workflowservice.v1.WorkflowService.DescribeWorkerDeployment:output_type -> temporal.api.workflowservice.v1.DescribeWorkerDeploymentResponse
	187, // 187: temporal.api.workflowservice.v1.WorkflowService.DeleteWorkerDeployment:output_type -> temporal.api.workflowservice.v1.DeleteWorkerDeploymentResponse
	188, // 188: temporal.api.workflowservice.v1.WorkflowService.DeleteWorkerDeploymentVersion:output_type -> temporal.api.workflowservice.v1.DeleteWorkerDeploymentVersionResponse
	189, // 189: temporal.api.workflowservice.v1.WorkflowService.SetWorkerDeploymentRampingVersion:output_type -> temporal.api.workflowservice.v1.SetWorkerDeploymentRampingVersionResponse
	190, // 190: temporal.api.workflowservice.v1.WorkflowService.ListWorkerDeployments:output_type -> temporal.api.workflowservice.v1.ListWorkerDeploymentsResponse
	191, // 191: temporal.api.workflowservice.v1.WorkflowService.CreateWorkerDeployment:output_type -> temporal.api.workflowservice.v1.CreateWorkerDeploymentResponse
	192, // 192: temporal.api.workflowservice.v1.WorkflowService.CreateWorkerDeploymentVersion:output_type -> temporal.api.workflowservice.v1.CreateWorkerDeploymentVersionResponse
	193, // 193: temporal.api.workflowservice.v1.WorkflowService.UpdateWorkerDeploymentVersionComputeConfig:output_type -> temporal.api.workflowservice.v1.UpdateWorkerDeploymentVersionComputeConfigResponse
	194, // 194: temporal.api.workflowservice.v1.WorkflowService.ValidateWorkerDeploymentVersionComputeConfig:output_type -> temporal.api.workflowservice.v1.ValidateWorkerDeploymentVersionComputeConfigResponse
	195, // 195: temporal.api.workflowservice.v1.WorkflowService.UpdateWorkerDeploymentVersionMetadata:output_type -> temporal.api.workflowservice.v1.UpdateWorkerDeploymentVersionMetadataResponse
	196, // 196: temporal.api.workflowservice.v1.WorkflowService.SetWorkerDeploymentManager:output_type -> temporal.api.workflowservice.v1.SetWorkerDeploymentManagerResponse
	197, // 197: temporal.api.workflowservice.v1.WorkflowService.UpdateWorkflowExecution:output_type -> temporal.api.workflowservice.v1.UpdateWorkflowExecutionResponse
	198, // 198: temporal.api.workflowservice.v1.WorkflowService.PollWorkflowExecutionUpdate:output_type -> temporal.api.workflowservice.v1.PollWorkflowExecutionUpdateResponse
	199, // 199: temporal.api.workflowservice.v1.WorkflowService.StartBatchOperation:output_type -> temporal.api.workflowservice.v1.StartBatchOperationResponse
	200, // 200: temporal.api.workflowservice.v1.WorkflowService.StopBatchOperation:output_type -> temporal.api.workflowservice.v1.StopBatchOperationResponse
	201, // 201: temporal.api.workflowservice.v1.WorkflowService.DescribeBatchOperation:output_type -> temporal.api.workflowservice.v1.DescribeBatchOperationResponse
	202, // 202: temporal.api.workflowservice.v1.WorkflowService.ListBatchOperations:output_type -> temporal.api.workflowservice.v1.ListBatchOperationsResponse
	203, // 203: temporal.api.workflowservice.v1.WorkflowService.PollNexusTaskQueue:output_type -> temporal.api.workflowservice.v1.PollNexusTaskQueueResponse
	204, // 204: temporal.api.workflowservice.v1.WorkflowService.RespondNexusTaskCompleted:output_type -> temporal.api.workflowservice.v1.RespondNexusTaskCompletedResponse
	205, // 205: temporal.api.workflowservice.v1.WorkflowService.RespondNexusTaskFailed:output_type -> temporal.api.workflowservice.v1.RespondNexusTaskFailedResponse
	206, // 206: temporal.api.workflowservice.v1.WorkflowService.UpdateActivityOptions:output_type -> temporal.api.workflowservice.v1.UpdateActivityOptionsResponse
	207, // 207: temporal.api.workflowservice.v1.WorkflowService.UpdateWorkflowExecutionOptions:output_type -> temporal.api.workflowservice.v1.UpdateWorkflowExecutionOptionsResponse
	208, // 208: temporal.api.workflowservice.v1.WorkflowService.PauseActivity:output_type -> temporal.api.workflowservice.v1.PauseActivityResponse
	209, // 209: temporal.api.workflowservice.v1.WorkflowService.UnpauseActivity:output_type -> temporal.api.workflowservice.v1.UnpauseActivityResponse
	210, // 210: temporal.api.workflowservice.v1.WorkflowService.ResetActivity:output_type -> temporal.api.workflowservice.v1.ResetActivityResponse
	211, // 211: temporal.api.workflowservice.v1.WorkflowService.CreateWorkflowRule:output_type -> temporal.api.workflowservice.v1.CreateWorkflowRuleResponse
	212, // 212: temporal.api.workflowservice.v1.WorkflowService.DescribeWorkflowRule:output_type -> temporal.api.workflowservice.v1.DescribeWorkflowRuleResponse
	213, // 213: temporal.api.workflowservice.v1.WorkflowService.DeleteWorkflowRule:output_type -> temporal.api.workflowservice.v1.DeleteWorkflowRuleResponse
	214, // 214: temporal.api.workflowservice.v1.WorkflowService.ListWorkflowRules:output_type -> temporal.api.workflowservice.v1.ListWorkflowRulesResponse
	215, // 215: temporal.api.workflowservice.v1.WorkflowService.TriggerWorkflowRule:output_type -> temporal.api.workflowservice.v1.TriggerWorkflowRuleResponse
	216, // 216: temporal.api.workflowservice.v1.WorkflowService.RecordWorkerHeartbeat:output_type -> temporal.api.workflowservice.v1.RecordWorkerHeartbeatResponse
	217, // 217: temporal.api.workflowservice.v1.WorkflowService.ListWorkers:output_type -> temporal.api.workflowservice.v1.ListWorkersResponse
	218, // 218: temporal.api.workflowservice.v1.WorkflowService.CountWorkers:output_type -> temporal.api.workflowservice.v1.CountWorkersResponse
	219, // 219: temporal.api.workflowservice.v1.WorkflowService.UpdateTaskQueueConfig:output_type -> temporal.api.workflowservice.v1.UpdateTaskQueueConfigResponse
	220, // 220: temporal.api.workflowservice.v1.WorkflowService.FetchWorkerConfig:output_type -> temporal.api.workflowservice.v1.FetchWorkerConfigResponse
	221, // 221: temporal.api.workflowservice.v1.WorkflowService.UpdateWorkerConfig:output_type -> temporal.api.workflowservice.v1.UpdateWorkerConfigResponse
	222, // 222: temporal.api.workflowservice.v1.WorkflowService.DescribeWorker:output_type -> temporal.api.workflowservice.v1.DescribeWorkerResponse
	223, // 223: temporal.api.workflowservice.v1.WorkflowService.PauseWorkflowExecution:output_type -> temporal.api.workflowservice.v1.PauseWorkflowExecutionResponse
	224, // 224: temporal.api.workflowservice.v1.WorkflowService.UnpauseWorkflowExecution:output_type -> temporal.api.workflowservice.v1.UnpauseWorkflowExecutionResponse
	225, // 225: temporal.api.workflowservice.v1.WorkflowService.StartActivityExecution:output_type -> temporal.api.workflowservice.v1.StartActivityExecutionResponse
	226, // 226: temporal.api.workflowservice.v1.WorkflowService.StartNexusOperationExecution:output_type -> temporal.api.workflowservice.v1.StartNexusOperationExecutionResponse
	227, // 227: temporal.api.workflowservice.v1.WorkflowService.DescribeActivityExecution:output_type -> temporal.api.workflowservice.v1.DescribeActivityExecutionResponse
	228, // 228: temporal.api.workflowservice.v1.WorkflowService.DescribeNexusOperationExecution:output_type -> temporal.api.workflowservice.v1.DescribeNexusOperationExecutionResponse
	229, // 229: temporal.api.workflowservice.v1.WorkflowService.PollActivityExecution:output_type -> temporal.api.workflowservice.v1.PollActivityExecutionResponse
	230, // 230: temporal.api.workflowservice.v1.WorkflowService.PollNexusOperationExecution:output_type -> temporal.api.workflowservice.v1.PollNexusOperationExecutionResponse
	231, // 231: temporal.api.workflowservice.v1.WorkflowService.ListActivityExecutions:output_type -> temporal.api.workflowservice.v1.ListActivityExecutionsResponse
	232, // 232: temporal.api.workflowservice.v1.WorkflowService.ListNexusOperationExecutions:output_type -> temporal.api.workflowservice.v1.ListNexusOperationExecutionsResponse
	233, // 233: temporal.api.workflowservice.v1.WorkflowService.CountActivityExecutions:output_type -> temporal.api.workflowservice.v1.CountActivityExecutionsResponse
	234, // 234: temporal.api.workflowservice.v1.WorkflowService.CountNexusOperationExecutions:output_type -> temporal.api.workflowservice.v1.CountNexusOperationExecutionsResponse
	235, // 235: temporal.api.workflowservice.v1.WorkflowService.RequestCancelActivityExecution:output_type -> temporal.api.workflowservice.v1.RequestCancelActivityExecutionResponse
	236, // 236: temporal.api.workflowservice.v1.WorkflowService.RequestCancelNexusOperationExecution:output_type -> temporal.api.workflowservice.v1.RequestCancelNexusOperationExecutionResponse
	237, // 237: temporal.api.workflowservice.v1.WorkflowService.TerminateActivityExecution:output_type -> temporal.api.workflowservice.v1.TerminateActivityExecutionResponse
	238, // 238: temporal.api.workflowservice.v1.WorkflowService.DeleteActivityExecution:output_type -> temporal.api.workflowservice.v1.DeleteActivityExecutionResponse
	239, // 239: temporal.api.workflowservice.v1.WorkflowService.PauseActivityExecution:output_type -> temporal.api.workflowservice.v1.PauseActivityExecutionResponse
	240, // 240: temporal.api.workflowservice.v1.WorkflowService.ResetActivityExecution:output_type -> temporal.api.workflowservice.v1.ResetActivityExecutionResponse
	241, // 241: temporal.api.workflowservice.v1.WorkflowService.UnpauseActivityExecution:output_type -> temporal.api.workflowservice.v1.UnpauseActivityExecutionResponse
	242, // 242: temporal.api.workflowservice.v1.WorkflowService.UpdateActivityExecutionOptions:output_type -> temporal.api.workflowservice.v1.UpdateActivityExecutionOptionsResponse
	243, // 243: temporal.api.workflowservice.v1.WorkflowService.TerminateNexusOperationExecution:output_type -> temporal.api.workflowservice.v1.TerminateNexusOperationExecutionResponse
	244, // 244: temporal.api.workflowservice.v1.WorkflowService.DeleteNexusOperationExecution:output_type -> temporal.api.workflowservice.v1.DeleteNexusOperationExecutionResponse
	245, // 245: temporal.api.workflowservice.v1.WorkflowService.PollWorkflowExecutionTimeSkipping:output_type -> temporal.api.workflowservice.v1.PollWorkflowExecutionTimeSkippingResponse
	123, // [123:246] is the sub-list for method output_type
	0,   // [0:123] is the sub-list for method input_type
	0,   // [0:0] is the sub-list for extension type_name
	0,   // [0:0] is the sub-list for extension extendee
	0,   // [0:0] is the sub-list for field type_name
}

func init() { file_temporal_api_workflowservice_v1_service_proto_init() }
func file_temporal_api_workflowservice_v1_service_proto_init() {
	if File_temporal_api_workflowservice_v1_service_proto != nil {
		return
	}
	file_temporal_api_workflowservice_v1_request_response_proto_init()
	type x struct{}
	out := protoimpl.TypeBuilder{
		File: protoimpl.DescBuilder{
			GoPackagePath: reflect.TypeOf(x{}).PkgPath(),
			RawDescriptor: file_temporal_api_workflowservice_v1_service_proto_rawDesc,
			NumEnums:      0,
			NumMessages:   0,
			NumExtensions: 0,
			NumServices:   1,
		},
		GoTypes:           file_temporal_api_workflowservice_v1_service_proto_goTypes,
		DependencyIndexes: file_temporal_api_workflowservice_v1_service_proto_depIdxs,
	}.Build()
	File_temporal_api_workflowservice_v1_service_proto = out.File
	file_temporal_api_workflowservice_v1_service_proto_rawDesc = nil
	file_temporal_api_workflowservice_v1_service_proto_goTypes = nil
	file_temporal_api_workflowservice_v1_service_proto_depIdxs = nil
}
